documento_id,documento_textual_id,proposicao,proposicao_id,tipo_documento,unidade_autora,data_documento,BRB,Master,Vorcaro,ementa_proposicao,autores_proposicao,sha256_corpo,endpoint_fonte,evidencia_local,trecho
291828,288190,REQ 1934/2025,151763,Requerimento,GAB DEP PAULA BELMONTE,2025-03-31T11:06:20,1,1,0,Requer o CONVITE do Presidente do Banco de Brasília - BRB para comparecer à Câmara Legislativa do Distrito Federal para explicar e debater a compra de parte das ações do Banco Master.  ,Deputada Paula Belmonte,4a414014ece92d6301671a5b4f645abb36506f663764f4794252c73127ee83a9,https://ple.cl.df.gov.br/pleservico/api/public/proposicao/151763/documento/ativas,data/raw/documento-ativas/d11847a502435be1.json,"CÂMARA LEGISLATIVA DO DISTRITO FEDERAL Gabinete da Deputada Paula Belmonte - Gab 22 Requerimento Nº, DE 2025 (Autoria: Deputada PAULA BELMONTE) Requer o CONVITE do Presidente do Banco de Brasília - BRB para comparecer à Câmara Legislativa do Distrito Federal para explicar e debater a compra de parte das ações do Banco Master. Excelentíssimo Senhor Presidente da Câmara Legislativa do Distrito Federal: Em conformidade com o art. 142, II c/c art. 255, I e §1º"
291871,288379,REQ 1937/2025,151772,Requerimento,GAB DEP RICARDO VALE,2025-03-31T17:09:42,1,1,0,"Requer a convocação do presidente do Banco de Brasília S.A (BRB), senhor Paulo Henrique Rodrigues Costa",Deputado Ricardo Vale; Deputado Chico Vigilante; Deputado Gabriel Magno,b1448260db32463b4700cc67364b06409452db9e89936fb5fb63a0e05e4e77de,https://ple.cl.df.gov.br/pleservico/api/public/proposicao/151772/documento/ativas,data/raw/documento-ativas/222ba65d5b21dcd2.json,"CÂMARA LEGISLATIVA DO DISTRITO FEDERAL Gabinete do Deputado Ricardo Vale - Gab 13 Requerimento Nº, DE 2025 (Autoria: Deputados Ricardo Vale, Chico Vigilante e Gabriel Magno) Requer a convocação do Presidente do Banco de Brasília S.A (BRB), senhor Paulo Henrique Rodrigues Costa para prestar informações a esta Casa. Excelentíssimo Senhor Presidente da Câmara Legislativa do Distrito Federal: Requeremos, nos termos do art. 60, XIV da Lei Orgânica do Distrito Federal e art. 255, I, do Regimento In"
291968,288588,REQ 1938/2025,151794,Requerimento,GAB DEP GABRIEL MAGNO,2025-04-01T15:24:34,1,1,0,Requer ao Banco de Brasília o encaminhamento de informações sobre os atos e fatos relacionados ao Fato Relevante da Operação junto ao Banco Master.,Deputado Gabriel Magno,420caca34809daf40c63eaa0401f3caf954891782443a454661b41d1ce0fb181,https://ple.cl.df.gov.br/pleservico/api/public/proposicao/151794/documento/ativas,data/raw/documento-ativas/41cd5ffa5405c51e.json,"março de 2025 (doc. 01) da operação junto ao Banco Master. JUSTIFICAÇÃO Com vistas a fomentar o pleno e adequado exercício do controle externo, requer-se cópia integral de todos os atos e fatos relacionados ao Fato Relevante da aquisição do Banco Master pelo BRB, não se limitando a, mas principalmente: a) pareceres jurídicos internos e externos; b) documentos que comprovem o atendimento do art. 159 da Lei Orgânica do Distrito Federal; c) atas do Conselho de Administração que aprovaram a operação; d) plano de negóci"
292532,290951,REQ 1965/2025,151905,Requerimento,GAB DEP FÁBIO FÉLIX,2025-04-07T17:58:49,1,1,1,Requer ao Presidente do BRB S.A. informações a respeito da aquisição do Banco Master,Deputado Fábio Felix,fbde74cab24a31aa6e2875f194f41c7a2fdbce10a41b40a3b3e2384e674fa0b5,https://ple.cl.df.gov.br/pleservico/api/public/proposicao/151905/documento/ativas,data/raw/documento-ativas/19417b81d021dc96.json,"CÂMARA LEGISLATIVA DO DISTRITO FEDERAL Gabinete do Deputado Fábio Félix - Gab 24 Requerimento Nº, DE 2025 (Autoria: Deputado Fábio Felix) Requer ao Presidente do BRB informações a respeito da aquisição do Banco Master. Excelentíssimo Senhor Presidente da Câmara Legislativa do Distrito Federal Requeiro, nos termos do art. 41 do RICLDF, seja encaminhado ao Presidente do BRB S.A., o presente requerimento de informações, a re"
295083,296668,REQ 2000/2025,152369,Requerimento,GAB DEP PAULA BELMONTE,2025-05-06T13:33:10,1,1,0,Requer informações ao Presidente do Banco de Brasília sobre a aquisição do Banco Master. ,Deputada Paula Belmonte,d0eeb08d584fa1a8b9b864135cb3672cc2e0276eb6f9276d1d0ef4597681a148,https://ple.cl.df.gov.br/pleservico/api/public/proposicao/152369/documento/ativas,data/raw/documento-ativas/57099ca6bf1ac186.json,"o de Brasília sobre a aquisição do Banco Master. Excelentíssimo Senhor Presidente da Câmara Legislativa do Distrito Federal: Requeiro, nos termos do art. 41 do RICLDF, encaminhamento do presente requerimento de informações ao Presidente do Bando de Brasília - BRB S.A, para esclarecimento da operação de aquisição de participação no Banco Master e demais atos correlatos de gestão estratégica, quanto aos seguintes pontos: 1. Participação societária e controle acionário Como o BRB justifica o investimento de R$ 2 bilhõ"
295110,296728,REQ 2001/2025,152374,Requerimento,GAB DEP PAULA BELMONTE,2025-05-06T14:44:01,1,1,0,Requer informações ao Presidente do Banco de Brasília sobre a aquisição do Banco Master. ,Deputada Paula Belmonte,c6bcb4ef1ad92a47a094022f25625ba508b2e15e724508f39cf2fe2b973ebfec,https://ple.cl.df.gov.br/pleservico/api/public/proposicao/152374/documento/ativas,data/raw/documento-ativas/3a4035e2da770c29.json,"o de Brasília sobre a aquisição do Banco Master. Excelentíssimo Senhor Presidente da Câmara Legislativa do Distrito Federal: Requeiro, nos termos do art. 41 do RICLDF, encaminhamento do presente requerimento de informações ao Presidente do Banco de Brasília - BRB S.A, para esclarecimento da operação de aquisição de participação no Banco Master e demais atos correlatos de gestão estratégica, quanto aos seguintes pontos: 1. Participação societária e controle acionário Como o BRB justifica o investimento de R$ 2 bilhõ"
295826,299668,REQ 2028/2025,152481,Requerimento,GAB DEP PAULA BELMONTE,2025-05-12T15:19:34,1,1,0,Requer informações ao Banco de Brasília (BRB S.A.) acerca das políticas de desenvolvimento implementadas nos últimos cinco anos no âmbito do Distrito Federal.,Deputada Paula Belmonte,ad87d71ec92d32bd025e47ff57b1c2ade0a5462260f5de374a24f5f922fe8cef,https://ple.cl.df.gov.br/pleservico/api/public/proposicao/152481/documento/ativas,data/raw/documento-ativas/5c8259fe0de8c560.json,"CÂMARA LEGISLATIVA DO DISTRITO FEDERAL Gabinete da Deputada Paula Belmonte - Gab 22 Requerimento Nº, DE 2025 (Da Senhora Deputada PAULA BELMONTE) Requer informações ao Banco de Brasília (BRB S.A) acerca das políticas de desenvolvimento econômico e social implementadas nos últimos cinco anos no âmbito do Distrito Federal. Excelentíssimo Senhor Presidente da Câmara Legislativa do Distrito Federal: Requer, nos termos do art. 42, do Regimento Interno"
306139,316922,REQ 2189/2025,153759,Requerimento,GAB DEP PAULA BELMONTE,2025-08-13T20:48:20,1,1,0,Requer a CONVOCAÇÃO do Presidente do Banco de Brasília - BRB para comparecer à Câmara Legislativa do Distrito Federal para explicar e debater a compra de parte das ações do Banco Master após a decisão proferida em 13 de agosto de 2025 pela 7ª Turma Cível do Tribunal de Justiça do Distrito Federal e ,Deputada Paula Belmonte,67a18c03ff5469ee1606a241c9ef3cd2e807f97f94f98d3fa440785f93fb985b,https://ple.cl.df.gov.br/pleservico/api/public/proposicao/153759/documento/ativas,data/raw/documento-ativas/e6407035ccfbfc32.json,"CÂMARA LEGISLATIVA DO DISTRITO FEDERAL Gabinete da Deputada Paula Belmonte - Gab 22 Requerimento Nº, DE 2025 (Autoria: Deputada PAULA BELMONTE) Requer a CONVOCAÇÃO do Presidente do Banco de Brasília - BRB para comparecer à Câmara Legislativa do Distrito Federal para explicar e debater a compra de parte das ações do Banco Master após a decisão proferida em 13 de agosto de 2025 pela 7ª Turma Cível do Tribunal de Justiça do Distrito Federal e Territórios. Excelen"
306332,317330,PL 1882/2025,153779,Emenda,GAB DEP RICARDO VALE,2025-08-18T09:46:10,1,1,0,"Autoriza o BRB - Banco de Brasília a adquirir participação em instituições financeiras sediadas no Brasil e no exterior, empresas com atividades próprias ou complementares às do setor financeiro, inclusive no ramo de tecnologia da informação (TI) e empresas com objetos sociais relacionados às ativid",Poder Executivo,82dcc1da5bd34f35c65626158ff5238a0fbe1da7166f6f860fc0b6cbe443c407,https://ple.cl.df.gov.br/pleservico/api/public/proposicao/153779/documento/ativas,data/raw/documento-ativas/a91cdb16a2fb033b.json,"CÂMARA LEGISLATIVA DO DISTRITO FEDERAL Gabinete do Deputado Ricardo Vale - Gab 13 emenda SUbSTITUTIVA (Autoria: Bancada do Partido dos Trabalhadores) Emenda ao Projeto de Lei nº 1882/2025, que “Autoriza o BRB - Banco de Brasília a adquirir participação em instituições financeiras sediadas no Brasil e no exterior, empresas com atividades próprias ou complementares às do setor financeiro, inclusive no ramo de tecnologia da informação (TI) e empresas com objetos soci"
306465,318020,PL 1882/2025,153779,Emenda,BPPSOL-PSB,2025-08-18T18:05:14,1,0,0,"Autoriza o BRB - Banco de Brasília a adquirir participação em instituições financeiras sediadas no Brasil e no exterior, empresas com atividades próprias ou complementares às do setor financeiro, inclusive no ramo de tecnologia da informação (TI) e empresas com objetos sociais relacionados às ativid",Poder Executivo,7faa6f4842407e899104be2746af99ba7adffa46bcd9ed283c21442e30be27e1,https://ple.cl.df.gov.br/pleservico/api/public/proposicao/153779/documento/ativas,data/raw/documento-ativas/a91cdb16a2fb033b.json,"CÂMARA LEGISLATIVA DO DISTRITO FEDERAL Bloco Parlamentar PSOL-PSB emenda ADITIVA (Autoria: Bloco Parlamentar PSOL-PSB e outros) Emenda ao Projeto de Lei nº 1882/2025, que “Autoriza o BRB - Banco de Brasília a adquirir participação em instituições financeiras sediadas no Brasil e no exterior, empresas com atividades próprias ou complementares às do setor financeiro, inclusive no ramo de tecnologia da informação (TI) e empresas com objetos soci"
306467,317620,PL 1882/2025,153779,Emenda,BPPSOL-PSB,2025-08-18T18:09:42,1,1,0,"Autoriza o BRB - Banco de Brasília a adquirir participação em instituições financeiras sediadas no Brasil e no exterior, empresas com atividades próprias ou complementares às do setor financeiro, inclusive no ramo de tecnologia da informação (TI) e empresas com objetos sociais relacionados às ativid",Poder Executivo,3cf7dcbe5e97c67d16570c47eba7f25c0f4c33cda299ebac1115b86d032799f3,https://ple.cl.df.gov.br/pleservico/api/public/proposicao/153779/documento/ativas,data/raw/documento-ativas/a91cdb16a2fb033b.json,"CÂMARA LEGISLATIVA DO DISTRITO FEDERAL Bloco Parlamentar PSOL-PSB emenda ADITIVA (Bloco PSOL-PSB) Emenda ao Projeto de Lei nº 1882/2025, que “Autoriza o BRB - Banco de Brasília a adquirir participação em instituições financeiras sediadas no Brasil e no exterior, empresas com atividades próprias ou complementares às do setor financeiro, inclusive no ramo de tecnologia da informação (TI) e empresas com objetos soci"
306568,317882,REQ 2199/2025,153841,Requerimento,GAB DEP GABRIEL MAGNO,2025-08-19T12:48:52,1,1,0,"Requer a Tramitação do Projeto de Lei 1.182/2025, que “Autoriza o BRB - Banco de Brasília a adquirir participação em instituições financeiras sediadas no Brasil e no exterior, empresas com atividades próprias ou complementares às do setor financeiro, inclusive no ramo de tecnologia da informação (TI",Deputado Gabriel Magno,e558b070c4a85e05922ee2d67b80abfc10b8d995d617a3a0a066e10acc392c67,https://ple.cl.df.gov.br/pleservico/api/public/proposicao/153841/documento/ativas,data/raw/documento-ativas/e908a310657eedfc.json,"CÂMARA LEGISLATIVA DO DISTRITO FEDERAL Gabinete do Deputado Gabriel Magno - Gab 16 Requerimento Nº, DE 2025 (Autoria: Deputado Gabriel Magno) Requer a Tramitação do Projeto de Lei 1.182/2025, que “Autoriza o BRB - Banco de Brasília a adquirir participação em instituições financeiras sediadas no Brasil e no exterior, empresas com atividades próprias ou complementares às do setor financeiro, inclusive no ramo de tecnologia da informação (TI) e empresas com objetos soci"
306583,317944,PL 1882/2025,153779,Emenda,GAB DEP HERMETO,2025-08-19T14:43:50,1,1,0,"Autoriza o BRB - Banco de Brasília a adquirir participação em instituições financeiras sediadas no Brasil e no exterior, empresas com atividades próprias ou complementares às do setor financeiro, inclusive no ramo de tecnologia da informação (TI) e empresas com objetos sociais relacionados às ativid",Poder Executivo,c56ada7a526f626b174b8454e10b7f1d11e176e847b5e771fc8313b2d3beceba,https://ple.cl.df.gov.br/pleservico/api/public/proposicao/153779/documento/ativas,data/raw/documento-ativas/a91cdb16a2fb033b.json,"CÂMARA LEGISLATIVA DO DISTRITO FEDERAL Gabinete do Deputado Hermeto - Gab 11 emenda subemenda (Autoria: Deputado Hermeto) Emenda ao Projeto de Lei nº 1882/2025, que “Autoriza o BRB - Banco de Brasília a adquirir participação em instituições financeiras sediadas no Brasil e no exterior, empresas com atividades próprias ou complementares às do setor financeiro, inclusive no ramo de tecnologia da informação (TI) e empresas com objetos soci"
306600,317969,PL 1882/2025,153779,Emenda,GAB DEP HERMETO,2025-08-19T15:45:59,1,1,0,"Autoriza o BRB - Banco de Brasília a adquirir participação em instituições financeiras sediadas no Brasil e no exterior, empresas com atividades próprias ou complementares às do setor financeiro, inclusive no ramo de tecnologia da informação (TI) e empresas com objetos sociais relacionados às ativid",Poder Executivo,9849a14d6e764e7384a7f533a5f4a0cd169ae8be57298ca986b318616fe70275,https://ple.cl.df.gov.br/pleservico/api/public/proposicao/153779/documento/ativas,data/raw/documento-ativas/a91cdb16a2fb033b.json,"CÂMARA LEGISLATIVA DO DISTRITO FEDERAL Gabinete do Deputado Hermeto - Gab 11 emenda SUBSTITUTIVA (Autoria: Deputado Hermeto) Emenda ao Projeto de Lei nº 1882/2025, que “Autoriza o BRB - Banco de Brasília a adquirir participação em instituições financeiras sediadas no Brasil e no exterior, empresas com atividades próprias ou complementares às do setor financeiro, inclusive no ramo de tecnologia da informação (TI) e empresas com objetos soci"
306607,317987,REQ 2205/2025,153852,Requerimento,GAB DEP GABRIEL MAGNO,2025-08-19T16:40:04,1,1,0,"Requer ao Banco de Brasília (BRB) informações, dados e relatórios relacionados ao Projeto de Lei n.º 1.882/2025, que “ Autoriza o BRB - Banco de Brasília a adquirir participação em instituições financeiras sediadas no Brasil e no exterior, empresas com atividades próprias ou complementares às do set",Deputado Gabriel Magno,9b242638bb55fe5fd8b551665ec5ad12903d790e6eca6483e4bbbb60fd5b0380,https://ple.cl.df.gov.br/pleservico/api/public/proposicao/153852/documento/ativas,data/raw/documento-ativas/c01cbd8d0a7d3683.json,"CÂMARA LEGISLATIVA DO DISTRITO FEDERAL Gabinete do Deputado Gabriel Magno - Gab 16 Requerimento Nº, DE 2025 (Autoria: Deputado Gabriel Magno) Requer ao Banco de Brasília (BRB) informações, dados e relatórios relacionados ao Projeto de Lei n.º 1.882/2025, que “ Autoriza o BRB - Banco de Brasília a adquirir participação em instituições financeiras sediadas no Brasil e no exterior, empresas com atividades próprias ou complementares à"
306609,317991,PL 1882/2025,153779,Emenda,GAB DEP HERMETO,2025-08-19T16:48:05,1,1,0,"Autoriza o BRB - Banco de Brasília a adquirir participação em instituições financeiras sediadas no Brasil e no exterior, empresas com atividades próprias ou complementares às do setor financeiro, inclusive no ramo de tecnologia da informação (TI) e empresas com objetos sociais relacionados às ativid",Poder Executivo,d3bd20dc6de3b1a3dc04aeeac3de482ae4292919acd8d34b4057c221e5f93061,https://ple.cl.df.gov.br/pleservico/api/public/proposicao/153779/documento/ativas,data/raw/documento-ativas/a91cdb16a2fb033b.json,"CÂMARA LEGISLATIVA DO DISTRITO FEDERAL Gabinete do Deputado Hermeto - Gab 11 subemenda (Autoria: Deputado Hermeto) Subemenda ao Projeto de Lei nº 1882/2025, que “Autoriza o BRB - Banco de Brasília a adquirir participação em instituições financeiras sediadas no Brasil e no exterior, empresas com atividades próprias ou complementares às do setor financeiro, inclusive no ramo de tecnologia da informação (TI) e empresas com objetos soci"
306614,318006,PL 1882/2025,153779,Emenda,GAB DEP HERMETO,2025-08-19T17:29:33,1,1,0,"Autoriza o BRB - Banco de Brasília a adquirir participação em instituições financeiras sediadas no Brasil e no exterior, empresas com atividades próprias ou complementares às do setor financeiro, inclusive no ramo de tecnologia da informação (TI) e empresas com objetos sociais relacionados às ativid",Poder Executivo,f6d77eb33feae21ebb1900a2355122b8ebfc90c38f8e8bcddb25009fd6f4859c,https://ple.cl.df.gov.br/pleservico/api/public/proposicao/153779/documento/ativas,data/raw/documento-ativas/a91cdb16a2fb033b.json,"CÂMARA LEGISLATIVA DO DISTRITO FEDERAL Gabinete do Deputado Hermeto - Gab 11 emenda substitutivo (Autoria: Deputado Hermeto) Emenda ao Projeto de Lei nº 1882/2025, que “Autoriza o BRB - Banco de Brasília a adquirir participação em instituições financeiras sediadas no Brasil e no exterior, empresas com atividades próprias ou complementares às do setor financeiro, inclusive no ramo de tecnologia da informação (TI) e empresas com objetos soci"
306619,318023,PL 1882/2025,153779,Emenda,BPPSOL-PSB,2025-08-19T18:41:46,1,0,0,"Autoriza o BRB - Banco de Brasília a adquirir participação em instituições financeiras sediadas no Brasil e no exterior, empresas com atividades próprias ou complementares às do setor financeiro, inclusive no ramo de tecnologia da informação (TI) e empresas com objetos sociais relacionados às ativid",Poder Executivo,b2747aed6178c41e7336080000452b026114e4878f9e181391000c5657fe9d7f,https://ple.cl.df.gov.br/pleservico/api/public/proposicao/153779/documento/ativas,data/raw/documento-ativas/a91cdb16a2fb033b.json,"CÂMARA LEGISLATIVA DO DISTRITO FEDERAL Bloco Parlamentar PSOL-PSB emenda ADITIVA (Autoria: Bloco PSOL-PSB e outro) Emenda ao Projeto de Lei nº 1882/2025, que “Autoriza o BRB - Banco de Brasília a adquirir participação em instituições financeiras sediadas no Brasil e no exterior, empresas com atividades próprias ou complementares às do setor financeiro, inclusive no ramo de tecnologia da informação (TI) e empresas com objetos soci"
306620,318025,PL 1882/2025,153779,Emenda,BPPSOL-PSB,2025-08-19T18:44:03,1,1,0,"Autoriza o BRB - Banco de Brasília a adquirir participação em instituições financeiras sediadas no Brasil e no exterior, empresas com atividades próprias ou complementares às do setor financeiro, inclusive no ramo de tecnologia da informação (TI) e empresas com objetos sociais relacionados às ativid",Poder Executivo,d77c9bec1ea1302c96eb3ab2ab6fd2f819d9a0848b6862535c846b3402712c22,https://ple.cl.df.gov.br/pleservico/api/public/proposicao/153779/documento/ativas,data/raw/documento-ativas/a91cdb16a2fb033b.json,"CÂMARA LEGISLATIVA DO DISTRITO FEDERAL Bloco Parlamentar PSOL-PSB emenda ADITIVA (Autoria: Bloco PSOL-PSB e outro) Emenda ao Projeto de Lei nº 1882/2025, que “Autoriza o BRB - Banco de Brasília a adquirir participação em instituições financeiras sediadas no Brasil e no exterior, empresas com atividades próprias ou complementares às do setor financeiro, inclusive no ramo de tecnologia da informação (TI) e empresas com objetos soci"
306659,318127,PL 1882/2025,153779,Redação Final,CCJ,2025-08-20T09:36:53,0,1,0,"Autoriza o BRB - Banco de Brasília a adquirir participação em instituições financeiras sediadas no Brasil e no exterior, empresas com atividades próprias ou complementares às do setor financeiro, inclusive no ramo de tecnologia da informação (TI) e empresas com objetos sociais relacionados às ativid",Poder Executivo,e9b269450ab7fa271ada7cd5949f06acb2765e88a1e07a60750f7d190f6ba4b5,https://ple.cl.df.gov.br/pleservico/api/public/proposicao/153779/documento/ativas,data/raw/documento-ativas/a91cdb16a2fb033b.json,"CÂMARA LEGISLATIVA DO DISTRITO FEDERAL Comissão de Constituição e Justiça PROJETO DE LEI Nº 1.882 DE 2025 REDAÇÃO FINAL Autoriza a aquisição pelo Banco de Brasília S.A. de 49% das ações ordinárias e de 100% das ações preferenciais do capital social do Banco Master S.A. A CÂMARA LEGISLATIVA DO DISTRITO FEDERAL decreta: Art. 1º Fica autorizada a aquisição pelo Banco de Brasília S.A. de 49% das ações ordinárias e de 100% das ações preferenciais do capital social do Banco Master S.A. § 1º Para a aquisição, o Banco de B"
308394,322413,REQ 2250/2025,154164,Requerimento,GAB DEP FÁBIO FÉLIX,2025-09-04T15:57:59,1,1,0,Requer informações ao Banco de Brasília S.A. a respeito de indícios de operações atípicas,Deputado Fábio Felix,debb71e246c9176c8d88e8f285b8efeb3857f8f9bc050d32695f6ade2256d912,https://ple.cl.df.gov.br/pleservico/api/public/proposicao/154164/documento/ativas,data/raw/documento-ativas/cde32c78d57ad96e.json,"iscriminados por espécie/classe de ação (ordinária e preferencial). Cópia das comunicações realizadas à Comissão de Valores Mobiliários (CVM) ou a outros órgãos de fiscalização referentes à entrada, à saída ou à movimentação desses fundos no capital social do BRB, com a devida indicação da espécie/classe de ações envolvidas, bem como a divulgação de eventuais fatos relevantes. Relação dos fundos de investimento que participaram das assembleias de acionistas no período de junho de 2024 a agosto de 2025, com indicaçã"
308628,322478,REQ 2249/2025,154193,Requerimento,GAB DEP FÁBIO FÉLIX,2025-09-05T18:13:37,1,1,0,Requer informações ao BRB S.A. sobre a operação de aquisição do Banco Master,Deputado Fábio Felix,f5bddb26472be9bd9ed66e8cc1da9238f915e57115cec9aa70dc65d808918bc8,https://ple.cl.df.gov.br/pleservico/api/public/proposicao/154193/documento/ativas,data/raw/documento-ativas/9a1731fbe5552076.json,"CÂMARA LEGISLATIVA DO DISTRITO FEDERAL Gabinete do Deputado Fábio Félix - Gab 24 Requerimento Nº, DE 2025 (Autoria: Deputado Fábio Felix) Requer informações ao BRB S.A. sobre a operação de aquisição do Banco Master. Excelentíssimo Senhor Presidente da Câmara Legislativa do Distrito Federal, Requeiro, nos termos do art. 42 do RICLDF, com base na prerrogativa constitucional de fiscalização parlamentar, sejam requeridas do"
319072,342535,REQ 2510/2025,155481,Requerimento,GAB DEP PAULA BELMONTE,2025-11-18T09:41:54,1,1,0,"Requer-se a CONVOCAÇÃO do Presidente do Banco de Brasília – BRB, Sr. Paulo Henrique, bem como do Diretor Financeiro, Sr. Dario Oswaldo, para que compareçam à Câmara Legislativa do Distrito Federal, a fim de prestarem esclarecimentos acerca das operações realizadas pelo BRB relativas à tentativa de a",Deputada Paula Belmonte,d45295836d0d9ca5342f437ee84aa59d01720fb1fc6185f56825f50f30e042c1,https://ple.cl.df.gov.br/pleservico/api/public/proposicao/155481/documento/ativas,data/raw/documento-ativas/67e3d568bd715515.json,"CÂMARA LEGISLATIVA DO DISTRITO FEDERAL Gabinete da Deputada Paula Belmonte - Gab 22 Requerimento Nº, DE 2025 (Autoria: Deputada PAULA BELMONTE) Requer-se a CONVOCAÇÃO do Presidente do Banco de Brasília – BRB, Sr. Paulo Henrique, bem como do Diretor Financeiro, Sr. Dario Oswaldo, para que compareçam à Câmara Legislativa do Distrito Federal, a fim de prestarem esclarecimentos acerca das operações realizadas pelo BRB relativas à tentativa de aquisição de participaçã"
319267,342486,REQ 2505/2025,155500,Requerimento,GAB DEP CHICO VIGILANTE,2025-11-18T16:22:40,1,1,0,"Requer a convocação do Senhor Paulo Henrique Costa, presidente afastado do Banco de Brasília - BRB, a esta Câmara Legislativa, para prestar esclarecimentos sobre riscos de crédito e problemas de gestão à frente da presidência  do BRB, relacionados à tentativa de compra do Banco Master, à operação da",Deputado Chico Vigilante,2d90183d770c521a9491964cdc199edc431d69f137f1cdf88240b587920d4ed0,https://ple.cl.df.gov.br/pleservico/api/public/proposicao/155500/documento/ativas,data/raw/documento-ativas/632a52c0bc498996.json,"CÂMARA LEGISLATIVA DO DISTRITO FEDERAL Gabinete do Deputado Chico Vigilante - Gab 09 Requerimento Nº, DE 2025 (Autoria: Deputado Chico Vigilante) Requer a convocação do Senhor Paulo Henrique Costa, presidente afastado do Banco de Brasília - BRB, a esta Câmara Legislativa, para prestar esclarecimentos sobre riscos de crédito e problemas de gestão à frente da presidência do BRB, relacionados à tentativa de compra do Banco Master, à operação da Polícia Federal e às decisões judiciais e do Banco Central"
319279,342528,REQ 2507/2025,155503,Requerimento,GAB DEP CHICO VIGILANTE,2025-11-18T17:45:36,1,1,0,"Requer a convocação do Senhor Dario Oswaldo Garcia Júnior, diretor afastado do Banco de Brasília - BRB, a esta Câmara Legislativa, para prestar esclarecimentos sobre riscos de crédito e problemas de gestão na direção do BRB, relacionados à tentativa de compra do Banco Master, à operação da Polícia F",Deputado Chico Vigilante,fbe5fdcf242544ff60a093dfa36eb157d870d9517055086a8c7acbb8b5d13277,https://ple.cl.df.gov.br/pleservico/api/public/proposicao/155503/documento/ativas,data/raw/documento-ativas/b2c1effa17ad503d.json,"CÂMARA LEGISLATIVA DO DISTRITO FEDERAL Gabinete do Deputado Chico Vigilante - Gab 09 Requerimento Nº, DE 2025 (Autoria: Deputado Chico Vigilante) Requer a convocação do Senhor Dario Oswaldo Garcia Júnior, diretor afastado do Banco de Brasília - BRB, a esta Câmara Legislativa, para prestar esclarecimentos sobre riscos de crédito e problemas de gestão na direção do BRB, relacionados à tentativa de compra do Banco Master, à operação da Polícia Federal e às decisões judiciais e do Banco Central do Brasil qu"
319282,342709,REQ 2511/2025,155506,Requerimento,GAB DEP CHICO VIGILANTE,2025-11-18T19:37:31,1,1,0,"Requer informações à presidente em exercício do Banco de Brasília - BRB sobre a real situação do banco em vista das gravíssimas denúncias de fraudes, gestão temerária e riscos associados aos investimentos feitos pelo BRB no recém liquidado Banco Master.",Deputado Chico Vigilante,c63a8ec2ecbb164487b32c4518f341c6f173cd1f19c43b462439bd3decb313ff,https://ple.cl.df.gov.br/pleservico/api/public/proposicao/155506/documento/ativas,data/raw/documento-ativas/51e902a8d36cc0a2.json,"CÂMARA LEGISLATIVA DO DISTRITO FEDERAL Gabinete do Deputado Chico Vigilante - Gab 09 Requerimento Nº, DE 2025 (Autoria: Deputado Chico Vigilante) Requer informações à presidente em exercício do Banco de Brasília - BRB, Cristiane Maria Lima Bukowitz, sobre a real situação do banco, em vista das gravíssimas denúncias de fraudes, gestão temerária e riscos associados aos investimentos feitos pelo BRB no recém-liquidado Banco Master. Excelentíssimo Senhor Presidente da Câmara L"
319315,342616,REQ 2505/2025,155500,Requerimento,GAB DEP CHICO VIGILANTE,2025-11-19T10:31:51,1,1,0,"Requer a convocação do Senhor Paulo Henrique Costa, presidente afastado do Banco de Brasília - BRB, a esta Câmara Legislativa, para prestar esclarecimentos sobre riscos de crédito e problemas de gestão à frente da presidência  do BRB, relacionados à tentativa de compra do Banco Master, à operação da",Deputado Chico Vigilante,b08fbbd8b9ca87f6e438b41db4c58b8e2cef9b11940a09786168c73ed6d18dc7,https://ple.cl.df.gov.br/pleservico/api/public/proposicao/155500/documento/ativas,data/raw/documento-ativas/632a52c0bc498996.json,"CÂMARA LEGISLATIVA DO DISTRITO FEDERAL Gabinete do Deputado Chico Vigilante - Gab 09 Requerimento Nº, DE 2025 (Autoria: Deputado Chico Vigilante) Requer a convocação do Senhor Paulo Henrique Costa, presidente afastado do Banco de Brasília - BRB, a esta Câmara Legislativa, para prestar esclarecimentos sobre riscos de crédito e problemas de gestão à frente da presidência do BRB, relacionados à tentativa de compra do Banco Master, à operação da Polícia Federal e às decisões judiciais e do Banco Central"
319322,342633,REQ 2507/2025,155503,Requerimento,GAB DEP CHICO VIGILANTE,2025-11-19T11:02:47,1,1,0,"Requer a convocação do Senhor Dario Oswaldo Garcia Júnior, diretor afastado do Banco de Brasília - BRB, a esta Câmara Legislativa, para prestar esclarecimentos sobre riscos de crédito e problemas de gestão na direção do BRB, relacionados à tentativa de compra do Banco Master, à operação da Polícia F",Deputado Chico Vigilante,ef3b0a04aa636b9e543564541eb0bc567f75a844a1b4fbd7108b383e19383723,https://ple.cl.df.gov.br/pleservico/api/public/proposicao/155503/documento/ativas,data/raw/documento-ativas/b2c1effa17ad503d.json,"CÂMARA LEGISLATIVA DO DISTRITO FEDERAL Gabinete do Deputado Chico Vigilante - Gab 09 Requerimento Nº, DE 2025 (Autoria: Deputado Chico Vigilante) Requer a convocação do Senhor Dario Oswaldo Garcia Júnior, diretor afastado do Banco de Brasília - BRB, a esta Câmara Legislativa, para prestar esclarecimentos sobre riscos de crédito e problemas de gestão na direção do BRB, relacionados à tentativa de compra do Banco Master, à operação da Polícia Federal e às decisões judiciais e do Banco Central do Brasil qu"
319327,342644,REQ 2507/2025,155503,Requerimento,GAB DEP CHICO VIGILANTE,2025-11-19T11:32:00,1,1,0,"Requer a convocação do Senhor Dario Oswaldo Garcia Júnior, diretor afastado do Banco de Brasília - BRB, a esta Câmara Legislativa, para prestar esclarecimentos sobre riscos de crédito e problemas de gestão na direção do BRB, relacionados à tentativa de compra do Banco Master, à operação da Polícia F",Deputado Chico Vigilante,7d912b29847378395b2eb278d8e097f877fcdc6de8942f13ab22490d891b6490,https://ple.cl.df.gov.br/pleservico/api/public/proposicao/155503/documento/ativas,data/raw/documento-ativas/b2c1effa17ad503d.json,"CÂMARA LEGISLATIVA DO DISTRITO FEDERAL Gabinete do Deputado Chico Vigilante - Gab 09 Requerimento Nº, DE 2025 (Autoria: Deputado Chico Vigilante) Requer a convocação do Senhor Dario Oswaldo Garcia Júnior, diretor afastado do Banco de Brasília - BRB, a esta Câmara Legislativa, para prestar esclarecimentos sobre riscos de crédito e problemas de gestão na direção do BRB, relacionados à tentativa de compra do Banco Master, à operação da Polícia Federal e às decisões judiciais e do Banco Central do Brasil qu"
319338,342668,REQ 2509/2025,155521,Requerimento,GAB DEP CHICO VIGILANTE,2025-11-19T12:22:32,1,1,0,Requer o encaminhamento de pedido de informações à Diretora-Presidente do Instituto de Previdência dos Servidores do Distrito Federal.,Deputado Chico Vigilante; Deputado Ricardo Vale; Deputado Gabriel Magno,8be3f4805d26a33bae03e3a5da1a7d77317f1283a848fe4658d2ca34693e6104,https://ple.cl.df.gov.br/pleservico/api/public/proposicao/155521/documento/ativas,data/raw/documento-ativas/3b7330462f8344b7.json,"ualizada de todos os recursos do IPREV/DF aplicados no mercado financeiro, discriminados por instituição financeira, modalidade de aplicação e rentabilidade no presente exercício financeiro, bem como nos exercícios de 2023 e 2024; III – quantidade de ações do BRB de propriedade do IPREV/DF, com a informação da data e valor da aquisição, bem como o valor atual dessas ações. IV – valor dos dividendos das ações do BRB recebidos pelo IPREV, discriminados por exercício financeiro. JUSTIFICAÇÃO Depois das notícias devast"
319440,342934,REQ 2513/2025,155533,Requerimento,GAB DEP MAX MACIEL,2025-11-20T22:02:44,1,1,0,"Requer o encaminhamento de pedido de informações à Diretora-Presidente do Instituto de Previdência dos Servidores do Distrito Federal – IPREV-DF, relativas à situação financeira do Regime Próprio de Previdência Social do Distrito Federal, ao uso dos rendimentos do Fundo Solidário Garantidor, aos est",Deputado Max Maciel,36c5e2d5db2354aa8260d429ed61a97031f6846c7a0e705a8185cfdb79cd4309,https://ple.cl.df.gov.br/pleservico/api/public/proposicao/155533/documento/ativas,data/raw/documento-ativas/27513affe52ccbb5.json,"rendimentos do Fundo Solidário Garantidor; a justificativa técnica e normativa para a utilização desses recursos, indicando fundamentos legais, cálculos atuariais e critérios adotados; avaliação atualizada do impacto que uma eventual redução dos dividendos do BRB poderá gerar sobre a capacidade de pagamento de aposentadorias e pensões. Informações consolidadas da composição e desempenho do Fundo Solidário Garantidor, contendo: a composição atualizada da carteira de ativos, discriminando classes de investimento, emi"
319442,342942,REQ 2514/2025,155532,Requerimento,GAB DEP MAX MACIEL,2025-11-20T22:12:32,1,1,0,"Requer o encaminhamento de pedido de informações ao Secretário de Estado de Economia do Distrito Federal – SEEC/DF, relativas à execução orçamentária e financeira dos programas governamentais que dependem de pagamentos operacionalizados pelo Banco de Brasília – BRB, à gestão fiscal e ao acompanhamen",Deputado Max Maciel,d43ef2424aec2ea9e18ab3b4e60f89690f0d6c2afab7e1b80dbf268051be38be,https://ple.cl.df.gov.br/pleservico/api/public/proposicao/155532/documento/ativas,data/raw/documento-ativas/9127247ccc88c60d.json,"quer o encaminhamento de pedido de informações ao Secretário de Estado de Economia do Distrito Federal – SEEC/DF, relativas à execução orçamentária e financeira dos programas governamentais que dependem de pagamentos operacionalizados pelo Banco de Brasília – BRB, à gestão fiscal e ao acompanhamento dos impactos das oscilações financeiras recentes sobre o orçamento do Distrito Federal, bem como à consolidação de dados sobre repasses, dotações, empenhos e liquidações vinculados às políticas públicas executadas por m"
323429,349707,REQ 2551/2025,155856,Requerimento,GAB DEP PAULA BELMONTE,2025-12-16T16:53:58,1,1,0,Requer informações ao Banco de Brasília S.A. – BRB sobre empréstimos concedidos a diretores e administradores.,Deputada Paula Belmonte,68ead15a41e1fed72510323c278bd05064a02cb986f0c258a3c02a8de7346108,https://ple.cl.df.gov.br/pleservico/api/public/proposicao/155856/documento/ativas,data/raw/documento-ativas/ec29bfcdb0f15170.json,"CÂMARA LEGISLATIVA DO DISTRITO FEDERAL Gabinete da Deputada Paula Belmonte - Gab 22 Requerimento Nº, DE 2025 (Da Senhora Deputada PAULA BELMONTE) Requer informações ao Banco de Brasília S.A. – BRB sobre empréstimos concedidos a diretores e administradores. Excelentíssimo Senhor Presidente da Câmara Legislativa do Distrito Federal: Requeiro, nos termos do art. 16, inciso VIII, do Regimento Interno da Câmara Legislativa do Distrito Federal, que sejam sol"
323690,350231,REQ 2553/2026,155933,Requerimento,GAB DEP PAULA BELMONTE,2026-01-13T22:13:13,1,1,0,"Requer a convocação do Presidente do Banco de Brasília S.A. – BRB, do Secretário de Estado de Economia do Distrito Federal, do Secretário de Governo e do Chefe da Casa Civil para prestarem esclarecimentos a esta Casa Legislativa acerca de eventual plano de capitalização do BRB, do uso de recursos pú",Deputada Paula Belmonte,0a4fc469afd7b0de4f1ea2a9ead53e3f11eb7b2068f70f9e043b56670bf25dbc,https://ple.cl.df.gov.br/pleservico/api/public/proposicao/155933/documento/ativas,data/raw/documento-ativas/31b12667ce25ce9c.json,"CÂMARA LEGISLATIVA DO DISTRITO FEDERAL Gabinete da Deputada Paula Belmonte - Gab 22 Requerimento Nº, DE 2026 (Da Senhora Deputada PAULA BELMONTE) Requer a convocação do Presidente do Banco de Brasília S.A. – BRB, do Secretário de Estado de Economia do Distrito Federal, do Secretário de Governo e do Chefe da Casa Civil para prestarem esclarecimentos a esta Casa Legislativa acerca de eventual plano de capitalização do BRB, do uso de recursos públicos e das responsabili"
323937,351251,REQ 2560/2026,155986,Requerimento,GAB DEP FÁBIO FÉLIX,2026-01-21T17:09:10,1,1,0,Requer a convocação do Presidente do Banco de Brasília S.A. – BRB para esclarecer os prejuízos nas operações com o Banco Master e o plano de aporte,Deputado Fábio Felix,b69e482192eba7528a9818c238702a2324c4e0c2f7a96afe62240bbb41a710fc,https://ple.cl.df.gov.br/pleservico/api/public/proposicao/155986/documento/ativas,data/raw/documento-ativas/fd4bed7e2e661647.json,"CÂMARA LEGISLATIVA DO DISTRITO FEDERAL Gabinete do Deputado Fábio Félix - Gab 24 Requerimento Nº, DE 2025 (Autoria: Deputado Fábio Felix) Requer a convocação do Presidente do Banco de Brasília S.A. – BRB para esclarecer os prejuízos nas operações com o Banco Master e o plano de aporte Excelentíssimo Senhor Presidente da Câmara Legislativa do Distrito Federal: Nos termos do art. 142, II, do Regimento Interno da Câmara Legislativa do Distrito Federal, requeiro"
324125,351385,REQ 2561/2026,156082,Requerimento,GAB DEP FÁBIO FÉLIX,2026-01-28T09:59:33,1,1,0,Requer a convocação do Presidente do Banco de Brasília S.A. – BRB para esclarecer os prejuízos nas operações com o Banco Master e o plano de aporte,Deputado Fábio Felix; Deputado Max Maciel,57615a9cbcba473e5cbdb906bf86ea40ebd89e54de6b4f4f3bc905166873daa6,https://ple.cl.df.gov.br/pleservico/api/public/proposicao/156082/documento/ativas,data/raw/documento-ativas/ff85ce3591c8f529.json,"CÂMARA LEGISLATIVA DO DISTRITO FEDERAL Gabinete do Deputado Fábio Félix - Gab 24 Requerimento Nº, DE 2026 (Autoria: Bancada do PSOL) Requer a convocação do Presidente do Banco de Brasília S.A. – BRB para esclarecer os prejuízos nas operações com o Banco Master e o plano de aporte. Excelentíssimo Senhor Presidente da Câmara Legislativa do Distrito Federal: Nos termos do art. 142, II, do Regimento Interno da Câmara Legislativa do Distrito Federal, requeiro"
324216,352453,REQ 2574/2026,156122,Requerimento,LIDPT,2026-02-02T13:32:33,1,1,0,Requer a realização de auditoria e inspeção no Banco de Brasília,Deputado Gabriel Magno; Deputado Chico Vigilante; Deputado Ricardo Vale,f04ac306427295966cf8740136e45e418262c7bd0c9ec0dd8e312d0e8a0e3940,https://ple.cl.df.gov.br/pleservico/api/public/proposicao/156122/documento/ativas,data/raw/documento-ativas/ae4aecf9e3b0bb5e.json,"Com base no art. 78, V, da Lei Orgânica do Distrito Federal e nos arts. 16, VIII, b, c/c art. 41, § 1º, IV, do Regimento Interno da Câmara Legislativa, requeremos seja encaminhada ao Tribunal de Contas do Distrito Federal requisição de inspeção e auditoria no BRB sobre todas as suas transações com o Banco Master, com o objetivo de demonstrar, de forma objetiva, o montante do prejuízo causado pelos negócios envolvendo as duas instituições financeiras. JUSTIFICAÇÃO Segundo a Lei Orgânica do Distrito Federal (art. 78,"
324225,351760,REQ 2564/2026,156126,Requerimento,GAB DEP FÁBIO FÉLIX,2026-02-02T14:53:45,1,1,0, Requer ao Presidente do BRB S.A. as informações relativas às operações com o Banco Master e à tentativa de aquisição societária,Deputado Fábio Felix,4d0b01ea8e64b595be9807e7f9d57e64f536aaddda254b5c4c8a30db4dcbbb5f,https://ple.cl.df.gov.br/pleservico/api/public/proposicao/156126/documento/ativas,data/raw/documento-ativas/fa7ff28ec3e047b2.json,"CÂMARA LEGISLATIVA DO DISTRITO FEDERAL Gabinete do Deputado Fábio Félix - Gab 24 Requerimento Nº, DE 2026 (Autoria: Deputado Fábio Felix) Requer ao Presidente do BRB S.A. as informações relativas às operações com o Banco Master e à tentativa de aquisição societária Excelentíssimo Senhor Presidente da Câmara Legislativa do Distrito Federal: Requeiro, nos termos do art. 42 do Regimento Interno da CLDF, as informações e docu"
324446,352331,PL 1557/2025,150946,Emenda,GAB DEP ROBÉRIO NEGREIROS,2026-02-04T11:06:41,0,1,0,"Altera a Lei Nº 4.636, de 25 de agosto de 2011, que institui mecanismo de controle do patrimônio público do Distrito Federal, dispondo sobre provisões de encargos trabalhistas a serem pagos às empresas contratadas para prestar serviços de forma contínua, no âmbito dos Poderes Públicos do Distrito Fe",Deputado Robério Negreiros,e9da9714ac84acaf6b13ba4a0c68fc1e5360f789ecd334c7e057460ff8124aad,https://ple.cl.df.gov.br/pleservico/api/public/proposicao/150946/documento/ativas,data/raw/documento-ativas/26e168a13f37ca95.json,"tualização na instituição custodiante também fortalece o controle de risco, pois permite monitorar, em tempo real, eventos de crédito, alterações de rating, concentrações excessivas e restrições de resgate. Casos recentes no mercado, como o envolvendo o Banco Master, evidenciam a importância dessa cautela. Situações de deterioração financeira podem resultar em restrições de liquidez e atrasos em resgates, com impactos relevantes para investidores. Assim, exigir que a atualização mensal seja efetuada pela instituiçã"
324645,352954,REQ 2583/2026,156196,Requerimento,LIDPT,2026-02-06T08:50:16,1,1,0,Requer o encaminhamento de pedido de informações ao Presidente da CAESB.,Deputado Chico Vigilante; Deputado Ricardo Vale; Deputado Gabriel Magno,8d25faabfecbcbac903c437f08c623b5c7096a0795aed0a5519a2edb8de37c7e,https://ple.cl.df.gov.br/pleservico/api/public/proposicao/156196/documento/ativas,data/raw/documento-ativas/6df00d0322be34d0.json,"esposta ao item anterior, qual o valor e quanto continua aplicado; III – se houve perda ou se se estima haver perda financeira com eventuais aplicações nas duas instituições acima. JUSTIFICAÇÃO Depois das notícias devastadoras sobre as relações irregulares do BRB com o Banco Master, bem como das notícias de que inúmeras entidades públicas da Administração Indireta de Estados e Municípios tinham aplicação no Banco Master e no Will Bank, faz-se necessário saber se isso também ocorreu com as empresas estatais do Distr"
324647,352955,REQ 2582/2026,156197,Requerimento,LIDPT,2026-02-06T08:56:42,1,1,0,Requer o encaminhamento de pedido de informações Presidente da TERRACAP.,Deputado Chico Vigilante; Deputado Ricardo Vale; Deputado Gabriel Magno,ce6e2da31b72a2a7489cdbd1c6f622ecd3a208b0be10736144826b1828814216,https://ple.cl.df.gov.br/pleservico/api/public/proposicao/156197/documento/ativas,data/raw/documento-ativas/c1c0061a509c57d1.json,"esposta ao item anterior, qual o valor e quanto continua aplicado; III – se houve perda ou se se estima haver perda financeira com eventuais aplicações nas duas instituições acima. JUSTIFICAÇÃO Depois das notícias devastadoras sobre as relações irregulares do BRB com o Banco Master, bem como das notícias de que inúmeras entidades públicas da Administração Indireta de Estados e Municípios tinham aplicação no Banco Master e no Will Bank, faz-se necessário saber se isso também ocorreu com as empresas estatais do Distr"
324668,352972,REQ 2581/2026,156198,Requerimento,LIDPT,2026-02-06T09:13:58,1,1,0,Requer o encaminhamento de pedido de informações Presidente da NOVACAP.,Deputado Chico Vigilante; Deputado Ricardo Vale; Deputado Gabriel Magno,789160f9c45cba62f18c55483d9d3f16dac145efc00e65dcc0e2e52a3770cca0,https://ple.cl.df.gov.br/pleservico/api/public/proposicao/156198/documento/ativas,data/raw/documento-ativas/fececa1c65589b0c.json,"esposta ao item anterior, qual o valor e quanto continua aplicado; III – se houve perda ou se se estima haver perda financeira com eventuais aplicações nas duas instituições acima. JUSTIFICAÇÃO Depois das notícias devastadoras sobre as relações irregulares do BRB com o Banco Master, bem como das notícias de que inúmeras entidades públicas da Administração Indireta de Estados e Municípios tinham aplicação no Banco Master e no Will Bank, faz-se necessário saber se isso também ocorreu com as empresas estatais do Distr"
324669,352973,REQ 2580/2026,156199,Requerimento,LIDPT,2026-02-06T09:18:54,1,1,0,Requer o encaminhamento de pedido de informações Presidente do METRÔ-DF.,Deputado Chico Vigilante; Deputado Ricardo Vale; Deputado Gabriel Magno,7aa0f49f519fe8321ef59461fb049cb66e58c4d21efe694ab2249bd155a30d10,https://ple.cl.df.gov.br/pleservico/api/public/proposicao/156199/documento/ativas,data/raw/documento-ativas/1c30decb6b599b1a.json,"esposta ao item anterior, qual o valor e quanto continua aplicado; III – se houve perda ou se se estima haver perda financeira com eventuais aplicações nas duas instituições acima. JUSTIFICAÇÃO Depois das notícias devastadoras sobre as relações irregulares do BRB com o Banco Master, bem como das notícias de que inúmeras entidades públicas da Administração Indireta de Estados e Municípios tinham aplicação no Banco Master e no Will Bank, faz-se necessário saber se isso também ocorreu com as empresas estatais do Distr"
324670,352975,REQ 2578/2026,156200,Requerimento,LIDPT,2026-02-06T09:24:30,1,1,0,Requer o encaminhamento de pedido de informações Presidente da CEASA.,Deputado Chico Vigilante; Deputado Ricardo Vale; Deputado Gabriel Magno,4e8b5985627735a4906a8dfbae70e6486b2eceb63e616af1ba46fcc22037f529,https://ple.cl.df.gov.br/pleservico/api/public/proposicao/156200/documento/ativas,data/raw/documento-ativas/cadf3ed94fc56de6.json,"esposta ao item anterior, qual o valor e quanto continua aplicado; III – se houve perda ou se se estima haver perda financeira com eventuais aplicações nas duas instituições acima. JUSTIFICAÇÃO Depois das notícias devastadoras sobre as relações irregulares do BRB com o Banco Master, bem como das notícias de que inúmeras entidades públicas da Administração Indireta de Estados e Municípios tinham aplicação no Banco Master e no Will Bank, faz-se necessário saber se isso também ocorreu com as empresas estatais do Distr"
324671,352976,REQ 2579/2026,156201,Requerimento,LIDPT,2026-02-06T09:28:02,1,1,0,Requer o encaminhamento de pedido de informações Presidente da CEB.,Deputado Chico Vigilante; Deputado Ricardo Vale; Deputado Gabriel Magno,7ebfa7cfcc18b775de03e71a2d3686104e31f3ed6cd8a8a6506e1507ca18b409,https://ple.cl.df.gov.br/pleservico/api/public/proposicao/156201/documento/ativas,data/raw/documento-ativas/3b614cf7d3f2d72b.json,"esposta ao item anterior, qual o valor e quanto continua aplicado; III – se houve perda ou se se estima haver perda financeira com eventuais aplicações nas duas instituições acima. JUSTIFICAÇÃO Depois das notícias devastadoras sobre as relações irregulares do BRB com o Banco Master, bem como das notícias de que inúmeras entidades públicas da Administração Indireta de Estados e Municípios tinham aplicação no Banco Master e no Will Bank, faz-se necessário saber se isso também ocorreu com as empresas estatais do Distr"
324676,352977,REQ 2577/2026,156204,Requerimento,LIDPT,2026-02-06T10:17:59,1,1,0,Requer o encaminhamento de pedido de informações Presidente da CODHAB.,Deputado Chico Vigilante; Deputado Ricardo Vale; Deputado Gabriel Magno,5c9250151dde5eedd3c89d86852efc36c20e83291aeba55f9dcae56b33c7932d,https://ple.cl.df.gov.br/pleservico/api/public/proposicao/156204/documento/ativas,data/raw/documento-ativas/78eae95b4da68fb6.json,"esposta ao item anterior, qual o valor e quanto continua aplicado; III – se houve perda ou se se estima haver perda financeira com eventuais aplicações nas duas instituições acima. JUSTIFICAÇÃO Depois das notícias devastadoras sobre as relações irregulares do BRB com o Banco Master, bem como das notícias de que inúmeras entidades públicas da Administração Indireta de Estados e Municípios tinham aplicação no Banco Master e no Will Bank, faz-se necessário saber se isso também ocorreu com as empresas estatais do Distr"
324678,352978,REQ 2576/2026,156205,Requerimento,LIDPT,2026-02-06T10:29:53,1,1,0,Requer o encaminhamento de pedido de informações Presidente da EMATER.,Deputado Chico Vigilante; Deputado Ricardo Vale; Deputado Gabriel Magno,fde9d8776cfe3ceaf61a300129a0ef9f88cd7849766df07cd59882b99fb00448,https://ple.cl.df.gov.br/pleservico/api/public/proposicao/156205/documento/ativas,data/raw/documento-ativas/ed8e4c169c621632.json,"esposta ao item anterior, qual o valor e quanto continua aplicado; III – se houve perda ou se se estima haver perda financeira com eventuais aplicações nas duas instituições acima. JUSTIFICAÇÃO Depois das notícias devastadoras sobre as relações irregulares do BRB com o Banco Master, bem como das notícias de que inúmeras entidades públicas da Administração Indireta de Estados e Municípios tinham aplicação no Banco Master e no Will Bank, faz-se necessário saber se isso também ocorreu com as empresas estatais do Distr"
324711,352987,REQ 2575/2026,156218,Requerimento,LIDPT,2026-02-06T13:22:33,1,1,0,Requer seja encaminhado pedido de informações ao Presidente do Banco de Brasília - BRB.,Deputado Chico Vigilante; Deputado Ricardo Vale; Deputado Gabriel Magno,fdf72a1a6f1520aa12daae807fc942621ad18a8225e34bde93e24f9ffd078fc3,https://ple.cl.df.gov.br/pleservico/api/public/proposicao/156218/documento/ativas,data/raw/documento-ativas/975b03c9d27243ac.json,"CÂMARA LEGISLATIVA DO DISTRITO FEDERAL Liderança do PT Requerimento Nº, DE 2026 (Autoria: Bancada do Partido dos Trabalhadores) Requer seja encaminhado pedido de informações ao Presidente do Banco de Brasília - BRB. Excelentíssimo Senhor Presidente da Câmara Legislativa do Distrito Federal: Com base no art. 60, XXXIII, da Lei Orgânica do Distrito Federal e nos arts. 16, VIII, a, e 42 do Regimento Interno da Câmara Legislativa, requeremos seja encaminhado ao Presidente d"
325151,354262,REQ 2603/2026,156349,Requerimento,LIDPT,2026-02-19T17:15:49,1,1,0,Requer a convocação do atual Presidente do Banco de Brasília (BRB),Deputado Chico Vigilante; Deputado Ricardo Vale; Deputado Gabriel Magno,b86e29753a6a5addec0b900d346cc487e69482c45443a293b5352da1b1e21e84,https://ple.cl.df.gov.br/pleservico/api/public/proposicao/156349/documento/ativas,data/raw/documento-ativas/f6d19feca5f3d544.json,"CÂMARA LEGISLATIVA DO DISTRITO FEDERAL Liderança do PT Requerimento Nº, DE 2026 (Autoria: Bancada do Partido dos Trabalhadores) Requer a convocação do atual Presidente do Banco de Brasília (BRB). Excelentíssimo Senhor Presidente da Câmara Legislativa do Distrito Federal, Com base no art. 60, XIV, da Lei Orgânica do Distrito Federal e no art. 255 do Regimento Interno da Câmara Legislativa, requeremos a convocação do atual Presidente do Banco de Brasí"
325221,354426,REQ 2607/2026,156364,Requerimento,GAB DEP PR DANIEL DE CASTRO,2026-02-21T13:56:03,1,1,0,"Requer o convite do Presidente do Banco de Brasília S.A. – BRB para esclarecer os prejuízos nas operações com o Banco Master, o plano de aporte e os resultados apurados com a auditoria contratada.",Deputado Pastor Daniel de Castro,f8dd8909d039fc5fa6f92e3229991791c526d62e67e9840f2b72985b324046c0,https://ple.cl.df.gov.br/pleservico/api/public/proposicao/156364/documento/ativas,data/raw/documento-ativas/f01bcd5b934b51b4.json,"CÂMARA LEGISLATIVA DO DISTRITO FEDERAL Gabinete do Deputado Pastor Daniel de Castro - Gab 07 Requerimento Nº, DE 2026 (Autoria: Deputado Pastor Daniel de Castro) Requer o convite do Presidente do Banco de Brasília S.A. – BRB para esclarecer os prejuízos nas operações com o Banco Master, o plano de aporte e os resultados apurados com a auditoria contratada. Excelentíssimo Senhor Presidente da Câmara Legislativa do Distrito Federal: Nos termos do art. 60, incisos XVI e seguintes da"
325224,354519,REQ 2609/2026,156367,Requerimento,GAB DEP PAULA BELMONTE,2026-02-22T21:30:39,1,1,0,"Requer junto à Companhia Imobiliária de Brasília – TERRACAP informações acerca de imóveis de sua titularidade ou gestão relacionados ao Projeto de Lei nº 2165/2026, destinados a finalidade de reforço patrimonial e suporte econômico-financeiro ao Banco de Brasília S.A. – BRB como forma de recompor o ",Deputada Paula Belmonte,e2e5d39a8eb21d5b4a218720b7463ff68029352d8e781735f361e3c87eda7f2d,https://ple.cl.df.gov.br/pleservico/api/public/proposicao/156367/documento/ativas,data/raw/documento-ativas/33090044ad8c5738.json,"o à Companhia Imobiliária de Brasília – TERRACAP informações acerca de imóveis de sua titularidade ou gestão relacionados ao Projeto de Lei nº 2165/2026, destinados a finalidade de reforço patrimonial e suporte econômico-financeiro ao Banco de Brasília S.A. – BRB como forma de recompor o rombo bilionário que a gestão temerária causou o banco no atual governo do Distrito Federal. Excelentíssimo Senhor Presidente da Câmara Legislativa do Distrito Federal: Requeiro, nos termos do art. 42 do Regimento Interno, junto à "
325288,354518,REQ 2610/2026,156380,Requerimento,GAB DEP FÁBIO FÉLIX,2026-02-23T11:53:20,0,1,0,"Requer a convocação da Diretora-Presidente do Instituto de Previdência dos Servidores do Distrito Federal – Iprev-DF, para prestar esclarecimentos acerca dos investimentos realizados no fundo FIP Venture Brasil Central, bem como sobre outras aplicações vinculadas ao Banco Master.",Deputado Fábio Felix,72eecc35448c438d5d42ccc7321c84bda41ca58a56f2d370b926d0dcb00875de,https://ple.cl.df.gov.br/pleservico/api/public/proposicao/156380/documento/ativas,data/raw/documento-ativas/3f07b2e359597be3.json,"ocação da Diretora-Presidente do Instituto de Previdência dos Servidores do Distrito Federal – Iprev-DF, para prestar esclarecimentos acerca dos investimentos realizados no fundo FIP Venture Brasil Central, bem como sobre outras aplicações vinculadas ao Banco Master. Excelentíssimo Senhor Presidente da Câmara Legislativa do Distrito Federal, Nos termos do art. 142, II, do Regimento Interno da Câmara Legislativa do Distrito Federal, requeiro a convocação da Diretora-Presidente do Instituto de Previdência dos Servido"
325345,354862,REQ 2613/2026,156388,Requerimento,GAB DEP THIAGO MANZONI,2026-02-23T16:47:39,1,1,0,Requer a convocação do Sr. Secretário de Estado de Economia do Distrito Federal e do Sr. Presidente do Banco de Brasília - BRB para que prestem esclarecimentos sobre a situação financeira do Banco de Brasília e sobre as medidas de socorro necessárias. ,Deputado Thiago Manzoni,47336187c40e52699071a9677ae38fb2eb9d3521dbfd854fdedb672cb5833186,https://ple.cl.df.gov.br/pleservico/api/public/proposicao/156388/documento/ativas,data/raw/documento-ativas/64446fba4f0af7b9.json,"LEGISLATIVA DO DISTRITO FEDERAL Gabinete do Deputado Thiago Manzoni - Gab 08 Requerimento Nº, DE 2026 (Autoria: Deputado Thiago Manzoni) Requer a convocação do Sr. Secretário de Estado de Economia do Distrito Federal e do Sr. Presidente do Banco de Brasília - BRB para que prestem esclarecimentos sobre a situação financeira do Banco de Brasília e sobre as medidas de socorro necessárias. Excelentíssimo Senhor Presidente da Câmara Legislativa do Distrito Federal: Requeiro, nos termos do art. 60, XIV, da Lei Orgânica d"
325527,354919,REQ 2614/2026,156414,Requerimento,GAB DEP THIAGO MANZONI,2026-02-24T15:57:25,1,1,0,"Requer o encaminhamento, por intermédio da Mesa Diretora, de Requerimento ao Sr. Secretário de Estado de Economia do Distrito Federal e ao Sr. Presidente do Banco de Brasília para que prestem informações relacionadas ao Projeto de Lei n.º 2.175/2026.",Deputado Thiago Manzoni,5712679d5709b84f00fe3e6d941f3ac030aae59c96dfaa6fbe3d26427da92cd8,https://ple.cl.df.gov.br/pleservico/api/public/proposicao/156414/documento/ativas,data/raw/documento-ativas/9c5b0db2544533e5.json,"6, inciso VIII, “a”, e 42 do Regimento Interno da CLDF, o encaminhamento, por intermédio da Mesa Diretora, de requerimento ao Senhor Secretário de Estado de Economia do Distrito Federal, Daniel Izaias de Carvalho, e ao Senhor Presidente do Banco de Brasília - BRB, Nelson Antônio de Souza, para que prestem as seguintes informações relacionadas ao Projeto de Lei nº 2.175/2026: I – Sobre a situação econômico-financeira do BRB no momento atual: a) Qual é o índice de Basileia atualizado da instituição? b) Qual é o monta"
325568,355015,PL 2175/2026,156411,Emenda,GAB DEP EDUARDO PEDROSA,2026-02-25T09:26:52,1,0,0,"Dispõe sobre as medidas a serem adotadas pelo Distrito Federal, na condição de acionista controlador, para o restabelecimento e fortalecimento das condições econômico-financeiras do Banco de Brasília S.A. – BRB, e dá outras providências.",Poder Executivo,eee21456e4f42fa5ac3215daaaae2c23b61ac002384770c0b7e502794480aaff,https://ple.cl.df.gov.br/pleservico/api/public/proposicao/156411/documento/ativas,data/raw/documento-ativas/28308ee15c2f8091.json,"Eduardo Pedrosa) Ao Projeto de Lei Nº 2175/2026, que Dispõe sobre as medidas a serem adotadas pelo Distrito Federal, na condição de acionista controlador, para o restabelecimento e fortalecimento das condições econômico-financeiras do Banco de Brasília S.A. – BRB, e dá outras providências. Adite-se, onde couber, o seguinte artigo: ""Art. ___ O Banco de Brasília S.A. – BRB deverá publicar, trimestralmente, no Diário Oficial do Distrito Federal e em seu sítio eletrônico, relatório detalhado contendo: I – a relação dos"
325569,355017,PL 2175/2026,156411,Emenda,GAB DEP EDUARDO PEDROSA,2026-02-25T09:30:29,1,1,0,"Dispõe sobre as medidas a serem adotadas pelo Distrito Federal, na condição de acionista controlador, para o restabelecimento e fortalecimento das condições econômico-financeiras do Banco de Brasília S.A. – BRB, e dá outras providências.",Poder Executivo,fdee1ff10449c440fb8c12cedd717d70a77401822030b7028c38e3eb40835b2a,https://ple.cl.df.gov.br/pleservico/api/public/proposicao/156411/documento/ativas,data/raw/documento-ativas/28308ee15c2f8091.json,"Eduardo Pedrosa) Ao Projeto de Lei Nº 2175/2026, que Dispõe sobre as medidas a serem adotadas pelo Distrito Federal, na condição de acionista controlador, para o restabelecimento e fortalecimento das condições econômico-financeiras do Banco de Brasília S.A. – BRB, e dá outras providências. Adite-se ao Art. 4º do projeto de lei o seguinte parágrafo: ""Art. 4º (...) §2º. Caso a reavaliação anual dos ativos ou a recuperação das operações financeiras que deram causa ao aporte demonstrem que o valor dos bens transferidos"
325641,355230,PL 2175/2026,156411,Emenda,GAB DEP PEPA,2026-02-25T13:48:49,1,0,0,"Dispõe sobre as medidas a serem adotadas pelo Distrito Federal, na condição de acionista controlador, para o restabelecimento e fortalecimento das condições econômico-financeiras do Banco de Brasília S.A. – BRB, e dá outras providências.",Poder Executivo,d762080b2b353ee654202de5d5744828598da7d4322a882de345d2c9b9f0def5,https://ple.cl.df.gov.br/pleservico/api/public/proposicao/156411/documento/ativas,data/raw/documento-ativas/28308ee15c2f8091.json,"Wellington Luiz) Ao Projeto de Lei Nº 2175/2026, que Dispõe sobre as medidas a serem adotadas pelo Distrito Federal, na condição de acionista controlador, para o restabelecimento e fortalecimento das condições econômico-financeiras do Banco de Brasília S.A. – BRB, e dá outras providências. Adite-se, onde couber, o seguinte artigo, renumerando-se os demais: Art. 1º O Projeto de Lei nº 2165, de 2026, passa a vigorar acrescido do seguinte artigo: Art. __. Toda medida de recomposição, reforço ou ampliação do patrimônio"
325900,355868,PL 2175/2026,156411,Emenda,GAB DEP PEPA,2026-03-02T12:52:32,1,0,0,"Dispõe sobre as medidas a serem adotadas pelo Distrito Federal, na condição de acionista controlador, para o restabelecimento e fortalecimento das condições econômico-financeiras do Banco de Brasília S.A. – BRB, e dá outras providências.",Poder Executivo,e49728c8b2fa8454e86807424c3d9926d216632ab93aaf8cced6fb6f83d4a5e6,https://ple.cl.df.gov.br/pleservico/api/public/proposicao/156411/documento/ativas,data/raw/documento-ativas/28308ee15c2f8091.json,"a) À emenda nº 3 do Projeto de Lei Nº 2175/2026, que Dispõe sobre as medidas a serem adotadas pelo Distrito Federal, na condição de acionista controlador, para o restabelecimento e fortalecimento das condições econômico-financeiras do Banco de Brasília S.A. – BRB, e dá outras providências. O caput do artigo 1º da emenda nº 3 passa a vigorar com a seguinte redação: Art. 1º O Projeto de Lei nº 2175, de 2026, passa a vigorar acrescido do seguinte artigo: JUSTIFICAÇÃO Ajuste de redação. Sala das Sessões, Deputado pepa "
325932,355954,PL 2175/2026,156411,Emenda,GAB DEP WELLINGTON LUIZ,2026-03-02T20:14:07,1,0,0,"Dispõe sobre as medidas a serem adotadas pelo Distrito Federal, na condição de acionista controlador, para o restabelecimento e fortalecimento das condições econômico-financeiras do Banco de Brasília S.A. – BRB, e dá outras providências.",Poder Executivo,6d5d6a0894144ad6a4c6c2c7d7284b412e472c9d794762d44811efd80d55e825,https://ple.cl.df.gov.br/pleservico/api/public/proposicao/156411/documento/ativas,data/raw/documento-ativas/28308ee15c2f8091.json,"wellington Luiz) Ao Projeto de Lei Nº 2175/2026, que Dispõe sobre as medidas a serem adotadas pelo Distrito Federal, na condição de acionista controlador, para o restabelecimento e fortalecimento das condições econômico-financeiras do Banco de Brasília S.A. – BRB, e dá outras providências. O Art. 7º do Projeto Lei nº 2175/2026, passa a vigorar com a seguinte redação: “Art. 7º O Distrito Federal poderá compensar, mediante bens imóveis de valor equivalente, aqueles de propriedade da CEB, CAESB e TERRACAP constantes d"
325989,356115,PL 2175/2026,156411,Emenda,GAB DEP FÁBIO FÉLIX,2026-03-03T12:23:46,1,1,0,"Dispõe sobre as medidas a serem adotadas pelo Distrito Federal, na condição de acionista controlador, para o restabelecimento e fortalecimento das condições econômico-financeiras do Banco de Brasília S.A. – BRB, e dá outras providências.",Poder Executivo,e15a193e12d74f2dd8919b1e926c37ef792910935536a72064d54d3d10095ab5,https://ple.cl.df.gov.br/pleservico/api/public/proposicao/156411/documento/ativas,data/raw/documento-ativas/28308ee15c2f8091.json,"ado Fábio Felix) Ao Projeto de Lei Nº 2175/2026, que Dispõe sobre as medidas a serem adotadas pelo Distrito Federal, na condição de acionista controlador, para o restabelecimento e fortalecimento das condições econômico-financeiras do Banco de Brasília S.A. – BRB, e dá outras providências. CAPÍTULO I DAS DISPOSIÇÕES GERAIS E DO OBJETO Art. 1º Esta Lei reconhece a existência de situação extraordinária de risco financeiro relevante no Banco de Brasília S.A. – BRB, decorrente de exposição a carteiras de crédito e ativ"
325992,356111,PL 2175/2026,156411,Emenda,GAB DEP JORGE VIANNA,2026-03-03T14:06:45,1,0,0,"Dispõe sobre as medidas a serem adotadas pelo Distrito Federal, na condição de acionista controlador, para o restabelecimento e fortalecimento das condições econômico-financeiras do Banco de Brasília S.A. – BRB, e dá outras providências.",Poder Executivo,854aaa76f88ce026fdb10bb2d4424943ccf01f322124730951ce5cf7f17ae77d,https://ple.cl.df.gov.br/pleservico/api/public/proposicao/156411/documento/ativas,data/raw/documento-ativas/28308ee15c2f8091.json,"rge Vianna) Ao PROJETO DE LEI Nº 2.175, DE 2026, que dispõe sobre as medidas a serem adotadas pelo Distrito Federal, na condição de acionista controlador, para o restabelecimento e fortalecimento das condições econômico-financeiras do Banco de Brasília S.A. – BRB, e dá outras providências. Acrescente-se ao Projeto de Lei nº 2.175, de 2026, o art. 5º, renumerando-se os demais: Art. 5º Nas operações previstas nesta Lei que envolvam transferência ou monetização de bens e direitos de titularidade do Distrito Federal em"
325994,356104,PL 2175/2026,156411,Emenda,LIDGOV,2026-03-03T14:15:41,1,0,0,"Dispõe sobre as medidas a serem adotadas pelo Distrito Federal, na condição de acionista controlador, para o restabelecimento e fortalecimento das condições econômico-financeiras do Banco de Brasília S.A. – BRB, e dá outras providências.",Poder Executivo,d1a6a9619869d573e51cdb6f415bfc6b248968d7095c9c798ad81ca41d1d0763,https://ple.cl.df.gov.br/pleservico/api/public/proposicao/156411/documento/ativas,data/raw/documento-ativas/28308ee15c2f8091.json,"eputado Hermeto) Ao Projeto de Lei Nº 2175/2026, que Dispõe sobre as medidas a serem adotadas pelo Distrito Federal, na condição de acionista controlador, para o restabelecimento e fortalecimento das condições econômico-financeiras do Banco de Brasília S.A. – BRB, e dá outras providências. Renumera-se o parágrafo único do art. 4º, que passa a constituir §1º, e acrescem-se os §§ 2º e 3º ao referido artigo, com a seguinte redação: Art. 4º [...] §2º. A constituição de Fundos de Investimento Imobiliário (FII) será real"
326014,356168,PL 2175/2026,156411,Emenda,GAB DEP DAYSE AMARILIO,2026-03-03T15:59:05,1,0,0,"Dispõe sobre as medidas a serem adotadas pelo Distrito Federal, na condição de acionista controlador, para o restabelecimento e fortalecimento das condições econômico-financeiras do Banco de Brasília S.A. – BRB, e dá outras providências.",Poder Executivo,d28a6b2d407395ff1d4bcc155433b03e8c2560d39b2759a42e810917f4e6bded,https://ple.cl.df.gov.br/pleservico/api/public/proposicao/156411/documento/ativas,data/raw/documento-ativas/28308ee15c2f8091.json,"Dayse Amarilio) Ao Projeto de Lei Nº 2175/2026, que Dispõe sobre as medidas a serem adotadas pelo Distrito Federal, na condição de acionista controlador, para o restabelecimento e fortalecimento das condições econômico-financeiras do Banco de Brasília S.A. – BRB, e dá outras providências. Acrescente-se o § 5º ao art. 3º do Projeto de Lei nº 2175/2026, com a seguinte redação: § 5º A utilização dos imóveis de que trata este artigo dependerá da existência de laudo de avaliação previamente elaborado e aprovado pelo Con"
326015,356172,PL 2175/2026,156411,Emenda,GAB DEP DAYSE AMARILIO,2026-03-03T16:02:47,1,0,0,"Dispõe sobre as medidas a serem adotadas pelo Distrito Federal, na condição de acionista controlador, para o restabelecimento e fortalecimento das condições econômico-financeiras do Banco de Brasília S.A. – BRB, e dá outras providências.",Poder Executivo,08df207d93e5a8b59375b270f74bc2754524003a90d32f7a0aeb9411309f70e2,https://ple.cl.df.gov.br/pleservico/api/public/proposicao/156411/documento/ativas,data/raw/documento-ativas/28308ee15c2f8091.json,"Dayse Amarilio) Ao Projeto de Lei Nº 2175/2026, que Dispõe sobre as medidas a serem adotadas pelo Distrito Federal, na condição de acionista controlador, para o restabelecimento e fortalecimento das condições econômico-financeiras do Banco de Brasília S.A. – BRB, e dá outras providências. Acrescente-se o art. 4º-A ao Projeto de Lei nº 2175/2026, com a seguinte redação: Art. 4º-A. A implementação das medidas autorizadas por esta Lei ficará condicionada à apresentação pelo Banco de Brasília S.A. – BRB de Plano de Açã"
326018,356203,PL 2175/2026,156411,Emenda,GAB DEP DOUTORA JANE,2026-03-03T16:13:00,1,0,0,"Dispõe sobre as medidas a serem adotadas pelo Distrito Federal, na condição de acionista controlador, para o restabelecimento e fortalecimento das condições econômico-financeiras do Banco de Brasília S.A. – BRB, e dá outras providências.",Poder Executivo,30b3bd6f3a9fdf09b2bb7c7bd90b808421bf2af9ab432da18a312b9dd1c1912b,https://ple.cl.df.gov.br/pleservico/api/public/proposicao/156411/documento/ativas,data/raw/documento-ativas/28308ee15c2f8091.json,"da Doutora Jane) Ao Projeto de Lei Nº 2175/2026, que Dispõe sobre as medidas a serem adotadas pelo Distrito Federal, na condição de acionista controlador, para o restabelecimento e fortalecimento das condições econômico-financeiras do Banco de Brasília S.A. – BRB, e dá outras providências. Adite-se, onde couber, o seguinte artigo: ""Art. ___ A. Os bens imóveis transferidos ao BRB sob a égide desta Lei ficam gravados com Cláusula de Reversão ao patrimônio do Distrito Federal ou das empresas públicas de origem na hipó"
326022,356206,REQ 2629/2026,156526,Requerimento,GAB DEP GABRIEL MAGNO,2026-03-03T16:38:17,1,1,0,"Requer a convocação do Secretário de Estado de Economia do Distrito Federal, para prestar informações a esta Casa sobre a gestão fiscal do Distrito Federal e os impactos da Operação Compliance Zero nas contas públicas.",Deputado Gabriel Magno,5ce3e75b58201652877353a64eef6e6952be7cd923c6cf8cb2190d597d127c47,https://ple.cl.df.gov.br/pleservico/api/public/proposicao/156526/documento/ativas,data/raw/documento-ativas/963573d2683234a3.json,"inanceira (Decreto n.º 48.125/2025 c/c ao Decreto n.º 48.172/2026), expedidos pelo Governador para controlar gastos em 2026, e (ii) os impactos sobre o Tesouro e o Instituto de Previdência dos Servidores do Distrito Federal em razão das operações envolvendo o BRB e o Banco Master. JUSTIFICAÇÃO Durante o exercício financeiro de 2025, o Poder Executivo promulgou 22 (vinte e duas) leis e publicou 124 (cento e vinte e quatro) decretos, lastreados em fonte de excesso de arrecadação. A título de exemplo, somente no que t"
326023,356209,REQ 2630/2026,156527,Requerimento,GAB DEP GABRIEL MAGNO,2026-03-03T16:51:20,1,1,0,"Requer a convocação da Diretora-Presidente do Instituto de Previdência dos Servidores do Distrito Federal (IPREV/DF) para prestar esclarecimentos a esta Casa sobre as operações financeiras entre BRB e Banco Master, incluindo a Operação Compliance Zero, e os impactos sobre o patrimônio do servidor pú",Deputado Gabriel Magno,12e9316bfb23edd814ddef5db3e699ff0bbede9b08219fb0de2d2b346efa5d0b,https://ple.cl.df.gov.br/pleservico/api/public/proposicao/156527/documento/ativas,data/raw/documento-ativas/735024734ae7f179.json,"º, DE 2026 (Autoria: Deputado(a) ) Requer a convocação da Diretora-Presidente do Instituto de Previdência dos Servidores do Distrito Federal (IPREV/DF) para prestar esclarecimentos a esta Casa sobre as operações financeiras entre BRB e Banco Master, incluindo a Operação Compliance Zero, e os impactos sobre o patrimônio do servidor público.. Excelentíssimo Senhor Presidente da Câmara Legislativa do Distrito Federal: Requeiro, nos termos do art. 60[1], XIV, da Lei Orgânica do Distrito Feder"
326024,356212,REQ 2631/2026,156528,Requerimento,GAB DEP GABRIEL MAGNO,2026-03-03T17:03:29,1,1,1,"Requer a convocação do ex-Presidente do Banco de Brasília (BRB), Paulo Henrique Costa, para prestar informações a esta Casa sobre as operações financeiras entre BRB e Banco Master e a Operação Compliance Zero.",Deputado Gabriel Magno,fd6fc1f838756beac5b6c69868f41dc32a9055f6f984dc2be0234c2eaa1051c3,https://ple.cl.df.gov.br/pleservico/api/public/proposicao/156528/documento/ativas,data/raw/documento-ativas/8f8f9a14e450318a.json,"CÂMARA LEGISLATIVA DO DISTRITO FEDERAL Gabinete do Deputado Gabriel Magno - Gab 16 Requerimento Nº, DE 2026 (Autoria: Deputado(a) ) Requer a convocação do ex-Presidente do Banco de Brasília (BRB), Paulo Henrique Costa, para prestar informações a esta Casa sobre as operações financeiras entre BRB e Banco Master e a Operação Compliance Zero.. Excelentíssimo Senhor Presidente da Câmara Legislativa do Distrito Federal: Requeiro, nos termos do art. 60[1],"
326025,356215,REQ 2632/2026,156529,Requerimento,GAB DEP GABRIEL MAGNO,2026-03-03T17:09:39,1,1,1,Requer ao Governador do Distrito Federal informações sobre as Operações entre Banco de Brasília (BRB) e Banco Master com foco na Operação Compliance Zero.,Deputado Gabriel Magno,3752216978cbdcddc3c154c96001968db5462bdb75f5c250d2223903ed128fbe,https://ple.cl.df.gov.br/pleservico/api/public/proposicao/156529/documento/ativas,data/raw/documento-ativas/6b073bf597ee6be1.json,"CÂMARA LEGISLATIVA DO DISTRITO FEDERAL Gabinete do Deputado Gabriel Magno - Gab 16 Requerimento Nº, DE 2026 (Autoria: Deputado Gabriel Magno) Requer ao Governador do Distrito Federal informações sobre as Operações entre Banco de Brasília (BRB) e Banco Master com foco na Operação Compliance Zero.. Excelentíssimo Senhor Presidente da Câmara Legislativa do Distrito Federal: Com fulcro no art. 60, XVI[1], XXXII[2], da Lei Orgânica do Distrito Federal, e nos termos do art. 42, I, Regimento Interno dest"
326026,356218,PL 2175/2026,156411,Emenda,GAB DEP JORGE VIANNA,2026-03-03T17:26:12,1,0,0,"Dispõe sobre as medidas a serem adotadas pelo Distrito Federal, na condição de acionista controlador, para o restabelecimento e fortalecimento das condições econômico-financeiras do Banco de Brasília S.A. – BRB, e dá outras providências.",Poder Executivo,25bc95b7530288d4bf5a3cbf9aeaa7885fca3d808bc9a173cc3a1f842338d6a3,https://ple.cl.df.gov.br/pleservico/api/public/proposicao/156411/documento/ativas,data/raw/documento-ativas/28308ee15c2f8091.json,"do Jorge Vianna) Ao Projeto de Lei Nº 2175/2026, que Dispõe sobre as medidas a serem adotadas pelo Distrito Federal, na condição de acionista controlador, para o restabelecimento e fortalecimento das condições econômico-financeiras do Banco de Brasília S.A. – BRB, e dá outras providências. Acrescente-se ao Projeto de Lei nº 2.175, o § 5º ao art. 3º, com a seguinte redação: “Art. 3º ............................................................................ § 5º Ficam excluídos das autorizações de alienação, cessão"
326027,356220,PL 2175/2026,156411,Emenda,GAB DEP WELLINGTON LUIZ,2026-03-03T17:28:03,1,0,0,"Dispõe sobre as medidas a serem adotadas pelo Distrito Federal, na condição de acionista controlador, para o restabelecimento e fortalecimento das condições econômico-financeiras do Banco de Brasília S.A. – BRB, e dá outras providências.",Poder Executivo,8300f7ece1e7d1a9ddf2e992581a3136d3502c418dce894bed82b3b293038a59,https://ple.cl.df.gov.br/pleservico/api/public/proposicao/156411/documento/ativas,data/raw/documento-ativas/28308ee15c2f8091.json,"wellington Luiz) Ao Projeto de Lei Nº 2175/2026, que Dispõe sobre as medidas a serem adotadas pelo Distrito Federal, na condição de acionista controlador, para o restabelecimento e fortalecimento das condições econômico-financeiras do Banco de Brasília S.A. – BRB, e dá outras providências. O Art. 7º do Projeto Lei nº 2175/2026, passa a vigorar com a seguinte redação: “Art. 7º O Distrito Federal deverá compensar, mediante bens imóveis de valor equivalente, aqueles de propriedade da CEB, CAESB e TERRACAP constantes d"
326030,356226,PL 2175/2026,156411,Emenda,GAB DEP HERMETO,2026-03-03T17:53:07,1,0,0,"Dispõe sobre as medidas a serem adotadas pelo Distrito Federal, na condição de acionista controlador, para o restabelecimento e fortalecimento das condições econômico-financeiras do Banco de Brasília S.A. – BRB, e dá outras providências.",Poder Executivo,ea6dc4a616966270748cc0edac1e9aabbd8722a5596c118cc1b7ab58fc530eeb,https://ple.cl.df.gov.br/pleservico/api/public/proposicao/156411/documento/ativas,data/raw/documento-ativas/28308ee15c2f8091.json,"eputado Hermeto) Ao Projeto de Lei Nº 2175/2026, que Dispõe sobre as medidas a serem adotadas pelo Distrito Federal, na condição de acionista controlador, para o restabelecimento e fortalecimento das condições econômico-financeiras do Banco de Brasília S.A. – BRB, e dá outras providências. Acrescente-se ao Projeto de Lei nº 2.175, o § 5º ao art. 3º, com a seguinte redação: “Art. 3º ............................................................................ § 5º Ficam excluídos das autorizações de alienação, cessão"
326041,356263,PL 2175/2026,156411,Voto em Separado,LIDPT,2026-03-03T20:22:08,1,1,0,"Dispõe sobre as medidas a serem adotadas pelo Distrito Federal, na condição de acionista controlador, para o restabelecimento e fortalecimento das condições econômico-financeiras do Banco de Brasília S.A. – BRB, e dá outras providências.",Poder Executivo,35b58cd0692cd6f0470b1c464b2e2d7f8c328c29bc32a74539eece6eee52301b,https://ple.cl.df.gov.br/pleservico/api/public/proposicao/156411/documento/ativas,data/raw/documento-ativas/28308ee15c2f8091.json,"ei nº 2175/2026 Ao Projeto de Lei nº 2175/2026, que “Dispõe sobre as medidas a serem adotadas pelo Distrito Federal, na condição de acionista controlador, para o restabelecimento e fortalecimento das condições econômico-financeiras do Banco de Brasília S.A. – BRB, e dá outras providências.” AUTOR: Poder Executivo VOTO EM SEPARADO Projeto de Lei nº 2.175 – Rombo no BRB O Governador encaminhou à Câmara Legislativa um Projeto de Lei para tentar cobrir o rombo deixado pelas nebulosas operações de seu Governo com o Banc"
326206,356729,PL 2175/2026,156411,Redação Final,CCJ,2026-03-05T16:38:05,1,0,0,"Dispõe sobre as medidas a serem adotadas pelo Distrito Federal, na condição de acionista controlador, para o restabelecimento e fortalecimento das condições econômico-financeiras do Banco de Brasília S.A. – BRB, e dá outras providências.",Poder Executivo,f9441e0682ad5ba45b00189235b330de8d2d4329066ab5555fb41060412a8b35,https://ple.cl.df.gov.br/pleservico/api/public/proposicao/156411/documento/ativas,data/raw/documento-ativas/28308ee15c2f8091.json,"ustiça PROJETO DE LEI Nº 2.175 DE 2026 Redação Final Dispõe sobre as medidas a serem adotadas pelo Distrito Federal, na condição de acionista controlador, para o restabelecimento e fortalecimento das condições econômico-financeiras do Banco de Brasília S.A. – BRB, e dá outras providências. A CÂMARA LEGISLATIVA DO DISTRITO FEDERAL decreta: Art. 1º Esta Lei dispõe sobre os instrumentos destinados ao fortalecimento da estrutura patrimonial e da liquidez do Banco de Brasília S.A. – BRB, com vistas à preservação do inte"
326287,357019,REQ 2652/2026,156584,Requerimento,GAB DEP FÁBIO FÉLIX,2026-03-07T15:50:20,1,1,0,"Requer a criação da ""Subcomissão do BRB-Master"", no âmbito da Comissão de Constituição e Justiça - CCJ, para a apurar as operações entre as instituições, indicar responsabilidades e fiscalizar a execução do plano de capitalização proposto ",Deputado Fábio Felix,44351ce395eede303a72a2b99cf72f47e2a13b040b6ae959ec7cd7969e6fefda,https://ple.cl.df.gov.br/pleservico/api/public/proposicao/156584/documento/ativas,data/raw/documento-ativas/e11370cf20bc2073.json,"CÂMARA LEGISLATIVA DO DISTRITO FEDERAL Gabinete do Deputado Fábio Félix - Gab 24 Requerimento Nº, DE 2026 (Autoria: Deputado Fábio Felix) Requer a criação da ""Subcomissão do BRB-Master"", no âmbito da Comissão de Constituição e Justiça - CCJ, para a apurar apurar os prejuízos decorrentes das operações e fiscalizar a execução do plano de capitalização Excelentíssimo Senhor Presidente da Câmara Legislativa do Distrito Federal: Com funda"
326288,356969,REQ 2653/2026,156585,Requerimento,GAB DEP THIAGO MANZONI,2026-03-08T12:03:29,1,1,0,Requer a convocação do Sr. Secretário de Estado de Economia do Distrito Federal e do Sr. Presidente do Banco de Brasília - BRB para que prestem pessoalmente esclarecimentos sobre a situação financeira do Banco de Brasília e sobre as medidas de socorro necessárias.,Deputado Thiago Manzoni,0aff65d9247dcbab04e78729d68940931c66cad7b4006656f6d2655cbd8a1003,https://ple.cl.df.gov.br/pleservico/api/public/proposicao/156585/documento/ativas,data/raw/documento-ativas/2bc2da65b09d013a.json,"LEGISLATIVA DO DISTRITO FEDERAL Gabinete do Deputado Thiago Manzoni - Gab 08 Requerimento Nº, DE 2026 (Autoria: Deputado Thiago Manzoni) Requer a convocação do Sr. Secretário de Estado de Economia do Distrito Federal e do Sr. Presidente do Banco de Brasília - BRB para que prestem pessoalmente esclarecimentos sobre a situação financeira do Banco de Brasília e sobre as medidas de socorro necessárias. Excelentíssimo Senhor Presidente da Câmara Legislativa do Distrito Federal: Requeiro, nos termos do art. 60, XIV, da L"
326472,357314,REQ 2660/2026,156622,Requerimento,GAB DEP CHICO VIGILANTE,2026-03-10T09:48:06,1,1,0,Requer a convocação do Diretor-Presidente da Terracap (Agência de Desenvolvimento do Distrito Federal).,Deputado Chico Vigilante,5781eda2d3517afb61c411a9cf482940362e8a96345cf1e868f6328b3110128a,https://ple.cl.df.gov.br/pleservico/api/public/proposicao/156622/documento/ativas,data/raw/documento-ativas/dbc6c0c9fa3ea5bf.json,"do Distrito Federal), para prestar, pessoalmente, informações à Comissão de Constituição e Justiça sobre a situação jurídica e imobiliária, bem como as consequências e reflexos para a Administração Pública e população dos seguintes imóveis transferidos para o BRB: JUSTIFICAÇÃO Segundo a Lei Orgânica do Distrito Federal (art. 60, XIV), compete à Câmara Legislativa, privativamente, “convocar Secretários de Estado do Distrito Federal, dirigentes e servidores da administração direta e indireta do Distrito Federal a pre"
326501,357508,REQ 2664/2026,156635,Requerimento,GAB DEP MAX MACIEL,2026-03-10T12:36:26,1,1,1,"Requer o encaminhamento de pedido de informações ao Governador do Distrito Federal sobre contrato de cessão de direitos firmado entre seu escritório de advocacia e a Reag Gestora, bem como sobre a eventual existência de conflitos de interesses em operações do Banco de Brasília – BRB envolvendo o Ban",Deputado Max Maciel,eb1db4d2b332619b2c7e9e80f55e7d1adbfb9732ad624a3cb8c3ab94386e6554,https://ple.cl.df.gov.br/pleservico/api/public/proposicao/156635/documento/ativas,data/raw/documento-ativas/d6bab849d0b6f93c.json,"nto de pedido de informações ao Governador do Distrito Federal sobre contrato de cessão de direitos firmado entre seu escritório de advocacia e a Reag Gestora, bem como sobre a eventual existência de conflitos de interesses em operações do Banco de Brasília – BRB envolvendo o Banco Master e entes coligados. Excelentíssimo Senhor Presidente da Câmara Legislativa do Distrito Federal: Requeiro, nos termos do art. 42 do Regimento Interno da Câmara Legislativa do Distrito Federal (RICLDF), bem como dos arts. 60, inciso "
326524,357492,REQ 2665/2026,156639,Requerimento,GAB DEP MAX MACIEL,2026-03-10T16:04:28,1,1,1,"Requer o encaminhamento de pedido de informações à Controladoria-Geral do Distrito Federal acerca de eventual análise de integridade, governança e conflito de interesses envolvendo operações do Banco de Brasília – BRB relacionadas ao Banco Master e estruturas financeiras associadas.",Deputado Max Maciel,a182717301da87e26b4f5c55d005a76ff88671663a79df16c650ca87d003bb22,https://ple.cl.df.gov.br/pleservico/api/public/proposicao/156639/documento/ativas,data/raw/documento-ativas/c16ac29988ccfb46.json,"to Nº, DE 2026 (Autoria: Deputado MAX MACIEL) Requer o encaminhamento de pedido de informações à Controladoria-Geral do Distrito Federal acerca de eventual análise de integridade, governança e conflito de interesses envolvendo operações do Banco de Brasília – BRB relacionadas ao Banco Master e estruturas financeiras associadas. Excelentíssimo Senhor Presidente da Câmara Legislativa do Distrito Federal: Requeiro, nos termos do art. 42 do Regimento Interno da Câmara Legislativa do Distrito Federal (RICLDF), bem como "
326526,357494,REQ 2663/2026,156640,Requerimento,GAB DEP MAX MACIEL,2026-03-10T16:27:17,1,1,1,"Requer o encaminhamento de pedido de informações ao Banco de Brasília S.A. – BRB acerca de análises de integridade, governança e gestão de riscos relacionadas a operações financeiras envolvendo ativos vinculados ao Banco Master e estruturas financeiras associadas.",Deputado Max Maciel,9eab30bcabfaee0906395cc08b940ecbceb8e960b70f50ecc1c9c8a6a29af80e,https://ple.cl.df.gov.br/pleservico/api/public/proposicao/156640/documento/ativas,data/raw/documento-ativas/c656efa561a3b41a.json,"CÂMARA LEGISLATIVA DO DISTRITO FEDERAL Gabinete do Deputado Max Maciel - Gab 02 Requerimento Nº, DE 2026 (Autoria: Deputado MAX MACIEL) Requer o encaminhamento de pedido de informações ao Banco de Brasília S.A. – BRB acerca de análises de integridade, governança e gestão de riscos relacionadas a operações financeiras envolvendo ativos vinculados ao Banco Master e estruturas financeiras associadas. Excelentíssimo Senhor Presidente da Câmara Legislativa do Distrito Federal:"
326531,357519,REQ 2666/2026,156643,Requerimento,LIDPT,2026-03-10T17:24:59,1,1,0,Requer o encaminhamento de pedido de informações ao Senhor Procurador-Geral do Distrito Federal.,Deputado Ricardo Vale; Deputado Chico Vigilante; Deputado Gabriel Magno,c89479f661236f03d244b4e5060fd7a4ad498864e05081a0c543e2589a2d969a,https://ple.cl.df.gov.br/pleservico/api/public/proposicao/156643/documento/ativas,data/raw/documento-ativas/aac98d704d0d1da8.json,"e o referido escritório, caso tenha como devedor o Distrito Federal, suas autarquias e fundações; 7) esclarecimentos se houve manifestação ou ciência da PGDF sobre a utilização de precatórios do DF como lastro em fundos de investimento que adquiriram ações do BRB ou participaram de operações de compra de carteiras de crédito sob investigação na Operação Compliance Zero; 8) informações se foram realizados estudos de impacto ou análise de integridade sobre o pagamento de grandes montantes de precatórios a escritório "
326746,358145,REQ 2674/2026,156697,Requerimento,LIDPT,2026-03-12T12:54:07,1,1,0,Requer o encaminhamento de pedido de informações ao Senhor Procurador-Geral do Distrito Federal. ,Deputado Gabriel Magno; Deputado Chico Vigilante; Deputado Ricardo Vale,897638043f9bed02123cef39968ff14dc21ae4729a109105ca4c415442513a8b,https://ple.cl.df.gov.br/pleservico/api/public/proposicao/156697/documento/ativas,data/raw/documento-ativas/b230beb465813deb.json,"eral do Distrito Federal pedido das seguintes informações: I - cópia intergral e legígel do voto escrito e assinado a ser apresentado ou já apresentado pelo Procurador Geral do Distrito Federal, na Assembleia Extraordinária de Acionistas do Banco de Brasília (BRB), convocada para o dia 18 de março do corrente ano, na qualidade de acionista majoritário, com o posicionamento sobre cada item da ordem do dia, especialmente sobre as eventuais vantagens ou desvantagens econômicas para o Distrito Federal quanto ao aumento"
326750,358149,REQ 2675/2026,156701,Requerimento,LIDPT,2026-03-12T13:13:15,1,1,0,Requer o encaminhamento de pedido de informações à Senhora Diretora Presidente do Instituto de Previdência do Distrito Federal – IPREV/DF ,Deputado Gabriel Magno; Deputado Chico Vigilante; Deputado Ricardo Vale,e015a231195bfeade17f85047aed987fca6004cfb08eb58f07d90e97cc8a54ee,https://ple.cl.df.gov.br/pleservico/api/public/proposicao/156701/documento/ativas,data/raw/documento-ativas/a7ed6217c25d1684.json,"urador-Geral do Distrito Federal pedido das seguintes informações: I - cópia intergral e legígel do voto escrito e assinado a ser apresentado ou já apresentado pela Diretora-Presidnete do IPREV, na Assembleia Extraordinária de Acionistas do Banco de Brasília (BRB), convocada para o dia 18 de março do corrente ano, na qualidade de acionista majoritário, com o posicionamento sobre cada item da ordem do dia, especialmente sobre as eventuais vantagens ou desvantagens econômicas para o Distrito Federal quanto ao aumento"
326901,358713,REQ 2653/2026,156585,Folha de Votação,CCJ,2026-03-16T15:08:08,1,0,0,Requer a convocação do Sr. Secretário de Estado de Economia do Distrito Federal e do Sr. Presidente do Banco de Brasília - BRB para que prestem pessoalmente esclarecimentos sobre a situação financeira do Banco de Brasília e sobre as medidas de socorro necessárias.,Deputado Thiago Manzoni,37600c06da3a48f3e70411cfe1ee5ed2524a67a89623f5b37c8e97946f5696d6,https://ple.cl.df.gov.br/pleservico/api/public/proposicao/156585/documento/ativas,data/raw/documento-ativas/2bc2da65b09d013a.json,CÂMARA LEGISLATIVA DO DISTRITO FEDERAL Comissão de Constituição e Justiça Folha de votação Requerimento 2653/2026 Requer a convocação do Sr. Secretário de Estado de Economia do Distrito Federal e do Sr. Presidente do Banco de Brasília - BRB para que prestem pessoalmente esclarecimentos sobre a situação financeira do Banco de Brasília e sobre as medidas de socorro necessárias. Autoria: Deputado Thiago Manzoni Assinam e votam o parecer os(as) Deputados(as): TITULARES ACOMPANHAMENTO Favorável Contr
328849,361908,REQ 2728/2026,157014,Requerimento,GAB DEP FÁBIO FÉLIX,2026-03-31T11:42:07,1,1,0,Requer informações ao Banco de Brasília S.A. – BRB sobre compensações e tentativas de recuperação patrimonial decorrentes da aquisição de ativos originários do Banco Master,Deputado Fábio Felix,b6152884c8ccd4315eb68c9a5c8410090030826f818b207621f0a1a66bc5cf7c,https://ple.cl.df.gov.br/pleservico/api/public/proposicao/157014/documento/ativas,data/raw/documento-ativas/eeb0f77b9e535d84.json,"CÂMARA LEGISLATIVA DO DISTRITO FEDERAL Gabinete do Deputado Fábio Félix - Gab 24 Requerimento Nº, DE 2026 (Autoria: Deputado Fábio Felix) Requer informações ao Banco de Brasília S.A. – BRB sobre compensações e tentativas de recuperação patrimonial decorrentes da aquisição de ativos originários do Banco Master. Excelentíssimo Senhor Presidente da Câmara Legislativa do Distrito Federal: Requeiro, nos termos regimentais, sejam requeridas do Banco"
328857,362946,REQ 2729/2026,157017,Requerimento,GAB DEP FÁBIO FÉLIX,2026-03-31T12:17:21,1,1,0,"Reque informações acerca de atuação institucional, consultiva e contenciosa, da Procuradoria-Geral do Distrito Federal – PGDF, relacionada às negociações, tentativas de aquisição de ativos e demais operações envolvendo o Banco de Brasília S.A. – BRB e o Banco Master",Deputado Fábio Felix,ee2bf5302856125d1c8fc2d984c4c1921ca1af53002f4fc4bbe177b40dc5b969,https://ple.cl.df.gov.br/pleservico/api/public/proposicao/157017/documento/ativas,data/raw/documento-ativas/f36f7c7e7204de8d.json,"Fábio Felix) Reque informações acerca de atuação institucional, consultiva e contenciosa, da Procuradoria-Geral do Distrito Federal – PGDF, relacionada às negociações, tentativas de aquisição de ativos e demais operações envolvendo o Banco de Brasília S.A. – BRB e o Banco Master Excelentíssimo Senhor Presidente da Câmara Legislativa do Distrito Federal: Requeiro, nos termos regimentais, as seguintes informações acerca de sua atuação institucional, consultiva e contenciosa, relacionada às negociações, tentativas de "
329491,362739,REQ 2725/2026,157105,Requerimento,GAB DEP THIAGO MANZONI,2026-04-06T17:29:39,1,1,0,Requer a convocação do Sr. Presidente do Banco de Brasília - BRB para que preste pessoalmente esclarecimentos sobre a situação financeira do Banco de Brasília e sobre as medidas de socorro necessárias. ,Deputado Thiago Manzoni,17246ed90ed4e7695104f6b5edcded721f92502457cbb9aa9d44947ec536064c,https://ple.cl.df.gov.br/pleservico/api/public/proposicao/157105/documento/ativas,data/raw/documento-ativas/633c101e223ee941.json,"CÂMARA LEGISLATIVA DO DISTRITO FEDERAL Gabinete do Deputado Thiago Manzoni - Gab 08 Requerimento Nº, DE 2026 (Autoria: Deputado Thiago Manzoni) Requer a convocação do Sr. Presidente do Banco de Brasília - BRB para que preste pessoalmente esclarecimentos sobre a situação financeira do Banco de Brasília e sobre as medidas de socorro necessárias. Excelentíssimo Senhor Presidente da Câmara Legislativa do Distrito Federal: Requeiro, nos termos do art. 60, XIV, da Lei O"
329492,362759,REQ 2724/2026,157106,Requerimento,GAB DEP THIAGO MANZONI,2026-04-06T18:25:45,1,1,0,"Requer a convocação do Sr. Secretário de Estado de Economia e do Sr. Secretário Adjunto de Economia para que prestem pessoalmente esclarecimentos sobre a situação financeira do Banco de Brasília, sobre as medidas de socorro necessárias e sobre a situação econômico-financeira do Distrito Federal. ",Deputado Thiago Manzoni,bde12af61149be0477c9206281d47b16223cd640cadf6f843bff81aa961e7072,https://ple.cl.df.gov.br/pleservico/api/public/proposicao/157106/documento/ativas,data/raw/documento-ativas/72b5869679d2c7d0.json,"Interno, a convocação do Senhor Secretário de Estado de Economia, Valdivino José de Oliveira, e do Sr. Secretário Adjunto de Economia, Daniel Izaias de Carvalho, para que prestem pessoalmente esclarecimentos sobre a situação financeira do Banco de Brasília - BRB, as necessidades de aporte na instituição pelo acionista controlador e sobre a situação econômico-financeira do Distrito Federal. JUSTIFICAÇÃO O presente requerimento de convocação do Senhor Secretário de Estado de Economia do Distrito Federal e do Senhor S"
329522,362852,REQ 2725/2026,157105,Folha de Votação,CCJ,2026-04-07T10:25:23,1,0,0,Requer a convocação do Sr. Presidente do Banco de Brasília - BRB para que preste pessoalmente esclarecimentos sobre a situação financeira do Banco de Brasília e sobre as medidas de socorro necessárias. ,Deputado Thiago Manzoni,2903f4ab65f0ed08a45735761b54b801032e7e3eb873e0540b3bae0b00abe079,https://ple.cl.df.gov.br/pleservico/api/public/proposicao/157105/documento/ativas,data/raw/documento-ativas/633c101e223ee941.json,CÂMARA LEGISLATIVA DO DISTRITO FEDERAL Comissão de Constituição e Justiça Folha de votação Requerimento 2725/2026 Requer a convocação do Sr. Presidente do Banco de Brasília - BRB para que preste pessoalmente esclarecimentos sobre a situação financeira do Banco de Brasília e sobre as medidas de socorro necessárias. Autoria: Deputado Thiago Manzoni Assinam e votam o parecer os(as) Deputados(as): TITULARES ACOMPANHAMENTO Favorável Contrá
329534,365989,REQ 2760/2026,157118,Requerimento,GAB DEP PAULA BELMONTE,2026-04-07T11:03:22,1,1,0,"Requer o encaminhamento de pedido de informações ao Presidente do Banco de Brasília S.A. – BRB, acerca da situação econômico-financeira, patrimonial, de governança e do plano de capitalização da instituição.",Deputada Paula Belmonte,53ea3e3e55a3895f771149442af93771a7142d1f8410943f21dd283076bf3b57,https://ple.cl.df.gov.br/pleservico/api/public/proposicao/157118/documento/ativas,data/raw/documento-ativas/9fead9fa565cbe72.json,"CÂMARA LEGISLATIVA DO DISTRITO FEDERAL Gabinete da Deputada Paula Belmonte - Gab 22 Requerimento Nº, DE 2026 (Autoria: Deputada PAULA BELMONTE) Requer o encaminhamento de pedido de informações ao Presidente do Banco de Brasília S.A. – BRB, acerca da situação econômico-financeira, patrimonial, de governança e do plano de capitalização da instituição. A CÂMARA LEGISLATIVA DO DISTRITO FEDERAL, nos termos do art. 60, incisos XVI e XXXIII, da Lei Orgânica do Distrito Federal, c/c art. 42 do Regimen"
330223,365274,REQ 2749/2026,157240,Requerimento,LIDPT,2026-04-13T16:06:55,1,1,0,Requer ao Banco de Brasília S;.A BRB informações que específica. ,Deputado Ricardo Vale; Deputado Gabriel Magno; Deputado Chico Vigilante,7328fa18b1766d2ff67b32aaf9a1a129ce767b2d7de08a51d6b682bc864f2772,https://ple.cl.df.gov.br/pleservico/api/public/proposicao/157240/documento/ativas,data/raw/documento-ativas/048427673dbf1774.json,"CÂMARA LEGISLATIVA DO DISTRITO FEDERAL Liderança do PT Requerimento Nº, DE 2026 (Autoria: Deputados CHICO VIGILANTE, RICARDO VALE e GABRIEL MAGNO) Requer ao Banco de Brasília S.A. – BRB informações que especifica. Excelentíssimo Senhor Presidente da Câmara Legislativa do Distrito Federal: Nos termos do art. 40 do Regimento Interno, dirigimo-nos a Vossa Excelência para requerer que sejam solicitadas ao Presidente do Banco de Brasília – BRB as"
333983,374713,REQ 2970/2026,157892,Requerimento,GAB DEP FÁBIO FÉLIX,2026-05-25T15:48:32,1,1,0,Requer informações ao Secretário de Estado de Economia do Distrito Federal e ao Banco de Brasília S.A. acerca das operações de cessão onerosa de direitos creditórios da dívida ativa do DF ,Deputado Fábio Felix,375178b45e1947ffa1b2d61ecd4c1e7fb0de94c8ff04433868a458429f1f26ee,https://ple.cl.df.gov.br/pleservico/api/public/proposicao/157892/documento/ativas,data/raw/documento-ativas/17c79582b768ae54.json,"futura; c) à viabilidade econômica e financeira da medida; d) à identificação da pessoa jurídica responsável por cada estudo, respectivo CNPJ, data de emissão, escopo contratado e custo correspondente. 4. Encaminhar cópia integral do contrato firmado entre o BRB e o Distrito Federal para estruturação e implementação da operação, com todos os seus anexos e aditivos, bem como dos contratos celebrados pelo BRB com terceiros para estruturação, distribuição, colocação, custódia, administração, gestão, agente fiduciário,"
335336,374863,PL 2363/2026,158171,Emenda,GAB DEP FÁBIO FÉLIX,2026-06-08T14:37:25,1,1,0,"Altera a Lei nº 7.845, de 10 de março de 2026, que “dispõe sobre as medidas a serem adotadas pelo Distrito Federal, na condição de acionista controlador, para o restabelecimento e fortalecimento das condições econômico-financeiras do Banco de Brasília S.A. – BRB”, ratifica os termos do acordo homolo",Poder Executivo,c1becc052b61f43ecb56b8fe55dffdf3e14d74e9378ab2549afdd204fe065b60,https://ple.cl.df.gov.br/pleservico/api/public/proposicao/158171/documento/ativas,data/raw/documento-ativas/be992403f31856a5.json,"“altera a Lei nº 7.845, de 10 de março de 2026, que ‘dispõe sobre as medidas a serem adotadas pelo Distrito Federal, na condição de acionista controlador, para o restabelecimento e fortalecimento das condições econômico-financeiras do Banco de Brasília S.A. – BRB’, ratifica os termos do acordo homologado pelo Supremo Tribunal Federal na Ação Cível Originária nº 3755, autoriza o Poder Executivo do Distrito Federal a celebrar operação de crédito com o Fundo Garantidor de Créditos - FGC, prestar contragarantias e dá o"
335420,374943,PL 2363/2026,158171,Emenda,GAB DEP FÁBIO FÉLIX,2026-06-08T16:13:06,1,1,0,"Altera a Lei nº 7.845, de 10 de março de 2026, que “dispõe sobre as medidas a serem adotadas pelo Distrito Federal, na condição de acionista controlador, para o restabelecimento e fortalecimento das condições econômico-financeiras do Banco de Brasília S.A. – BRB”, ratifica os termos do acordo homolo",Poder Executivo,fe8d426a38c3dd44f8f9276c6c2656638f3accbb8518db89e448bbe7aea50748,https://ple.cl.df.gov.br/pleservico/api/public/proposicao/158171/documento/ativas,data/raw/documento-ativas/be992403f31856a5.json,"“altera a Lei nº 7.845, de 10 de março de 2026, que ‘dispõe sobre as medidas a serem adotadas pelo Distrito Federal, na condição de acionista controlador, para o restabelecimento e fortalecimento das condições econômico-financeiras do Banco de Brasília S.A. – BRB’, ratifica os termos do acordo homologado pelo Supremo Tribunal Federal na Ação Cível Originária nº 3755, autoriza o Poder Executivo do Distrito Federal a celebrar operação de crédito com o Fundo Garantidor de Créditos - FGC, prestar contragarantias e dá o"
335546,375251,PL 2363/2026,158171,Emenda,GAB DEP FÁBIO FÉLIX,2026-06-09T11:39:39,1,0,0,"Altera a Lei nº 7.845, de 10 de março de 2026, que “dispõe sobre as medidas a serem adotadas pelo Distrito Federal, na condição de acionista controlador, para o restabelecimento e fortalecimento das condições econômico-financeiras do Banco de Brasília S.A. – BRB”, ratifica os termos do acordo homolo",Poder Executivo,a102ab62fc1fd50ab4fb184e7c1628496e42ea1ef561a166a3e327539f7f8ef4,https://ple.cl.df.gov.br/pleservico/api/public/proposicao/158171/documento/ativas,data/raw/documento-ativas/be992403f31856a5.json,"“altera a Lei nº 7.845, de 10 de março de 2026, que ‘dispõe sobre as medidas a serem adotadas pelo Distrito Federal, na condição de acionista controlador, para o restabelecimento e fortalecimento das condições econômico-financeiras do Banco de Brasília S.A. – BRB’, ratifica os termos do acordo homologado pelo Supremo Tribunal Federal na Ação Cível Originária nº 3755, autoriza o Poder Executivo do Distrito Federal a celebrar operação de crédito com o Fundo Garantidor de Créditos - FGC, prestar contragarantias e dá o"
335773,375377,PL 2363/2026,158171,Emenda,LIDGOV,2026-06-09T16:07:37,1,0,0,"Altera a Lei nº 7.845, de 10 de março de 2026, que “dispõe sobre as medidas a serem adotadas pelo Distrito Federal, na condição de acionista controlador, para o restabelecimento e fortalecimento das condições econômico-financeiras do Banco de Brasília S.A. – BRB”, ratifica os termos do acordo homolo",Poder Executivo,676345c59404b002c44d7308bde32db2870d5bfad883dc27c72f3b590e31c04e,https://ple.cl.df.gov.br/pleservico/api/public/proposicao/158171/documento/ativas,data/raw/documento-ativas/be992403f31856a5.json,"Altera a Lei nº 7.845, de 10 de março de 2026, que “dispõe sobre as medidas a serem adotadas pelo Distrito Federal, na condição de acionista controlador, para o restabelecimento e fortalecimento das condições econômico-financeiras do Banco de Brasília S.A. – BRB”, ratifica os termos do acordo homologado pelo Supremo Tribunal Federal na Ação Cível Originária nº 3755, autoriza o Poder Executivo do Distrito Federal a celebrar operação de crédito com o Fundo Garantidor de Créditos - FGC, prestar contragarantias e dá ou"
335774,375379,PL 2363/2026,158171,Emenda,LIDGOV,2026-06-09T16:10:31,1,0,0,"Altera a Lei nº 7.845, de 10 de março de 2026, que “dispõe sobre as medidas a serem adotadas pelo Distrito Federal, na condição de acionista controlador, para o restabelecimento e fortalecimento das condições econômico-financeiras do Banco de Brasília S.A. – BRB”, ratifica os termos do acordo homolo",Poder Executivo,cae37a8c1050f1760a2ccd26d3ffa059ec7e6befd647f96681fb30a14b560b78,https://ple.cl.df.gov.br/pleservico/api/public/proposicao/158171/documento/ativas,data/raw/documento-ativas/be992403f31856a5.json,"Altera a Lei nº 7.845, de 10 de março de 2026, que “dispõe sobre as medidas a serem adotadas pelo Distrito Federal, na condição de acionista controlador, para o restabelecimento e fortalecimento das condições econômico-financeiras do Banco de Brasília S.A. – BRB”, ratifica os termos do acordo homologado pelo Supremo Tribunal Federal na Ação Cível Originária nº 3755, autoriza o Poder Executivo do Distrito Federal a celebrar operação de crédito com o Fundo Garantidor de Créditos - FGC, prestar contragarantias e dá ou"
335775,375397,PL 2363/2026,158171,Emenda,LIDGOV,2026-06-09T16:12:21,1,0,0,"Altera a Lei nº 7.845, de 10 de março de 2026, que “dispõe sobre as medidas a serem adotadas pelo Distrito Federal, na condição de acionista controlador, para o restabelecimento e fortalecimento das condições econômico-financeiras do Banco de Brasília S.A. – BRB”, ratifica os termos do acordo homolo",Poder Executivo,d2cbdc646ececa1762df470c9d81154681c4eedddf488e38a3559eb5cab5b7a3,https://ple.cl.df.gov.br/pleservico/api/public/proposicao/158171/documento/ativas,data/raw/documento-ativas/be992403f31856a5.json,"Altera a Lei nº 7.845, de 10 de março de 2026, que “dispõe sobre as medidas a serem adotadas pelo Distrito Federal, na condição de acionista controlador, para o restabelecimento e fortalecimento das condições econômico-financeiras do Banco de Brasília S.A. – BRB”, ratifica os termos do acordo homologado pelo Supremo Tribunal Federal na Ação Cível Originária nº 3755, autoriza o Poder Executivo do Distrito Federal a celebrar operação de crédito com o Fundo Garantidor de Créditos - FGC, prestar contragarantias e dá ou"
335776,375385,PL 2363/2026,158171,Emenda,LIDGOV,2026-06-09T16:14:42,1,0,0,"Altera a Lei nº 7.845, de 10 de março de 2026, que “dispõe sobre as medidas a serem adotadas pelo Distrito Federal, na condição de acionista controlador, para o restabelecimento e fortalecimento das condições econômico-financeiras do Banco de Brasília S.A. – BRB”, ratifica os termos do acordo homolo",Poder Executivo,4555a6e6e5c0da3e66d2a8c8af58f91d36c01ce0130c28407b409fb0e3e9a6d4,https://ple.cl.df.gov.br/pleservico/api/public/proposicao/158171/documento/ativas,data/raw/documento-ativas/be992403f31856a5.json,"Altera a Lei nº 7.845, de 10 de março de 2026, que “dispõe sobre as medidas a serem adotadas pelo Distrito Federal, na condição de acionista controlador, para o restabelecimento e fortalecimento das condições econômico-financeiras do Banco de Brasília S.A. – BRB”, ratifica os termos do acordo homologado pelo Supremo Tribunal Federal na Ação Cível Originária nº 3755, autoriza o Poder Executivo do Distrito Federal a celebrar operação de crédito com o Fundo Garantidor de Créditos - FGC, prestar contragarantias e dá ou"
335778,375391,PL 2363/2026,158171,Emenda,LIDGOV,2026-06-09T16:16:02,1,0,0,"Altera a Lei nº 7.845, de 10 de março de 2026, que “dispõe sobre as medidas a serem adotadas pelo Distrito Federal, na condição de acionista controlador, para o restabelecimento e fortalecimento das condições econômico-financeiras do Banco de Brasília S.A. – BRB”, ratifica os termos do acordo homolo",Poder Executivo,99e12d7a48ae6e45438818388a312cf537d9b18d7b0901a3f981fbcf891510d5,https://ple.cl.df.gov.br/pleservico/api/public/proposicao/158171/documento/ativas,data/raw/documento-ativas/be992403f31856a5.json,"Altera a Lei nº 7.845, de 10 de março de 2026, que “dispõe sobre as medidas a serem adotadas pelo Distrito Federal, na condição de acionista controlador, para o restabelecimento e fortalecimento das condições econômico-financeiras do Banco de Brasília S.A. – BRB”, ratifica os termos do acordo homologado pelo Supremo Tribunal Federal na Ação Cível Originária nº 3755, autoriza o Poder Executivo do Distrito Federal a celebrar operação de crédito com o Fundo Garantidor de Créditos - FGC, prestar contragarantias e dá ou"
335780,375396,PL 2363/2026,158171,Emenda,LIDGOV,2026-06-09T16:18:30,1,0,0,"Altera a Lei nº 7.845, de 10 de março de 2026, que “dispõe sobre as medidas a serem adotadas pelo Distrito Federal, na condição de acionista controlador, para o restabelecimento e fortalecimento das condições econômico-financeiras do Banco de Brasília S.A. – BRB”, ratifica os termos do acordo homolo",Poder Executivo,70b78535380effd4c2cc774662026b8f0c7c342300a5b2106680d367a2e5da3e,https://ple.cl.df.gov.br/pleservico/api/public/proposicao/158171/documento/ativas,data/raw/documento-ativas/be992403f31856a5.json,"Altera a Lei nº 7.845, de 10 de março de 2026, que “dispõe sobre as medidas a serem adotadas pelo Distrito Federal, na condição de acionista controlador, para o restabelecimento e fortalecimento das condições econômico-financeiras do Banco de Brasília S.A. – BRB”, ratifica os termos do acordo homologado pelo Supremo Tribunal Federal na Ação Cível Originária nº 3755, autoriza o Poder Executivo do Distrito Federal a celebrar operação de crédito com o Fundo Garantidor de Créditos - FGC, prestar contragarantias e dá ou"
335804,375483,PL 2363/2026,158171,Emenda,LIDPT,2026-06-09T16:49:33,1,0,0,"Altera a Lei nº 7.845, de 10 de março de 2026, que “dispõe sobre as medidas a serem adotadas pelo Distrito Federal, na condição de acionista controlador, para o restabelecimento e fortalecimento das condições econômico-financeiras do Banco de Brasília S.A. – BRB”, ratifica os termos do acordo homolo",Poder Executivo,ec97c019ef4775a52fda874f4bcb6c6bb75c02d09ac7bd449859ff6b3b1379ed,https://ple.cl.df.gov.br/pleservico/api/public/proposicao/158171/documento/ativas,data/raw/documento-ativas/be992403f31856a5.json,"altera a Lei nº 7.845, de 10 de março de 2026, que ""dispõe sobre as medidas a serem adotadas pelo Distrito Federal, na condição de acionista controlador, para o restabelecimento e fortalecimento das condições econômico-financeiras do Banco de Brasília S.A. - BRB, e dá outras providências"". Suprimam-se, no Projeto de Lei em epígrafe, os textos propostos para a Lei nº 7.845/2026 pelo art. 1º para o art. 2º-A e para o parágrafo único do art. 2º-B. JUSTIFICAÇÃO Os textos a serem suprimidos possuem as seguintes redações"
335848,375487,PL 2363/2026,158171,Emenda,LIDPT,2026-06-09T17:23:07,1,1,0,"Altera a Lei nº 7.845, de 10 de março de 2026, que “dispõe sobre as medidas a serem adotadas pelo Distrito Federal, na condição de acionista controlador, para o restabelecimento e fortalecimento das condições econômico-financeiras do Banco de Brasília S.A. – BRB”, ratifica os termos do acordo homolo",Poder Executivo,72d234683c2fb6dac037cb8492db26daaa39bcb2750a21a4e7fd3d02f3d05c0f,https://ple.cl.df.gov.br/pleservico/api/public/proposicao/158171/documento/ativas,data/raw/documento-ativas/be992403f31856a5.json,"altera a Lei nº 7.845, de 10 de março de 2026, que ""dispõe sobre as medidas a serem adotadas pelo Distrito Federal, na condição de acionista controlador, para o restabelecimento e fortalecimento das condições econômico-financeiras do Banco de Brasília S.A. - BRB, e dá outras providências"". Inclua-se no art. 2º do Projeto de Lei o seguinte parágrafo: Art. 2º ... Parágrafo único. Fica excluída da ratificação prevista neste artigo a Cláusula 3ª dos termos do acordo homologado pelo Supremo Tribunal Federal na Ação Cíve"
335871,375538,PL 2363/2026,158171,Parecer,GAB DEP CHICO VIGILANTE,2026-06-09T18:59:38,1,0,0,"Altera a Lei nº 7.845, de 10 de março de 2026, que “dispõe sobre as medidas a serem adotadas pelo Distrito Federal, na condição de acionista controlador, para o restabelecimento e fortalecimento das condições econômico-financeiras do Banco de Brasília S.A. – BRB”, ratifica os termos do acordo homolo",Poder Executivo,a407a12b3b8573ca08536106a759127d0507e4f440580eb0720d70ffd16dcb98,https://ple.cl.df.gov.br/pleservico/api/public/proposicao/158171/documento/ativas,data/raw/documento-ativas/be992403f31856a5.json,"“Altera a Lei nº 7.845, de 10 de março de 2026, que “dispõe sobre as medidas a serem adotadas pelo Distrito Federal, na condição de acionista controlador, para o restabelecimento e fortalecimento das condições econômico-financeiras do Banco de Brasília S.A. – BRB”, ratifica os termos do acordo homologado pelo Supremo Tribunal Federal na Ação Cível Originária nº 3755, autoriza o Poder Executivo do Distrito Federal a celebrar operação de crédito com o Fundo Garantidor de Créditos - FGC, prestar contragarantias e dá o"
335872,375542,PL 2363/2026,158171,Emenda,GAB DEP ROOSEVELT VILELA,2026-06-09T19:09:22,1,0,0,"Altera a Lei nº 7.845, de 10 de março de 2026, que “dispõe sobre as medidas a serem adotadas pelo Distrito Federal, na condição de acionista controlador, para o restabelecimento e fortalecimento das condições econômico-financeiras do Banco de Brasília S.A. – BRB”, ratifica os termos do acordo homolo",Poder Executivo,bb25f6ce6b2198a60b7eaa9561e369743f5735efcd905bd6d983bf51223203ba,https://ple.cl.df.gov.br/pleservico/api/public/proposicao/158171/documento/ativas,data/raw/documento-ativas/be992403f31856a5.json,"Altera a Lei nº 7.845, de 10 de março de 2026, que “dispõe sobre as medidas a serem adotadas pelo Distrito Federal, na condição de acionista controlador, para o restabelecimento e fortalecimento das condições econômico-financeiras do Banco de Brasília S.A. – BRB”, ratifica os termos do acordo homologado pelo Supremo Tribunal Federal na Ação Cível Originária nº 3755, autoriza o Poder Executivo do Distrito Federal a celebrar operação de crédito com o Fundo Garantidor de Créditos - FGC, prestar contragarantias e dá ou"
335918,375579,PL 2363/2026,158171,Redação Final,CCJ,2026-06-10T10:07:25,1,0,0,"Altera a Lei nº 7.845, de 10 de março de 2026, que “dispõe sobre as medidas a serem adotadas pelo Distrito Federal, na condição de acionista controlador, para o restabelecimento e fortalecimento das condições econômico-financeiras do Banco de Brasília S.A. – BRB”, ratifica os termos do acordo homolo",Poder Executivo,e5ffb718d817c61337ca9fed3143a33f21d12d29a780e8c1b9f690c3ef67ee3e,https://ple.cl.df.gov.br/pleservico/api/public/proposicao/158171/documento/ativas,data/raw/documento-ativas/be992403f31856a5.json,"Altera a Lei nº 7.845, de 10 de março de 2026, que “dispõe sobre as medidas a serem adotadas pelo Distrito Federal, na condição de acionista controlador, para o restabelecimento e fortalecimento das condições econômico-financeiras do Banco de Brasília S.A. – BRB, e dá outras providências”, ratifica os termos do acordo homologado pelo Supremo Tribunal Federal na Ação Cível Originária nº 3755, autoriza o Poder Executivo do Distrito Federal a celebrar operação de crédito com o Fundo Garantidor de Créditos – FGC e pres"
341533,387371,REQ 3052/2026,159033,Requerimento,GAB DEP PAULA BELMONTE,2026-08-20T11:10:30,1,1,0,"Requer ao Poder Executivo do Distrito Federal, por intermédio da Secretaria de Estado de Economia, e, por seu intermédio, ao Banco de Brasília S.A. – BRB, informações acerca da situação econômico-financeira da instituição, da não divulgação de suas demonstrações financeiras, das penalidades aplicada",Deputada Paula Belmonte,64018e4a7d84f05c7aabda5794f8917b8da4e73a656d97b50a7916d06e55a8cf,https://ple.cl.df.gov.br/pleservico/api/public/proposicao/159033/documento/ativas,data/raw/documento-ativas/8e45a870a39d1811.json,"ERAL Gabinete da Deputada Paula Belmonte - Gab 22 Requerimento Nº, DE 2026 (Autoria: Deputada PAULA BELMONTE) Requer ao Poder Executivo do Distrito Federal, por intermédio da Secretaria de Estado de Economia, e, por seu intermédio, ao Banco de Brasília S.A. – BRB, informações acerca da situação econômico-financeira da instituição, da não divulgação de suas demonstrações financeiras, das penalidades aplicadas pela Comissão de Valores Mobiliários – CVM, do pedido de assistência financeira formulado ao Fundo Garantido"
