palavra_chave,forma_encontrada,classe,superficie,tabela,coluna,proposicao,proposicao_id,documento_id,documento_textual_id,tipo_documento,unidade_autora,data,ementa,trecho,endpoint_fonte,evidencia_local
BRB,BRB,CASO,documento,documento,texto,REQ 1934/2025,151763,291828,288190,Requerimento,GAB DEP PAULA BELMONTE,2025-03-31T11:06:20,Requer o CONVITE do Presidente do Banco de Brasília - BRB para comparecer à Câmara Legislativa do Distrito Federal para explicar e debater a compra de parte das ações do Banco Master.  ,"CÂMARA LEGISLATIVA DO DISTRITO FEDERAL Gabinete da Deputada Paula Belmonte - Gab 22 Requerimento Nº, DE 2025 (Autoria: Deputada PAULA BELMONTE) Requer o CONVITE do Presidente do Banco de Brasília - BRB para comparecer à Câmara Legislativa do Distrito Federal para explicar e debater a compra de parte das ações do Banco Master. Excelentíssimo Senhor Presidente da Câmara Legislativa do Distrito Federal: Em conformidade com o art. 142, II c/c art. 255, I e §1º",https://ple.cl.df.gov.br/pleservico/api/public/proposicao/151763/documento/ativas,data/raw/documento-ativas/d11847a502435be1.json
BRB,BRB,CASO,documento,documento,texto,REQ 1937/2025,151772,291871,288379,Requerimento,GAB DEP RICARDO VALE,2025-03-31T17:09:42,"Requer a convocação do presidente do Banco de Brasília S.A (BRB), senhor Paulo Henrique Rodrigues Costa","CÂMARA LEGISLATIVA DO DISTRITO FEDERAL Gabinete do Deputado Ricardo Vale - Gab 13 Requerimento Nº, DE 2025 (Autoria: Deputados Ricardo Vale, Chico Vigilante e Gabriel Magno) Requer a convocação do Presidente do Banco de Brasília S.A (BRB), senhor Paulo Henrique Rodrigues Costa para prestar informações a esta Casa. Excelentíssimo Senhor Presidente da Câmara Legislativa do Distrito Federal: Requeremos, nos termos do art. 60, XIV da Lei Orgânica do Distrito Federal e art. 255, I, do Regimento In",https://ple.cl.df.gov.br/pleservico/api/public/proposicao/151772/documento/ativas,data/raw/documento-ativas/222ba65d5b21dcd2.json
BRB,BRB,CASO,documento,documento,texto,REQ 1938/2025,151794,291968,288588,Requerimento,GAB DEP GABRIEL MAGNO,2025-04-01T15:24:34,Requer ao Banco de Brasília o encaminhamento de informações sobre os atos e fatos relacionados ao Fato Relevante da Operação junto ao Banco Master.,"março de 2025 (doc. 01) da operação junto ao Banco Master. JUSTIFICAÇÃO Com vistas a fomentar o pleno e adequado exercício do controle externo, requer-se cópia integral de todos os atos e fatos relacionados ao Fato Relevante da aquisição do Banco Master pelo BRB, não se limitando a, mas principalmente: a) pareceres jurídicos internos e externos; b) documentos que comprovem o atendimento do art. 159 da Lei Orgânica do Distrito Federal; c) atas do Conselho de Administração que aprovaram a operação; d) plano de negóci",https://ple.cl.df.gov.br/pleservico/api/public/proposicao/151794/documento/ativas,data/raw/documento-ativas/41cd5ffa5405c51e.json
BRB,BRB,CASO,documento,documento,texto,REQ 1965/2025,151905,292532,290951,Requerimento,GAB DEP FÁBIO FÉLIX,2025-04-07T17:58:49,Requer ao Presidente do BRB S.A. informações a respeito da aquisição do Banco Master,"CÂMARA LEGISLATIVA DO DISTRITO FEDERAL Gabinete do Deputado Fábio Félix - Gab 24 Requerimento Nº, DE 2025 (Autoria: Deputado Fábio Felix) Requer ao Presidente do BRB informações a respeito da aquisição do Banco Master. Excelentíssimo Senhor Presidente da Câmara Legislativa do Distrito Federal Requeiro, nos termos do art. 41 do RICLDF, seja encaminhado ao Presidente do BRB S.A., o presente requerimento de informações, a re",https://ple.cl.df.gov.br/pleservico/api/public/proposicao/151905/documento/ativas,data/raw/documento-ativas/19417b81d021dc96.json
BRB,BRB,CASO,documento,documento,texto,REQ 2000/2025,152369,295083,296668,Requerimento,GAB DEP PAULA BELMONTE,2025-05-06T13:33:10,Requer informações ao Presidente do Banco de Brasília sobre a aquisição do Banco Master. ,"o de Brasília sobre a aquisição do Banco Master. Excelentíssimo Senhor Presidente da Câmara Legislativa do Distrito Federal: Requeiro, nos termos do art. 41 do RICLDF, encaminhamento do presente requerimento de informações ao Presidente do Bando de Brasília - BRB S.A, para esclarecimento da operação de aquisição de participação no Banco Master e demais atos correlatos de gestão estratégica, quanto aos seguintes pontos: 1. Participação societária e controle acionário Como o BRB justifica o investimento de R$ 2 bilhõ",https://ple.cl.df.gov.br/pleservico/api/public/proposicao/152369/documento/ativas,data/raw/documento-ativas/57099ca6bf1ac186.json
BRB,BRB,CASO,documento,documento,texto,REQ 2001/2025,152374,295110,296728,Requerimento,GAB DEP PAULA BELMONTE,2025-05-06T14:44:01,Requer informações ao Presidente do Banco de Brasília sobre a aquisição do Banco Master. ,"o de Brasília sobre a aquisição do Banco Master. Excelentíssimo Senhor Presidente da Câmara Legislativa do Distrito Federal: Requeiro, nos termos do art. 41 do RICLDF, encaminhamento do presente requerimento de informações ao Presidente do Banco de Brasília - BRB S.A, para esclarecimento da operação de aquisição de participação no Banco Master e demais atos correlatos de gestão estratégica, quanto aos seguintes pontos: 1. Participação societária e controle acionário Como o BRB justifica o investimento de R$ 2 bilhõ",https://ple.cl.df.gov.br/pleservico/api/public/proposicao/152374/documento/ativas,data/raw/documento-ativas/3a4035e2da770c29.json
BRB,BRB,CASO,documento,documento,texto,REQ 2028/2025,152481,295826,299668,Requerimento,GAB DEP PAULA BELMONTE,2025-05-12T15:19:34,Requer informações ao Banco de Brasília (BRB S.A.) acerca das políticas de desenvolvimento implementadas nos últimos cinco anos no âmbito do Distrito Federal.,"CÂMARA LEGISLATIVA DO DISTRITO FEDERAL Gabinete da Deputada Paula Belmonte - Gab 22 Requerimento Nº, DE 2025 (Da Senhora Deputada PAULA BELMONTE) Requer informações ao Banco de Brasília (BRB S.A) acerca das políticas de desenvolvimento econômico e social implementadas nos últimos cinco anos no âmbito do Distrito Federal. Excelentíssimo Senhor Presidente da Câmara Legislativa do Distrito Federal: Requer, nos termos do art. 42, do Regimento Interno",https://ple.cl.df.gov.br/pleservico/api/public/proposicao/152481/documento/ativas,data/raw/documento-ativas/5c8259fe0de8c560.json
BRB,BRB,CASO,documento,documento,texto,REQ 2189/2025,153759,306139,316922,Requerimento,GAB DEP PAULA BELMONTE,2025-08-13T20:48:20,Requer a CONVOCAÇÃO do Presidente do Banco de Brasília - BRB para comparecer à Câmara Legislativa do Distrito Federal para explicar e debater a compra de parte das ações do Banco Master após a decisão proferida em 13 de agosto de 2025 pela 7ª Turma Cível do Tribunal de Justiça do Distrito Federal e ,"CÂMARA LEGISLATIVA DO DISTRITO FEDERAL Gabinete da Deputada Paula Belmonte - Gab 22 Requerimento Nº, DE 2025 (Autoria: Deputada PAULA BELMONTE) Requer a CONVOCAÇÃO do Presidente do Banco de Brasília - BRB para comparecer à Câmara Legislativa do Distrito Federal para explicar e debater a compra de parte das ações do Banco Master após a decisão proferida em 13 de agosto de 2025 pela 7ª Turma Cível do Tribunal de Justiça do Distrito Federal e Territórios. Excelen",https://ple.cl.df.gov.br/pleservico/api/public/proposicao/153759/documento/ativas,data/raw/documento-ativas/e6407035ccfbfc32.json
BRB,BRB,CASO,documento,documento,texto,PL 1882/2025,153779,306332,317330,Emenda,GAB DEP RICARDO VALE,2025-08-18T09:46:10,"Autoriza o BRB - Banco de Brasília a adquirir participação em instituições financeiras sediadas no Brasil e no exterior, empresas com atividades próprias ou complementares às do setor financeiro, inclusive no ramo de tecnologia da informação (TI) e empresas com objetos sociais relacionados às ativid","CÂMARA LEGISLATIVA DO DISTRITO FEDERAL Gabinete do Deputado Ricardo Vale - Gab 13 emenda SUbSTITUTIVA (Autoria: Bancada do Partido dos Trabalhadores) Emenda ao Projeto de Lei nº 1882/2025, que “Autoriza o BRB - Banco de Brasília a adquirir participação em instituições financeiras sediadas no Brasil e no exterior, empresas com atividades próprias ou complementares às do setor financeiro, inclusive no ramo de tecnologia da informação (TI) e empresas com objetos soci",https://ple.cl.df.gov.br/pleservico/api/public/proposicao/153779/documento/ativas,data/raw/documento-ativas/a91cdb16a2fb033b.json
BRB,BRB,CASO,documento,documento,texto,PL 1882/2025,153779,306465,318020,Emenda,BPPSOL-PSB,2025-08-18T18:05:14,"Autoriza o BRB - Banco de Brasília a adquirir participação em instituições financeiras sediadas no Brasil e no exterior, empresas com atividades próprias ou complementares às do setor financeiro, inclusive no ramo de tecnologia da informação (TI) e empresas com objetos sociais relacionados às ativid","CÂMARA LEGISLATIVA DO DISTRITO FEDERAL Bloco Parlamentar PSOL-PSB emenda ADITIVA (Autoria: Bloco Parlamentar PSOL-PSB e outros) Emenda ao Projeto de Lei nº 1882/2025, que “Autoriza o BRB - Banco de Brasília a adquirir participação em instituições financeiras sediadas no Brasil e no exterior, empresas com atividades próprias ou complementares às do setor financeiro, inclusive no ramo de tecnologia da informação (TI) e empresas com objetos soci",https://ple.cl.df.gov.br/pleservico/api/public/proposicao/153779/documento/ativas,data/raw/documento-ativas/a91cdb16a2fb033b.json
BRB,BRB,CASO,documento,documento,texto,PL 1882/2025,153779,306467,317620,Emenda,BPPSOL-PSB,2025-08-18T18:09:42,"Autoriza o BRB - Banco de Brasília a adquirir participação em instituições financeiras sediadas no Brasil e no exterior, empresas com atividades próprias ou complementares às do setor financeiro, inclusive no ramo de tecnologia da informação (TI) e empresas com objetos sociais relacionados às ativid","CÂMARA LEGISLATIVA DO DISTRITO FEDERAL Bloco Parlamentar PSOL-PSB emenda ADITIVA (Bloco PSOL-PSB) Emenda ao Projeto de Lei nº 1882/2025, que “Autoriza o BRB - Banco de Brasília a adquirir participação em instituições financeiras sediadas no Brasil e no exterior, empresas com atividades próprias ou complementares às do setor financeiro, inclusive no ramo de tecnologia da informação (TI) e empresas com objetos soci",https://ple.cl.df.gov.br/pleservico/api/public/proposicao/153779/documento/ativas,data/raw/documento-ativas/a91cdb16a2fb033b.json
BRB,BRB,CASO,documento,documento,texto,REQ 2199/2025,153841,306568,317882,Requerimento,GAB DEP GABRIEL MAGNO,2025-08-19T12:48:52,"Requer a Tramitação do Projeto de Lei 1.182/2025, que “Autoriza o BRB - Banco de Brasília a adquirir participação em instituições financeiras sediadas no Brasil e no exterior, empresas com atividades próprias ou complementares às do setor financeiro, inclusive no ramo de tecnologia da informação (TI","CÂMARA LEGISLATIVA DO DISTRITO FEDERAL Gabinete do Deputado Gabriel Magno - Gab 16 Requerimento Nº, DE 2025 (Autoria: Deputado Gabriel Magno) Requer a Tramitação do Projeto de Lei 1.182/2025, que “Autoriza o BRB - Banco de Brasília a adquirir participação em instituições financeiras sediadas no Brasil e no exterior, empresas com atividades próprias ou complementares às do setor financeiro, inclusive no ramo de tecnologia da informação (TI) e empresas com objetos soci",https://ple.cl.df.gov.br/pleservico/api/public/proposicao/153841/documento/ativas,data/raw/documento-ativas/e908a310657eedfc.json
BRB,BRB,CASO,documento,documento,texto,PL 1882/2025,153779,306583,317944,Emenda,GAB DEP HERMETO,2025-08-19T14:43:50,"Autoriza o BRB - Banco de Brasília a adquirir participação em instituições financeiras sediadas no Brasil e no exterior, empresas com atividades próprias ou complementares às do setor financeiro, inclusive no ramo de tecnologia da informação (TI) e empresas com objetos sociais relacionados às ativid","CÂMARA LEGISLATIVA DO DISTRITO FEDERAL Gabinete do Deputado Hermeto - Gab 11 emenda subemenda (Autoria: Deputado Hermeto) Emenda ao Projeto de Lei nº 1882/2025, que “Autoriza o BRB - Banco de Brasília a adquirir participação em instituições financeiras sediadas no Brasil e no exterior, empresas com atividades próprias ou complementares às do setor financeiro, inclusive no ramo de tecnologia da informação (TI) e empresas com objetos soci",https://ple.cl.df.gov.br/pleservico/api/public/proposicao/153779/documento/ativas,data/raw/documento-ativas/a91cdb16a2fb033b.json
BRB,BRB,CASO,documento,documento,texto,PL 1882/2025,153779,306600,317969,Emenda,GAB DEP HERMETO,2025-08-19T15:45:59,"Autoriza o BRB - Banco de Brasília a adquirir participação em instituições financeiras sediadas no Brasil e no exterior, empresas com atividades próprias ou complementares às do setor financeiro, inclusive no ramo de tecnologia da informação (TI) e empresas com objetos sociais relacionados às ativid","CÂMARA LEGISLATIVA DO DISTRITO FEDERAL Gabinete do Deputado Hermeto - Gab 11 emenda SUBSTITUTIVA (Autoria: Deputado Hermeto) Emenda ao Projeto de Lei nº 1882/2025, que “Autoriza o BRB - Banco de Brasília a adquirir participação em instituições financeiras sediadas no Brasil e no exterior, empresas com atividades próprias ou complementares às do setor financeiro, inclusive no ramo de tecnologia da informação (TI) e empresas com objetos soci",https://ple.cl.df.gov.br/pleservico/api/public/proposicao/153779/documento/ativas,data/raw/documento-ativas/a91cdb16a2fb033b.json
BRB,BRB,CASO,documento,documento,texto,REQ 2205/2025,153852,306607,317987,Requerimento,GAB DEP GABRIEL MAGNO,2025-08-19T16:40:04,"Requer ao Banco de Brasília (BRB) informações, dados e relatórios relacionados ao Projeto de Lei n.º 1.882/2025, que “ Autoriza o BRB - Banco de Brasília a adquirir participação em instituições financeiras sediadas no Brasil e no exterior, empresas com atividades próprias ou complementares às do set","CÂMARA LEGISLATIVA DO DISTRITO FEDERAL Gabinete do Deputado Gabriel Magno - Gab 16 Requerimento Nº, DE 2025 (Autoria: Deputado Gabriel Magno) Requer ao Banco de Brasília (BRB) informações, dados e relatórios relacionados ao Projeto de Lei n.º 1.882/2025, que “ Autoriza o BRB - Banco de Brasília a adquirir participação em instituições financeiras sediadas no Brasil e no exterior, empresas com atividades próprias ou complementares à",https://ple.cl.df.gov.br/pleservico/api/public/proposicao/153852/documento/ativas,data/raw/documento-ativas/c01cbd8d0a7d3683.json
BRB,BRB,CASO,documento,documento,texto,PL 1882/2025,153779,306609,317991,Emenda,GAB DEP HERMETO,2025-08-19T16:48:05,"Autoriza o BRB - Banco de Brasília a adquirir participação em instituições financeiras sediadas no Brasil e no exterior, empresas com atividades próprias ou complementares às do setor financeiro, inclusive no ramo de tecnologia da informação (TI) e empresas com objetos sociais relacionados às ativid","CÂMARA LEGISLATIVA DO DISTRITO FEDERAL Gabinete do Deputado Hermeto - Gab 11 subemenda (Autoria: Deputado Hermeto) Subemenda ao Projeto de Lei nº 1882/2025, que “Autoriza o BRB - Banco de Brasília a adquirir participação em instituições financeiras sediadas no Brasil e no exterior, empresas com atividades próprias ou complementares às do setor financeiro, inclusive no ramo de tecnologia da informação (TI) e empresas com objetos soci",https://ple.cl.df.gov.br/pleservico/api/public/proposicao/153779/documento/ativas,data/raw/documento-ativas/a91cdb16a2fb033b.json
BRB,BRB,CASO,documento,documento,texto,PL 1882/2025,153779,306614,318006,Emenda,GAB DEP HERMETO,2025-08-19T17:29:33,"Autoriza o BRB - Banco de Brasília a adquirir participação em instituições financeiras sediadas no Brasil e no exterior, empresas com atividades próprias ou complementares às do setor financeiro, inclusive no ramo de tecnologia da informação (TI) e empresas com objetos sociais relacionados às ativid","CÂMARA LEGISLATIVA DO DISTRITO FEDERAL Gabinete do Deputado Hermeto - Gab 11 emenda substitutivo (Autoria: Deputado Hermeto) Emenda ao Projeto de Lei nº 1882/2025, que “Autoriza o BRB - Banco de Brasília a adquirir participação em instituições financeiras sediadas no Brasil e no exterior, empresas com atividades próprias ou complementares às do setor financeiro, inclusive no ramo de tecnologia da informação (TI) e empresas com objetos soci",https://ple.cl.df.gov.br/pleservico/api/public/proposicao/153779/documento/ativas,data/raw/documento-ativas/a91cdb16a2fb033b.json
BRB,BRB,CASO,documento,documento,texto,PL 1882/2025,153779,306619,318023,Emenda,BPPSOL-PSB,2025-08-19T18:41:46,"Autoriza o BRB - Banco de Brasília a adquirir participação em instituições financeiras sediadas no Brasil e no exterior, empresas com atividades próprias ou complementares às do setor financeiro, inclusive no ramo de tecnologia da informação (TI) e empresas com objetos sociais relacionados às ativid","CÂMARA LEGISLATIVA DO DISTRITO FEDERAL Bloco Parlamentar PSOL-PSB emenda ADITIVA (Autoria: Bloco PSOL-PSB e outro) Emenda ao Projeto de Lei nº 1882/2025, que “Autoriza o BRB - Banco de Brasília a adquirir participação em instituições financeiras sediadas no Brasil e no exterior, empresas com atividades próprias ou complementares às do setor financeiro, inclusive no ramo de tecnologia da informação (TI) e empresas com objetos soci",https://ple.cl.df.gov.br/pleservico/api/public/proposicao/153779/documento/ativas,data/raw/documento-ativas/a91cdb16a2fb033b.json
BRB,BRB,CASO,documento,documento,texto,PL 1882/2025,153779,306620,318025,Emenda,BPPSOL-PSB,2025-08-19T18:44:03,"Autoriza o BRB - Banco de Brasília a adquirir participação em instituições financeiras sediadas no Brasil e no exterior, empresas com atividades próprias ou complementares às do setor financeiro, inclusive no ramo de tecnologia da informação (TI) e empresas com objetos sociais relacionados às ativid","CÂMARA LEGISLATIVA DO DISTRITO FEDERAL Bloco Parlamentar PSOL-PSB emenda ADITIVA (Autoria: Bloco PSOL-PSB e outro) Emenda ao Projeto de Lei nº 1882/2025, que “Autoriza o BRB - Banco de Brasília a adquirir participação em instituições financeiras sediadas no Brasil e no exterior, empresas com atividades próprias ou complementares às do setor financeiro, inclusive no ramo de tecnologia da informação (TI) e empresas com objetos soci",https://ple.cl.df.gov.br/pleservico/api/public/proposicao/153779/documento/ativas,data/raw/documento-ativas/a91cdb16a2fb033b.json
BRB,BRB,CASO,documento,documento,texto,REQ 2250/2025,154164,308394,322413,Requerimento,GAB DEP FÁBIO FÉLIX,2025-09-04T15:57:59,Requer informações ao Banco de Brasília S.A. a respeito de indícios de operações atípicas,"iscriminados por espécie/classe de ação (ordinária e preferencial). Cópia das comunicações realizadas à Comissão de Valores Mobiliários (CVM) ou a outros órgãos de fiscalização referentes à entrada, à saída ou à movimentação desses fundos no capital social do BRB, com a devida indicação da espécie/classe de ações envolvidas, bem como a divulgação de eventuais fatos relevantes. Relação dos fundos de investimento que participaram das assembleias de acionistas no período de junho de 2024 a agosto de 2025, com indicaçã",https://ple.cl.df.gov.br/pleservico/api/public/proposicao/154164/documento/ativas,data/raw/documento-ativas/cde32c78d57ad96e.json
BRB,BRB,CASO,documento,documento,texto,REQ 2249/2025,154193,308628,322478,Requerimento,GAB DEP FÁBIO FÉLIX,2025-09-05T18:13:37,Requer informações ao BRB S.A. sobre a operação de aquisição do Banco Master,"CÂMARA LEGISLATIVA DO DISTRITO FEDERAL Gabinete do Deputado Fábio Félix - Gab 24 Requerimento Nº, DE 2025 (Autoria: Deputado Fábio Felix) Requer informações ao BRB S.A. sobre a operação de aquisição do Banco Master. Excelentíssimo Senhor Presidente da Câmara Legislativa do Distrito Federal, Requeiro, nos termos do art. 42 do RICLDF, com base na prerrogativa constitucional de fiscalização parlamentar, sejam requeridas do",https://ple.cl.df.gov.br/pleservico/api/public/proposicao/154193/documento/ativas,data/raw/documento-ativas/9a1731fbe5552076.json
BRB,BRB,CASO,documento,documento,texto,REQ 2510/2025,155481,319072,342535,Requerimento,GAB DEP PAULA BELMONTE,2025-11-18T09:41:54,"Requer-se a CONVOCAÇÃO do Presidente do Banco de Brasília – BRB, Sr. Paulo Henrique, bem como do Diretor Financeiro, Sr. Dario Oswaldo, para que compareçam à Câmara Legislativa do Distrito Federal, a fim de prestarem esclarecimentos acerca das operações realizadas pelo BRB relativas à tentativa de a","CÂMARA LEGISLATIVA DO DISTRITO FEDERAL Gabinete da Deputada Paula Belmonte - Gab 22 Requerimento Nº, DE 2025 (Autoria: Deputada PAULA BELMONTE) Requer-se a CONVOCAÇÃO do Presidente do Banco de Brasília – BRB, Sr. Paulo Henrique, bem como do Diretor Financeiro, Sr. Dario Oswaldo, para que compareçam à Câmara Legislativa do Distrito Federal, a fim de prestarem esclarecimentos acerca das operações realizadas pelo BRB relativas à tentativa de aquisição de participaçã",https://ple.cl.df.gov.br/pleservico/api/public/proposicao/155481/documento/ativas,data/raw/documento-ativas/67e3d568bd715515.json
BRB,BRB,CASO,documento,documento,texto,REQ 2505/2025,155500,319267,342486,Requerimento,GAB DEP CHICO VIGILANTE,2025-11-18T16:22:40,"Requer a convocação do Senhor Paulo Henrique Costa, presidente afastado do Banco de Brasília - BRB, a esta Câmara Legislativa, para prestar esclarecimentos sobre riscos de crédito e problemas de gestão à frente da presidência  do BRB, relacionados à tentativa de compra do Banco Master, à operação da","CÂMARA LEGISLATIVA DO DISTRITO FEDERAL Gabinete do Deputado Chico Vigilante - Gab 09 Requerimento Nº, DE 2025 (Autoria: Deputado Chico Vigilante) Requer a convocação do Senhor Paulo Henrique Costa, presidente afastado do Banco de Brasília - BRB, a esta Câmara Legislativa, para prestar esclarecimentos sobre riscos de crédito e problemas de gestão à frente da presidência do BRB, relacionados à tentativa de compra do Banco Master, à operação da Polícia Federal e às decisões judiciais e do Banco Central",https://ple.cl.df.gov.br/pleservico/api/public/proposicao/155500/documento/ativas,data/raw/documento-ativas/632a52c0bc498996.json
BRB,BRB,CASO,documento,documento,texto,REQ 2507/2025,155503,319279,342528,Requerimento,GAB DEP CHICO VIGILANTE,2025-11-18T17:45:36,"Requer a convocação do Senhor Dario Oswaldo Garcia Júnior, diretor afastado do Banco de Brasília - BRB, a esta Câmara Legislativa, para prestar esclarecimentos sobre riscos de crédito e problemas de gestão na direção do BRB, relacionados à tentativa de compra do Banco Master, à operação da Polícia F","CÂMARA LEGISLATIVA DO DISTRITO FEDERAL Gabinete do Deputado Chico Vigilante - Gab 09 Requerimento Nº, DE 2025 (Autoria: Deputado Chico Vigilante) Requer a convocação do Senhor Dario Oswaldo Garcia Júnior, diretor afastado do Banco de Brasília - BRB, a esta Câmara Legislativa, para prestar esclarecimentos sobre riscos de crédito e problemas de gestão na direção do BRB, relacionados à tentativa de compra do Banco Master, à operação da Polícia Federal e às decisões judiciais e do Banco Central do Brasil qu",https://ple.cl.df.gov.br/pleservico/api/public/proposicao/155503/documento/ativas,data/raw/documento-ativas/b2c1effa17ad503d.json
BRB,BRB,CASO,documento,documento,texto,REQ 2511/2025,155506,319282,342709,Requerimento,GAB DEP CHICO VIGILANTE,2025-11-18T19:37:31,"Requer informações à presidente em exercício do Banco de Brasília - BRB sobre a real situação do banco em vista das gravíssimas denúncias de fraudes, gestão temerária e riscos associados aos investimentos feitos pelo BRB no recém liquidado Banco Master.","CÂMARA LEGISLATIVA DO DISTRITO FEDERAL Gabinete do Deputado Chico Vigilante - Gab 09 Requerimento Nº, DE 2025 (Autoria: Deputado Chico Vigilante) Requer informações à presidente em exercício do Banco de Brasília - BRB, Cristiane Maria Lima Bukowitz, sobre a real situação do banco, em vista das gravíssimas denúncias de fraudes, gestão temerária e riscos associados aos investimentos feitos pelo BRB no recém-liquidado Banco Master. Excelentíssimo Senhor Presidente da Câmara L",https://ple.cl.df.gov.br/pleservico/api/public/proposicao/155506/documento/ativas,data/raw/documento-ativas/51e902a8d36cc0a2.json
BRB,BRB,CASO,documento,documento,texto,REQ 2505/2025,155500,319315,342616,Requerimento,GAB DEP CHICO VIGILANTE,2025-11-19T10:31:51,"Requer a convocação do Senhor Paulo Henrique Costa, presidente afastado do Banco de Brasília - BRB, a esta Câmara Legislativa, para prestar esclarecimentos sobre riscos de crédito e problemas de gestão à frente da presidência  do BRB, relacionados à tentativa de compra do Banco Master, à operação da","CÂMARA LEGISLATIVA DO DISTRITO FEDERAL Gabinete do Deputado Chico Vigilante - Gab 09 Requerimento Nº, DE 2025 (Autoria: Deputado Chico Vigilante) Requer a convocação do Senhor Paulo Henrique Costa, presidente afastado do Banco de Brasília - BRB, a esta Câmara Legislativa, para prestar esclarecimentos sobre riscos de crédito e problemas de gestão à frente da presidência do BRB, relacionados à tentativa de compra do Banco Master, à operação da Polícia Federal e às decisões judiciais e do Banco Central",https://ple.cl.df.gov.br/pleservico/api/public/proposicao/155500/documento/ativas,data/raw/documento-ativas/632a52c0bc498996.json
BRB,BRB,CASO,documento,documento,texto,REQ 2507/2025,155503,319322,342633,Requerimento,GAB DEP CHICO VIGILANTE,2025-11-19T11:02:47,"Requer a convocação do Senhor Dario Oswaldo Garcia Júnior, diretor afastado do Banco de Brasília - BRB, a esta Câmara Legislativa, para prestar esclarecimentos sobre riscos de crédito e problemas de gestão na direção do BRB, relacionados à tentativa de compra do Banco Master, à operação da Polícia F","CÂMARA LEGISLATIVA DO DISTRITO FEDERAL Gabinete do Deputado Chico Vigilante - Gab 09 Requerimento Nº, DE 2025 (Autoria: Deputado Chico Vigilante) Requer a convocação do Senhor Dario Oswaldo Garcia Júnior, diretor afastado do Banco de Brasília - BRB, a esta Câmara Legislativa, para prestar esclarecimentos sobre riscos de crédito e problemas de gestão na direção do BRB, relacionados à tentativa de compra do Banco Master, à operação da Polícia Federal e às decisões judiciais e do Banco Central do Brasil qu",https://ple.cl.df.gov.br/pleservico/api/public/proposicao/155503/documento/ativas,data/raw/documento-ativas/b2c1effa17ad503d.json
BRB,BRB,CASO,documento,documento,texto,REQ 2507/2025,155503,319327,342644,Requerimento,GAB DEP CHICO VIGILANTE,2025-11-19T11:32:00,"Requer a convocação do Senhor Dario Oswaldo Garcia Júnior, diretor afastado do Banco de Brasília - BRB, a esta Câmara Legislativa, para prestar esclarecimentos sobre riscos de crédito e problemas de gestão na direção do BRB, relacionados à tentativa de compra do Banco Master, à operação da Polícia F","CÂMARA LEGISLATIVA DO DISTRITO FEDERAL Gabinete do Deputado Chico Vigilante - Gab 09 Requerimento Nº, DE 2025 (Autoria: Deputado Chico Vigilante) Requer a convocação do Senhor Dario Oswaldo Garcia Júnior, diretor afastado do Banco de Brasília - BRB, a esta Câmara Legislativa, para prestar esclarecimentos sobre riscos de crédito e problemas de gestão na direção do BRB, relacionados à tentativa de compra do Banco Master, à operação da Polícia Federal e às decisões judiciais e do Banco Central do Brasil qu",https://ple.cl.df.gov.br/pleservico/api/public/proposicao/155503/documento/ativas,data/raw/documento-ativas/b2c1effa17ad503d.json
BRB,BRB,CASO,documento,documento,texto,REQ 2509/2025,155521,319338,342668,Requerimento,GAB DEP CHICO VIGILANTE,2025-11-19T12:22:32,Requer o encaminhamento de pedido de informações à Diretora-Presidente do Instituto de Previdência dos Servidores do Distrito Federal.,"ualizada de todos os recursos do IPREV/DF aplicados no mercado financeiro, discriminados por instituição financeira, modalidade de aplicação e rentabilidade no presente exercício financeiro, bem como nos exercícios de 2023 e 2024; III – quantidade de ações do BRB de propriedade do IPREV/DF, com a informação da data e valor da aquisição, bem como o valor atual dessas ações. IV – valor dos dividendos das ações do BRB recebidos pelo IPREV, discriminados por exercício financeiro. JUSTIFICAÇÃO Depois das notícias devast",https://ple.cl.df.gov.br/pleservico/api/public/proposicao/155521/documento/ativas,data/raw/documento-ativas/3b7330462f8344b7.json
BRB,BRB,CASO,documento,documento,texto,REQ 2513/2025,155533,319440,342934,Requerimento,GAB DEP MAX MACIEL,2025-11-20T22:02:44,"Requer o encaminhamento de pedido de informações à Diretora-Presidente do Instituto de Previdência dos Servidores do Distrito Federal – IPREV-DF, relativas à situação financeira do Regime Próprio de Previdência Social do Distrito Federal, ao uso dos rendimentos do Fundo Solidário Garantidor, aos est","rendimentos do Fundo Solidário Garantidor; a justificativa técnica e normativa para a utilização desses recursos, indicando fundamentos legais, cálculos atuariais e critérios adotados; avaliação atualizada do impacto que uma eventual redução dos dividendos do BRB poderá gerar sobre a capacidade de pagamento de aposentadorias e pensões. Informações consolidadas da composição e desempenho do Fundo Solidário Garantidor, contendo: a composição atualizada da carteira de ativos, discriminando classes de investimento, emi",https://ple.cl.df.gov.br/pleservico/api/public/proposicao/155533/documento/ativas,data/raw/documento-ativas/27513affe52ccbb5.json
BRB,BRB,CASO,documento,documento,texto,REQ 2514/2025,155532,319442,342942,Requerimento,GAB DEP MAX MACIEL,2025-11-20T22:12:32,"Requer o encaminhamento de pedido de informações ao Secretário de Estado de Economia do Distrito Federal – SEEC/DF, relativas à execução orçamentária e financeira dos programas governamentais que dependem de pagamentos operacionalizados pelo Banco de Brasília – BRB, à gestão fiscal e ao acompanhamen","quer o encaminhamento de pedido de informações ao Secretário de Estado de Economia do Distrito Federal – SEEC/DF, relativas à execução orçamentária e financeira dos programas governamentais que dependem de pagamentos operacionalizados pelo Banco de Brasília – BRB, à gestão fiscal e ao acompanhamento dos impactos das oscilações financeiras recentes sobre o orçamento do Distrito Federal, bem como à consolidação de dados sobre repasses, dotações, empenhos e liquidações vinculados às políticas públicas executadas por m",https://ple.cl.df.gov.br/pleservico/api/public/proposicao/155532/documento/ativas,data/raw/documento-ativas/9127247ccc88c60d.json
BRB,BRB,CASO,documento,documento,texto,REQ 2551/2025,155856,323429,349707,Requerimento,GAB DEP PAULA BELMONTE,2025-12-16T16:53:58,Requer informações ao Banco de Brasília S.A. – BRB sobre empréstimos concedidos a diretores e administradores.,"CÂMARA LEGISLATIVA DO DISTRITO FEDERAL Gabinete da Deputada Paula Belmonte - Gab 22 Requerimento Nº, DE 2025 (Da Senhora Deputada PAULA BELMONTE) Requer informações ao Banco de Brasília S.A. – BRB sobre empréstimos concedidos a diretores e administradores. Excelentíssimo Senhor Presidente da Câmara Legislativa do Distrito Federal: Requeiro, nos termos do art. 16, inciso VIII, do Regimento Interno da Câmara Legislativa do Distrito Federal, que sejam sol",https://ple.cl.df.gov.br/pleservico/api/public/proposicao/155856/documento/ativas,data/raw/documento-ativas/ec29bfcdb0f15170.json
BRB,BRB,CASO,documento,documento,texto,REQ 2553/2026,155933,323690,350231,Requerimento,GAB DEP PAULA BELMONTE,2026-01-13T22:13:13,"Requer a convocação do Presidente do Banco de Brasília S.A. – BRB, do Secretário de Estado de Economia do Distrito Federal, do Secretário de Governo e do Chefe da Casa Civil para prestarem esclarecimentos a esta Casa Legislativa acerca de eventual plano de capitalização do BRB, do uso de recursos pú","CÂMARA LEGISLATIVA DO DISTRITO FEDERAL Gabinete da Deputada Paula Belmonte - Gab 22 Requerimento Nº, DE 2026 (Da Senhora Deputada PAULA BELMONTE) Requer a convocação do Presidente do Banco de Brasília S.A. – BRB, do Secretário de Estado de Economia do Distrito Federal, do Secretário de Governo e do Chefe da Casa Civil para prestarem esclarecimentos a esta Casa Legislativa acerca de eventual plano de capitalização do BRB, do uso de recursos públicos e das responsabili",https://ple.cl.df.gov.br/pleservico/api/public/proposicao/155933/documento/ativas,data/raw/documento-ativas/31b12667ce25ce9c.json
BRB,BRB,CASO,documento,documento,texto,REQ 2560/2026,155986,323937,351251,Requerimento,GAB DEP FÁBIO FÉLIX,2026-01-21T17:09:10,Requer a convocação do Presidente do Banco de Brasília S.A. – BRB para esclarecer os prejuízos nas operações com o Banco Master e o plano de aporte,"CÂMARA LEGISLATIVA DO DISTRITO FEDERAL Gabinete do Deputado Fábio Félix - Gab 24 Requerimento Nº, DE 2025 (Autoria: Deputado Fábio Felix) Requer a convocação do Presidente do Banco de Brasília S.A. – BRB para esclarecer os prejuízos nas operações com o Banco Master e o plano de aporte Excelentíssimo Senhor Presidente da Câmara Legislativa do Distrito Federal: Nos termos do art. 142, II, do Regimento Interno da Câmara Legislativa do Distrito Federal, requeiro",https://ple.cl.df.gov.br/pleservico/api/public/proposicao/155986/documento/ativas,data/raw/documento-ativas/fd4bed7e2e661647.json
BRB,BRB,CASO,documento,documento,texto,REQ 2561/2026,156082,324125,351385,Requerimento,GAB DEP FÁBIO FÉLIX,2026-01-28T09:59:33,Requer a convocação do Presidente do Banco de Brasília S.A. – BRB para esclarecer os prejuízos nas operações com o Banco Master e o plano de aporte,"CÂMARA LEGISLATIVA DO DISTRITO FEDERAL Gabinete do Deputado Fábio Félix - Gab 24 Requerimento Nº, DE 2026 (Autoria: Bancada do PSOL) Requer a convocação do Presidente do Banco de Brasília S.A. – BRB para esclarecer os prejuízos nas operações com o Banco Master e o plano de aporte. Excelentíssimo Senhor Presidente da Câmara Legislativa do Distrito Federal: Nos termos do art. 142, II, do Regimento Interno da Câmara Legislativa do Distrito Federal, requeiro",https://ple.cl.df.gov.br/pleservico/api/public/proposicao/156082/documento/ativas,data/raw/documento-ativas/ff85ce3591c8f529.json
BRB,BRB,CASO,documento,documento,texto,REQ 2574/2026,156122,324216,352453,Requerimento,LIDPT,2026-02-02T13:32:33,Requer a realização de auditoria e inspeção no Banco de Brasília,"Com base no art. 78, V, da Lei Orgânica do Distrito Federal e nos arts. 16, VIII, b, c/c art. 41, § 1º, IV, do Regimento Interno da Câmara Legislativa, requeremos seja encaminhada ao Tribunal de Contas do Distrito Federal requisição de inspeção e auditoria no BRB sobre todas as suas transações com o Banco Master, com o objetivo de demonstrar, de forma objetiva, o montante do prejuízo causado pelos negócios envolvendo as duas instituições financeiras. JUSTIFICAÇÃO Segundo a Lei Orgânica do Distrito Federal (art. 78,",https://ple.cl.df.gov.br/pleservico/api/public/proposicao/156122/documento/ativas,data/raw/documento-ativas/ae4aecf9e3b0bb5e.json
BRB,BRB,CASO,documento,documento,texto,REQ 2564/2026,156126,324225,351760,Requerimento,GAB DEP FÁBIO FÉLIX,2026-02-02T14:53:45, Requer ao Presidente do BRB S.A. as informações relativas às operações com o Banco Master e à tentativa de aquisição societária,"CÂMARA LEGISLATIVA DO DISTRITO FEDERAL Gabinete do Deputado Fábio Félix - Gab 24 Requerimento Nº, DE 2026 (Autoria: Deputado Fábio Felix) Requer ao Presidente do BRB S.A. as informações relativas às operações com o Banco Master e à tentativa de aquisição societária Excelentíssimo Senhor Presidente da Câmara Legislativa do Distrito Federal: Requeiro, nos termos do art. 42 do Regimento Interno da CLDF, as informações e docu",https://ple.cl.df.gov.br/pleservico/api/public/proposicao/156126/documento/ativas,data/raw/documento-ativas/fa7ff28ec3e047b2.json
BRB,BRB,CASO,documento,documento,texto,REQ 2583/2026,156196,324645,352954,Requerimento,LIDPT,2026-02-06T08:50:16,Requer o encaminhamento de pedido de informações ao Presidente da CAESB.,"esposta ao item anterior, qual o valor e quanto continua aplicado; III – se houve perda ou se se estima haver perda financeira com eventuais aplicações nas duas instituições acima. JUSTIFICAÇÃO Depois das notícias devastadoras sobre as relações irregulares do BRB com o Banco Master, bem como das notícias de que inúmeras entidades públicas da Administração Indireta de Estados e Municípios tinham aplicação no Banco Master e no Will Bank, faz-se necessário saber se isso também ocorreu com as empresas estatais do Distr",https://ple.cl.df.gov.br/pleservico/api/public/proposicao/156196/documento/ativas,data/raw/documento-ativas/6df00d0322be34d0.json
BRB,BRB,CASO,documento,documento,texto,REQ 2582/2026,156197,324647,352955,Requerimento,LIDPT,2026-02-06T08:56:42,Requer o encaminhamento de pedido de informações Presidente da TERRACAP.,"esposta ao item anterior, qual o valor e quanto continua aplicado; III – se houve perda ou se se estima haver perda financeira com eventuais aplicações nas duas instituições acima. JUSTIFICAÇÃO Depois das notícias devastadoras sobre as relações irregulares do BRB com o Banco Master, bem como das notícias de que inúmeras entidades públicas da Administração Indireta de Estados e Municípios tinham aplicação no Banco Master e no Will Bank, faz-se necessário saber se isso também ocorreu com as empresas estatais do Distr",https://ple.cl.df.gov.br/pleservico/api/public/proposicao/156197/documento/ativas,data/raw/documento-ativas/c1c0061a509c57d1.json
BRB,BRB,CASO,documento,documento,texto,REQ 2581/2026,156198,324668,352972,Requerimento,LIDPT,2026-02-06T09:13:58,Requer o encaminhamento de pedido de informações Presidente da NOVACAP.,"esposta ao item anterior, qual o valor e quanto continua aplicado; III – se houve perda ou se se estima haver perda financeira com eventuais aplicações nas duas instituições acima. JUSTIFICAÇÃO Depois das notícias devastadoras sobre as relações irregulares do BRB com o Banco Master, bem como das notícias de que inúmeras entidades públicas da Administração Indireta de Estados e Municípios tinham aplicação no Banco Master e no Will Bank, faz-se necessário saber se isso também ocorreu com as empresas estatais do Distr",https://ple.cl.df.gov.br/pleservico/api/public/proposicao/156198/documento/ativas,data/raw/documento-ativas/fececa1c65589b0c.json
BRB,BRB,CASO,documento,documento,texto,REQ 2580/2026,156199,324669,352973,Requerimento,LIDPT,2026-02-06T09:18:54,Requer o encaminhamento de pedido de informações Presidente do METRÔ-DF.,"esposta ao item anterior, qual o valor e quanto continua aplicado; III – se houve perda ou se se estima haver perda financeira com eventuais aplicações nas duas instituições acima. JUSTIFICAÇÃO Depois das notícias devastadoras sobre as relações irregulares do BRB com o Banco Master, bem como das notícias de que inúmeras entidades públicas da Administração Indireta de Estados e Municípios tinham aplicação no Banco Master e no Will Bank, faz-se necessário saber se isso também ocorreu com as empresas estatais do Distr",https://ple.cl.df.gov.br/pleservico/api/public/proposicao/156199/documento/ativas,data/raw/documento-ativas/1c30decb6b599b1a.json
BRB,BRB,CASO,documento,documento,texto,REQ 2578/2026,156200,324670,352975,Requerimento,LIDPT,2026-02-06T09:24:30,Requer o encaminhamento de pedido de informações Presidente da CEASA.,"esposta ao item anterior, qual o valor e quanto continua aplicado; III – se houve perda ou se se estima haver perda financeira com eventuais aplicações nas duas instituições acima. JUSTIFICAÇÃO Depois das notícias devastadoras sobre as relações irregulares do BRB com o Banco Master, bem como das notícias de que inúmeras entidades públicas da Administração Indireta de Estados e Municípios tinham aplicação no Banco Master e no Will Bank, faz-se necessário saber se isso também ocorreu com as empresas estatais do Distr",https://ple.cl.df.gov.br/pleservico/api/public/proposicao/156200/documento/ativas,data/raw/documento-ativas/cadf3ed94fc56de6.json
BRB,BRB,CASO,documento,documento,texto,REQ 2579/2026,156201,324671,352976,Requerimento,LIDPT,2026-02-06T09:28:02,Requer o encaminhamento de pedido de informações Presidente da CEB.,"esposta ao item anterior, qual o valor e quanto continua aplicado; III – se houve perda ou se se estima haver perda financeira com eventuais aplicações nas duas instituições acima. JUSTIFICAÇÃO Depois das notícias devastadoras sobre as relações irregulares do BRB com o Banco Master, bem como das notícias de que inúmeras entidades públicas da Administração Indireta de Estados e Municípios tinham aplicação no Banco Master e no Will Bank, faz-se necessário saber se isso também ocorreu com as empresas estatais do Distr",https://ple.cl.df.gov.br/pleservico/api/public/proposicao/156201/documento/ativas,data/raw/documento-ativas/3b614cf7d3f2d72b.json
BRB,BRB,CASO,documento,documento,texto,REQ 2577/2026,156204,324676,352977,Requerimento,LIDPT,2026-02-06T10:17:59,Requer o encaminhamento de pedido de informações Presidente da CODHAB.,"esposta ao item anterior, qual o valor e quanto continua aplicado; III – se houve perda ou se se estima haver perda financeira com eventuais aplicações nas duas instituições acima. JUSTIFICAÇÃO Depois das notícias devastadoras sobre as relações irregulares do BRB com o Banco Master, bem como das notícias de que inúmeras entidades públicas da Administração Indireta de Estados e Municípios tinham aplicação no Banco Master e no Will Bank, faz-se necessário saber se isso também ocorreu com as empresas estatais do Distr",https://ple.cl.df.gov.br/pleservico/api/public/proposicao/156204/documento/ativas,data/raw/documento-ativas/78eae95b4da68fb6.json
BRB,BRB,CASO,documento,documento,texto,REQ 2576/2026,156205,324678,352978,Requerimento,LIDPT,2026-02-06T10:29:53,Requer o encaminhamento de pedido de informações Presidente da EMATER.,"esposta ao item anterior, qual o valor e quanto continua aplicado; III – se houve perda ou se se estima haver perda financeira com eventuais aplicações nas duas instituições acima. JUSTIFICAÇÃO Depois das notícias devastadoras sobre as relações irregulares do BRB com o Banco Master, bem como das notícias de que inúmeras entidades públicas da Administração Indireta de Estados e Municípios tinham aplicação no Banco Master e no Will Bank, faz-se necessário saber se isso também ocorreu com as empresas estatais do Distr",https://ple.cl.df.gov.br/pleservico/api/public/proposicao/156205/documento/ativas,data/raw/documento-ativas/ed8e4c169c621632.json
BRB,BRB,CASO,documento,documento,texto,REQ 2575/2026,156218,324711,352987,Requerimento,LIDPT,2026-02-06T13:22:33,Requer seja encaminhado pedido de informações ao Presidente do Banco de Brasília - BRB.,"CÂMARA LEGISLATIVA DO DISTRITO FEDERAL Liderança do PT Requerimento Nº, DE 2026 (Autoria: Bancada do Partido dos Trabalhadores) Requer seja encaminhado pedido de informações ao Presidente do Banco de Brasília - BRB. Excelentíssimo Senhor Presidente da Câmara Legislativa do Distrito Federal: Com base no art. 60, XXXIII, da Lei Orgânica do Distrito Federal e nos arts. 16, VIII, a, e 42 do Regimento Interno da Câmara Legislativa, requeremos seja encaminhado ao Presidente d",https://ple.cl.df.gov.br/pleservico/api/public/proposicao/156218/documento/ativas,data/raw/documento-ativas/975b03c9d27243ac.json
BRB,BRB,CASO,documento,documento,texto,REQ 2603/2026,156349,325151,354262,Requerimento,LIDPT,2026-02-19T17:15:49,Requer a convocação do atual Presidente do Banco de Brasília (BRB),"CÂMARA LEGISLATIVA DO DISTRITO FEDERAL Liderança do PT Requerimento Nº, DE 2026 (Autoria: Bancada do Partido dos Trabalhadores) Requer a convocação do atual Presidente do Banco de Brasília (BRB). Excelentíssimo Senhor Presidente da Câmara Legislativa do Distrito Federal, Com base no art. 60, XIV, da Lei Orgânica do Distrito Federal e no art. 255 do Regimento Interno da Câmara Legislativa, requeremos a convocação do atual Presidente do Banco de Brasí",https://ple.cl.df.gov.br/pleservico/api/public/proposicao/156349/documento/ativas,data/raw/documento-ativas/f6d19feca5f3d544.json
BRB,BRB,CASO,documento,documento,texto,REQ 2607/2026,156364,325221,354426,Requerimento,GAB DEP PR DANIEL DE CASTRO,2026-02-21T13:56:03,"Requer o convite do Presidente do Banco de Brasília S.A. – BRB para esclarecer os prejuízos nas operações com o Banco Master, o plano de aporte e os resultados apurados com a auditoria contratada.","CÂMARA LEGISLATIVA DO DISTRITO FEDERAL Gabinete do Deputado Pastor Daniel de Castro - Gab 07 Requerimento Nº, DE 2026 (Autoria: Deputado Pastor Daniel de Castro) Requer o convite do Presidente do Banco de Brasília S.A. – BRB para esclarecer os prejuízos nas operações com o Banco Master, o plano de aporte e os resultados apurados com a auditoria contratada. Excelentíssimo Senhor Presidente da Câmara Legislativa do Distrito Federal: Nos termos do art. 60, incisos XVI e seguintes da",https://ple.cl.df.gov.br/pleservico/api/public/proposicao/156364/documento/ativas,data/raw/documento-ativas/f01bcd5b934b51b4.json
BRB,BRB,CASO,documento,documento,texto,REQ 2609/2026,156367,325224,354519,Requerimento,GAB DEP PAULA BELMONTE,2026-02-22T21:30:39,"Requer junto à Companhia Imobiliária de Brasília – TERRACAP informações acerca de imóveis de sua titularidade ou gestão relacionados ao Projeto de Lei nº 2165/2026, destinados a finalidade de reforço patrimonial e suporte econômico-financeiro ao Banco de Brasília S.A. – BRB como forma de recompor o ","o à Companhia Imobiliária de Brasília – TERRACAP informações acerca de imóveis de sua titularidade ou gestão relacionados ao Projeto de Lei nº 2165/2026, destinados a finalidade de reforço patrimonial e suporte econômico-financeiro ao Banco de Brasília S.A. – BRB como forma de recompor o rombo bilionário que a gestão temerária causou o banco no atual governo do Distrito Federal. Excelentíssimo Senhor Presidente da Câmara Legislativa do Distrito Federal: Requeiro, nos termos do art. 42 do Regimento Interno, junto à ",https://ple.cl.df.gov.br/pleservico/api/public/proposicao/156367/documento/ativas,data/raw/documento-ativas/33090044ad8c5738.json
BRB,BRB,CASO,documento,documento,texto,REQ 2613/2026,156388,325345,354862,Requerimento,GAB DEP THIAGO MANZONI,2026-02-23T16:47:39,Requer a convocação do Sr. Secretário de Estado de Economia do Distrito Federal e do Sr. Presidente do Banco de Brasília - BRB para que prestem esclarecimentos sobre a situação financeira do Banco de Brasília e sobre as medidas de socorro necessárias. ,"LEGISLATIVA DO DISTRITO FEDERAL Gabinete do Deputado Thiago Manzoni - Gab 08 Requerimento Nº, DE 2026 (Autoria: Deputado Thiago Manzoni) Requer a convocação do Sr. Secretário de Estado de Economia do Distrito Federal e do Sr. Presidente do Banco de Brasília - BRB para que prestem esclarecimentos sobre a situação financeira do Banco de Brasília e sobre as medidas de socorro necessárias. Excelentíssimo Senhor Presidente da Câmara Legislativa do Distrito Federal: Requeiro, nos termos do art. 60, XIV, da Lei Orgânica d",https://ple.cl.df.gov.br/pleservico/api/public/proposicao/156388/documento/ativas,data/raw/documento-ativas/64446fba4f0af7b9.json
BRB,BRB,CASO,documento,documento,texto,REQ 2614/2026,156414,325527,354919,Requerimento,GAB DEP THIAGO MANZONI,2026-02-24T15:57:25,"Requer o encaminhamento, por intermédio da Mesa Diretora, de Requerimento ao Sr. Secretário de Estado de Economia do Distrito Federal e ao Sr. Presidente do Banco de Brasília para que prestem informações relacionadas ao Projeto de Lei n.º 2.175/2026.","6, inciso VIII, “a”, e 42 do Regimento Interno da CLDF, o encaminhamento, por intermédio da Mesa Diretora, de requerimento ao Senhor Secretário de Estado de Economia do Distrito Federal, Daniel Izaias de Carvalho, e ao Senhor Presidente do Banco de Brasília - BRB, Nelson Antônio de Souza, para que prestem as seguintes informações relacionadas ao Projeto de Lei nº 2.175/2026: I – Sobre a situação econômico-financeira do BRB no momento atual: a) Qual é o índice de Basileia atualizado da instituição? b) Qual é o monta",https://ple.cl.df.gov.br/pleservico/api/public/proposicao/156414/documento/ativas,data/raw/documento-ativas/9c5b0db2544533e5.json
BRB,BRB,CASO,documento,documento,texto,PL 2175/2026,156411,325568,355015,Emenda,GAB DEP EDUARDO PEDROSA,2026-02-25T09:26:52,"Dispõe sobre as medidas a serem adotadas pelo Distrito Federal, na condição de acionista controlador, para o restabelecimento e fortalecimento das condições econômico-financeiras do Banco de Brasília S.A. – BRB, e dá outras providências.","Eduardo Pedrosa) Ao Projeto de Lei Nº 2175/2026, que Dispõe sobre as medidas a serem adotadas pelo Distrito Federal, na condição de acionista controlador, para o restabelecimento e fortalecimento das condições econômico-financeiras do Banco de Brasília S.A. – BRB, e dá outras providências. Adite-se, onde couber, o seguinte artigo: ""Art. ___ O Banco de Brasília S.A. – BRB deverá publicar, trimestralmente, no Diário Oficial do Distrito Federal e em seu sítio eletrônico, relatório detalhado contendo: I – a relação dos",https://ple.cl.df.gov.br/pleservico/api/public/proposicao/156411/documento/ativas,data/raw/documento-ativas/28308ee15c2f8091.json
BRB,BRB,CASO,documento,documento,texto,PL 2175/2026,156411,325569,355017,Emenda,GAB DEP EDUARDO PEDROSA,2026-02-25T09:30:29,"Dispõe sobre as medidas a serem adotadas pelo Distrito Federal, na condição de acionista controlador, para o restabelecimento e fortalecimento das condições econômico-financeiras do Banco de Brasília S.A. – BRB, e dá outras providências.","Eduardo Pedrosa) Ao Projeto de Lei Nº 2175/2026, que Dispõe sobre as medidas a serem adotadas pelo Distrito Federal, na condição de acionista controlador, para o restabelecimento e fortalecimento das condições econômico-financeiras do Banco de Brasília S.A. – BRB, e dá outras providências. Adite-se ao Art. 4º do projeto de lei o seguinte parágrafo: ""Art. 4º (...) §2º. Caso a reavaliação anual dos ativos ou a recuperação das operações financeiras que deram causa ao aporte demonstrem que o valor dos bens transferidos",https://ple.cl.df.gov.br/pleservico/api/public/proposicao/156411/documento/ativas,data/raw/documento-ativas/28308ee15c2f8091.json
BRB,BRB,CASO,documento,documento,texto,PL 2175/2026,156411,325641,355230,Emenda,GAB DEP PEPA,2026-02-25T13:48:49,"Dispõe sobre as medidas a serem adotadas pelo Distrito Federal, na condição de acionista controlador, para o restabelecimento e fortalecimento das condições econômico-financeiras do Banco de Brasília S.A. – BRB, e dá outras providências.","Wellington Luiz) Ao Projeto de Lei Nº 2175/2026, que Dispõe sobre as medidas a serem adotadas pelo Distrito Federal, na condição de acionista controlador, para o restabelecimento e fortalecimento das condições econômico-financeiras do Banco de Brasília S.A. – BRB, e dá outras providências. Adite-se, onde couber, o seguinte artigo, renumerando-se os demais: Art. 1º O Projeto de Lei nº 2165, de 2026, passa a vigorar acrescido do seguinte artigo: Art. __. Toda medida de recomposição, reforço ou ampliação do patrimônio",https://ple.cl.df.gov.br/pleservico/api/public/proposicao/156411/documento/ativas,data/raw/documento-ativas/28308ee15c2f8091.json
BRB,BRB,CASO,documento,documento,texto,PL 2175/2026,156411,325900,355868,Emenda,GAB DEP PEPA,2026-03-02T12:52:32,"Dispõe sobre as medidas a serem adotadas pelo Distrito Federal, na condição de acionista controlador, para o restabelecimento e fortalecimento das condições econômico-financeiras do Banco de Brasília S.A. – BRB, e dá outras providências.","a) À emenda nº 3 do Projeto de Lei Nº 2175/2026, que Dispõe sobre as medidas a serem adotadas pelo Distrito Federal, na condição de acionista controlador, para o restabelecimento e fortalecimento das condições econômico-financeiras do Banco de Brasília S.A. – BRB, e dá outras providências. O caput do artigo 1º da emenda nº 3 passa a vigorar com a seguinte redação: Art. 1º O Projeto de Lei nº 2175, de 2026, passa a vigorar acrescido do seguinte artigo: JUSTIFICAÇÃO Ajuste de redação. Sala das Sessões, Deputado pepa ",https://ple.cl.df.gov.br/pleservico/api/public/proposicao/156411/documento/ativas,data/raw/documento-ativas/28308ee15c2f8091.json
BRB,BRB,CASO,documento,documento,texto,PL 2175/2026,156411,325932,355954,Emenda,GAB DEP WELLINGTON LUIZ,2026-03-02T20:14:07,"Dispõe sobre as medidas a serem adotadas pelo Distrito Federal, na condição de acionista controlador, para o restabelecimento e fortalecimento das condições econômico-financeiras do Banco de Brasília S.A. – BRB, e dá outras providências.","wellington Luiz) Ao Projeto de Lei Nº 2175/2026, que Dispõe sobre as medidas a serem adotadas pelo Distrito Federal, na condição de acionista controlador, para o restabelecimento e fortalecimento das condições econômico-financeiras do Banco de Brasília S.A. – BRB, e dá outras providências. O Art. 7º do Projeto Lei nº 2175/2026, passa a vigorar com a seguinte redação: “Art. 7º O Distrito Federal poderá compensar, mediante bens imóveis de valor equivalente, aqueles de propriedade da CEB, CAESB e TERRACAP constantes d",https://ple.cl.df.gov.br/pleservico/api/public/proposicao/156411/documento/ativas,data/raw/documento-ativas/28308ee15c2f8091.json
BRB,BRB,CASO,documento,documento,texto,PL 2175/2026,156411,325989,356115,Emenda,GAB DEP FÁBIO FÉLIX,2026-03-03T12:23:46,"Dispõe sobre as medidas a serem adotadas pelo Distrito Federal, na condição de acionista controlador, para o restabelecimento e fortalecimento das condições econômico-financeiras do Banco de Brasília S.A. – BRB, e dá outras providências.","ado Fábio Felix) Ao Projeto de Lei Nº 2175/2026, que Dispõe sobre as medidas a serem adotadas pelo Distrito Federal, na condição de acionista controlador, para o restabelecimento e fortalecimento das condições econômico-financeiras do Banco de Brasília S.A. – BRB, e dá outras providências. CAPÍTULO I DAS DISPOSIÇÕES GERAIS E DO OBJETO Art. 1º Esta Lei reconhece a existência de situação extraordinária de risco financeiro relevante no Banco de Brasília S.A. – BRB, decorrente de exposição a carteiras de crédito e ativ",https://ple.cl.df.gov.br/pleservico/api/public/proposicao/156411/documento/ativas,data/raw/documento-ativas/28308ee15c2f8091.json
BRB,BRB,CASO,documento,documento,texto,PL 2175/2026,156411,325992,356111,Emenda,GAB DEP JORGE VIANNA,2026-03-03T14:06:45,"Dispõe sobre as medidas a serem adotadas pelo Distrito Federal, na condição de acionista controlador, para o restabelecimento e fortalecimento das condições econômico-financeiras do Banco de Brasília S.A. – BRB, e dá outras providências.","rge Vianna) Ao PROJETO DE LEI Nº 2.175, DE 2026, que dispõe sobre as medidas a serem adotadas pelo Distrito Federal, na condição de acionista controlador, para o restabelecimento e fortalecimento das condições econômico-financeiras do Banco de Brasília S.A. – BRB, e dá outras providências. Acrescente-se ao Projeto de Lei nº 2.175, de 2026, o art. 5º, renumerando-se os demais: Art. 5º Nas operações previstas nesta Lei que envolvam transferência ou monetização de bens e direitos de titularidade do Distrito Federal em",https://ple.cl.df.gov.br/pleservico/api/public/proposicao/156411/documento/ativas,data/raw/documento-ativas/28308ee15c2f8091.json
BRB,BRB,CASO,documento,documento,texto,PL 2175/2026,156411,325994,356104,Emenda,LIDGOV,2026-03-03T14:15:41,"Dispõe sobre as medidas a serem adotadas pelo Distrito Federal, na condição de acionista controlador, para o restabelecimento e fortalecimento das condições econômico-financeiras do Banco de Brasília S.A. – BRB, e dá outras providências.","eputado Hermeto) Ao Projeto de Lei Nº 2175/2026, que Dispõe sobre as medidas a serem adotadas pelo Distrito Federal, na condição de acionista controlador, para o restabelecimento e fortalecimento das condições econômico-financeiras do Banco de Brasília S.A. – BRB, e dá outras providências. Renumera-se o parágrafo único do art. 4º, que passa a constituir §1º, e acrescem-se os §§ 2º e 3º ao referido artigo, com a seguinte redação: Art. 4º [...] §2º. A constituição de Fundos de Investimento Imobiliário (FII) será real",https://ple.cl.df.gov.br/pleservico/api/public/proposicao/156411/documento/ativas,data/raw/documento-ativas/28308ee15c2f8091.json
BRB,BRB,CASO,documento,documento,texto,PL 2175/2026,156411,326014,356168,Emenda,GAB DEP DAYSE AMARILIO,2026-03-03T15:59:05,"Dispõe sobre as medidas a serem adotadas pelo Distrito Federal, na condição de acionista controlador, para o restabelecimento e fortalecimento das condições econômico-financeiras do Banco de Brasília S.A. – BRB, e dá outras providências.","Dayse Amarilio) Ao Projeto de Lei Nº 2175/2026, que Dispõe sobre as medidas a serem adotadas pelo Distrito Federal, na condição de acionista controlador, para o restabelecimento e fortalecimento das condições econômico-financeiras do Banco de Brasília S.A. – BRB, e dá outras providências. Acrescente-se o § 5º ao art. 3º do Projeto de Lei nº 2175/2026, com a seguinte redação: § 5º A utilização dos imóveis de que trata este artigo dependerá da existência de laudo de avaliação previamente elaborado e aprovado pelo Con",https://ple.cl.df.gov.br/pleservico/api/public/proposicao/156411/documento/ativas,data/raw/documento-ativas/28308ee15c2f8091.json
BRB,BRB,CASO,documento,documento,texto,PL 2175/2026,156411,326015,356172,Emenda,GAB DEP DAYSE AMARILIO,2026-03-03T16:02:47,"Dispõe sobre as medidas a serem adotadas pelo Distrito Federal, na condição de acionista controlador, para o restabelecimento e fortalecimento das condições econômico-financeiras do Banco de Brasília S.A. – BRB, e dá outras providências.","Dayse Amarilio) Ao Projeto de Lei Nº 2175/2026, que Dispõe sobre as medidas a serem adotadas pelo Distrito Federal, na condição de acionista controlador, para o restabelecimento e fortalecimento das condições econômico-financeiras do Banco de Brasília S.A. – BRB, e dá outras providências. Acrescente-se o art. 4º-A ao Projeto de Lei nº 2175/2026, com a seguinte redação: Art. 4º-A. A implementação das medidas autorizadas por esta Lei ficará condicionada à apresentação pelo Banco de Brasília S.A. – BRB de Plano de Açã",https://ple.cl.df.gov.br/pleservico/api/public/proposicao/156411/documento/ativas,data/raw/documento-ativas/28308ee15c2f8091.json
BRB,BRB,CASO,documento,documento,texto,PL 2175/2026,156411,326018,356203,Emenda,GAB DEP DOUTORA JANE,2026-03-03T16:13:00,"Dispõe sobre as medidas a serem adotadas pelo Distrito Federal, na condição de acionista controlador, para o restabelecimento e fortalecimento das condições econômico-financeiras do Banco de Brasília S.A. – BRB, e dá outras providências.","da Doutora Jane) Ao Projeto de Lei Nº 2175/2026, que Dispõe sobre as medidas a serem adotadas pelo Distrito Federal, na condição de acionista controlador, para o restabelecimento e fortalecimento das condições econômico-financeiras do Banco de Brasília S.A. – BRB, e dá outras providências. Adite-se, onde couber, o seguinte artigo: ""Art. ___ A. Os bens imóveis transferidos ao BRB sob a égide desta Lei ficam gravados com Cláusula de Reversão ao patrimônio do Distrito Federal ou das empresas públicas de origem na hipó",https://ple.cl.df.gov.br/pleservico/api/public/proposicao/156411/documento/ativas,data/raw/documento-ativas/28308ee15c2f8091.json
BRB,BRB,CASO,documento,documento,texto,REQ 2629/2026,156526,326022,356206,Requerimento,GAB DEP GABRIEL MAGNO,2026-03-03T16:38:17,"Requer a convocação do Secretário de Estado de Economia do Distrito Federal, para prestar informações a esta Casa sobre a gestão fiscal do Distrito Federal e os impactos da Operação Compliance Zero nas contas públicas.","inanceira (Decreto n.º 48.125/2025 c/c ao Decreto n.º 48.172/2026), expedidos pelo Governador para controlar gastos em 2026, e (ii) os impactos sobre o Tesouro e o Instituto de Previdência dos Servidores do Distrito Federal em razão das operações envolvendo o BRB e o Banco Master. JUSTIFICAÇÃO Durante o exercício financeiro de 2025, o Poder Executivo promulgou 22 (vinte e duas) leis e publicou 124 (cento e vinte e quatro) decretos, lastreados em fonte de excesso de arrecadação. A título de exemplo, somente no que t",https://ple.cl.df.gov.br/pleservico/api/public/proposicao/156526/documento/ativas,data/raw/documento-ativas/963573d2683234a3.json
BRB,BRB,CASO,documento,documento,texto,REQ 2630/2026,156527,326023,356209,Requerimento,GAB DEP GABRIEL MAGNO,2026-03-03T16:51:20,"Requer a convocação da Diretora-Presidente do Instituto de Previdência dos Servidores do Distrito Federal (IPREV/DF) para prestar esclarecimentos a esta Casa sobre as operações financeiras entre BRB e Banco Master, incluindo a Operação Compliance Zero, e os impactos sobre o patrimônio do servidor pú","º, DE 2026 (Autoria: Deputado(a) ) Requer a convocação da Diretora-Presidente do Instituto de Previdência dos Servidores do Distrito Federal (IPREV/DF) para prestar esclarecimentos a esta Casa sobre as operações financeiras entre BRB e Banco Master, incluindo a Operação Compliance Zero, e os impactos sobre o patrimônio do servidor público.. Excelentíssimo Senhor Presidente da Câmara Legislativa do Distrito Federal: Requeiro, nos termos do art. 60[1], XIV, da Lei Orgânica do Distrito Feder",https://ple.cl.df.gov.br/pleservico/api/public/proposicao/156527/documento/ativas,data/raw/documento-ativas/735024734ae7f179.json
BRB,BRB,CASO,documento,documento,texto,REQ 2631/2026,156528,326024,356212,Requerimento,GAB DEP GABRIEL MAGNO,2026-03-03T17:03:29,"Requer a convocação do ex-Presidente do Banco de Brasília (BRB), Paulo Henrique Costa, para prestar informações a esta Casa sobre as operações financeiras entre BRB e Banco Master e a Operação Compliance Zero.","CÂMARA LEGISLATIVA DO DISTRITO FEDERAL Gabinete do Deputado Gabriel Magno - Gab 16 Requerimento Nº, DE 2026 (Autoria: Deputado(a) ) Requer a convocação do ex-Presidente do Banco de Brasília (BRB), Paulo Henrique Costa, para prestar informações a esta Casa sobre as operações financeiras entre BRB e Banco Master e a Operação Compliance Zero.. Excelentíssimo Senhor Presidente da Câmara Legislativa do Distrito Federal: Requeiro, nos termos do art. 60[1],",https://ple.cl.df.gov.br/pleservico/api/public/proposicao/156528/documento/ativas,data/raw/documento-ativas/8f8f9a14e450318a.json
BRB,BRB,CASO,documento,documento,texto,REQ 2632/2026,156529,326025,356215,Requerimento,GAB DEP GABRIEL MAGNO,2026-03-03T17:09:39,Requer ao Governador do Distrito Federal informações sobre as Operações entre Banco de Brasília (BRB) e Banco Master com foco na Operação Compliance Zero.,"CÂMARA LEGISLATIVA DO DISTRITO FEDERAL Gabinete do Deputado Gabriel Magno - Gab 16 Requerimento Nº, DE 2026 (Autoria: Deputado Gabriel Magno) Requer ao Governador do Distrito Federal informações sobre as Operações entre Banco de Brasília (BRB) e Banco Master com foco na Operação Compliance Zero.. Excelentíssimo Senhor Presidente da Câmara Legislativa do Distrito Federal: Com fulcro no art. 60, XVI[1], XXXII[2], da Lei Orgânica do Distrito Federal, e nos termos do art. 42, I, Regimento Interno dest",https://ple.cl.df.gov.br/pleservico/api/public/proposicao/156529/documento/ativas,data/raw/documento-ativas/6b073bf597ee6be1.json
BRB,BRB,CASO,documento,documento,texto,PL 2175/2026,156411,326026,356218,Emenda,GAB DEP JORGE VIANNA,2026-03-03T17:26:12,"Dispõe sobre as medidas a serem adotadas pelo Distrito Federal, na condição de acionista controlador, para o restabelecimento e fortalecimento das condições econômico-financeiras do Banco de Brasília S.A. – BRB, e dá outras providências.","do Jorge Vianna) Ao Projeto de Lei Nº 2175/2026, que Dispõe sobre as medidas a serem adotadas pelo Distrito Federal, na condição de acionista controlador, para o restabelecimento e fortalecimento das condições econômico-financeiras do Banco de Brasília S.A. – BRB, e dá outras providências. Acrescente-se ao Projeto de Lei nº 2.175, o § 5º ao art. 3º, com a seguinte redação: “Art. 3º ............................................................................ § 5º Ficam excluídos das autorizações de alienação, cessão",https://ple.cl.df.gov.br/pleservico/api/public/proposicao/156411/documento/ativas,data/raw/documento-ativas/28308ee15c2f8091.json
BRB,BRB,CASO,documento,documento,texto,PL 2175/2026,156411,326027,356220,Emenda,GAB DEP WELLINGTON LUIZ,2026-03-03T17:28:03,"Dispõe sobre as medidas a serem adotadas pelo Distrito Federal, na condição de acionista controlador, para o restabelecimento e fortalecimento das condições econômico-financeiras do Banco de Brasília S.A. – BRB, e dá outras providências.","wellington Luiz) Ao Projeto de Lei Nº 2175/2026, que Dispõe sobre as medidas a serem adotadas pelo Distrito Federal, na condição de acionista controlador, para o restabelecimento e fortalecimento das condições econômico-financeiras do Banco de Brasília S.A. – BRB, e dá outras providências. O Art. 7º do Projeto Lei nº 2175/2026, passa a vigorar com a seguinte redação: “Art. 7º O Distrito Federal deverá compensar, mediante bens imóveis de valor equivalente, aqueles de propriedade da CEB, CAESB e TERRACAP constantes d",https://ple.cl.df.gov.br/pleservico/api/public/proposicao/156411/documento/ativas,data/raw/documento-ativas/28308ee15c2f8091.json
BRB,BRB,CASO,documento,documento,texto,PL 2175/2026,156411,326030,356226,Emenda,GAB DEP HERMETO,2026-03-03T17:53:07,"Dispõe sobre as medidas a serem adotadas pelo Distrito Federal, na condição de acionista controlador, para o restabelecimento e fortalecimento das condições econômico-financeiras do Banco de Brasília S.A. – BRB, e dá outras providências.","eputado Hermeto) Ao Projeto de Lei Nº 2175/2026, que Dispõe sobre as medidas a serem adotadas pelo Distrito Federal, na condição de acionista controlador, para o restabelecimento e fortalecimento das condições econômico-financeiras do Banco de Brasília S.A. – BRB, e dá outras providências. Acrescente-se ao Projeto de Lei nº 2.175, o § 5º ao art. 3º, com a seguinte redação: “Art. 3º ............................................................................ § 5º Ficam excluídos das autorizações de alienação, cessão",https://ple.cl.df.gov.br/pleservico/api/public/proposicao/156411/documento/ativas,data/raw/documento-ativas/28308ee15c2f8091.json
BRB,BRB,CASO,documento,documento,texto,PL 2175/2026,156411,326041,356263,Voto em Separado,LIDPT,2026-03-03T20:22:08,"Dispõe sobre as medidas a serem adotadas pelo Distrito Federal, na condição de acionista controlador, para o restabelecimento e fortalecimento das condições econômico-financeiras do Banco de Brasília S.A. – BRB, e dá outras providências.","ei nº 2175/2026 Ao Projeto de Lei nº 2175/2026, que “Dispõe sobre as medidas a serem adotadas pelo Distrito Federal, na condição de acionista controlador, para o restabelecimento e fortalecimento das condições econômico-financeiras do Banco de Brasília S.A. – BRB, e dá outras providências.” AUTOR: Poder Executivo VOTO EM SEPARADO Projeto de Lei nº 2.175 – Rombo no BRB O Governador encaminhou à Câmara Legislativa um Projeto de Lei para tentar cobrir o rombo deixado pelas nebulosas operações de seu Governo com o Banc",https://ple.cl.df.gov.br/pleservico/api/public/proposicao/156411/documento/ativas,data/raw/documento-ativas/28308ee15c2f8091.json
BRB,BRB,CASO,documento,documento,texto,PL 2175/2026,156411,326206,356729,Redação Final,CCJ,2026-03-05T16:38:05,"Dispõe sobre as medidas a serem adotadas pelo Distrito Federal, na condição de acionista controlador, para o restabelecimento e fortalecimento das condições econômico-financeiras do Banco de Brasília S.A. – BRB, e dá outras providências.","ustiça PROJETO DE LEI Nº 2.175 DE 2026 Redação Final Dispõe sobre as medidas a serem adotadas pelo Distrito Federal, na condição de acionista controlador, para o restabelecimento e fortalecimento das condições econômico-financeiras do Banco de Brasília S.A. – BRB, e dá outras providências. A CÂMARA LEGISLATIVA DO DISTRITO FEDERAL decreta: Art. 1º Esta Lei dispõe sobre os instrumentos destinados ao fortalecimento da estrutura patrimonial e da liquidez do Banco de Brasília S.A. – BRB, com vistas à preservação do inte",https://ple.cl.df.gov.br/pleservico/api/public/proposicao/156411/documento/ativas,data/raw/documento-ativas/28308ee15c2f8091.json
BRB,BRB,CASO,documento,documento,texto,REQ 2652/2026,156584,326287,357019,Requerimento,GAB DEP FÁBIO FÉLIX,2026-03-07T15:50:20,"Requer a criação da ""Subcomissão do BRB-Master"", no âmbito da Comissão de Constituição e Justiça - CCJ, para a apurar as operações entre as instituições, indicar responsabilidades e fiscalizar a execução do plano de capitalização proposto ","CÂMARA LEGISLATIVA DO DISTRITO FEDERAL Gabinete do Deputado Fábio Félix - Gab 24 Requerimento Nº, DE 2026 (Autoria: Deputado Fábio Felix) Requer a criação da ""Subcomissão do BRB-Master"", no âmbito da Comissão de Constituição e Justiça - CCJ, para a apurar apurar os prejuízos decorrentes das operações e fiscalizar a execução do plano de capitalização Excelentíssimo Senhor Presidente da Câmara Legislativa do Distrito Federal: Com funda",https://ple.cl.df.gov.br/pleservico/api/public/proposicao/156584/documento/ativas,data/raw/documento-ativas/e11370cf20bc2073.json
BRB,BRB,CASO,documento,documento,texto,REQ 2653/2026,156585,326288,356969,Requerimento,GAB DEP THIAGO MANZONI,2026-03-08T12:03:29,Requer a convocação do Sr. Secretário de Estado de Economia do Distrito Federal e do Sr. Presidente do Banco de Brasília - BRB para que prestem pessoalmente esclarecimentos sobre a situação financeira do Banco de Brasília e sobre as medidas de socorro necessárias.,"LEGISLATIVA DO DISTRITO FEDERAL Gabinete do Deputado Thiago Manzoni - Gab 08 Requerimento Nº, DE 2026 (Autoria: Deputado Thiago Manzoni) Requer a convocação do Sr. Secretário de Estado de Economia do Distrito Federal e do Sr. Presidente do Banco de Brasília - BRB para que prestem pessoalmente esclarecimentos sobre a situação financeira do Banco de Brasília e sobre as medidas de socorro necessárias. Excelentíssimo Senhor Presidente da Câmara Legislativa do Distrito Federal: Requeiro, nos termos do art. 60, XIV, da L",https://ple.cl.df.gov.br/pleservico/api/public/proposicao/156585/documento/ativas,data/raw/documento-ativas/2bc2da65b09d013a.json
BRB,BRB,CASO,documento,documento,texto,REQ 2660/2026,156622,326472,357314,Requerimento,GAB DEP CHICO VIGILANTE,2026-03-10T09:48:06,Requer a convocação do Diretor-Presidente da Terracap (Agência de Desenvolvimento do Distrito Federal).,"do Distrito Federal), para prestar, pessoalmente, informações à Comissão de Constituição e Justiça sobre a situação jurídica e imobiliária, bem como as consequências e reflexos para a Administração Pública e população dos seguintes imóveis transferidos para o BRB: JUSTIFICAÇÃO Segundo a Lei Orgânica do Distrito Federal (art. 60, XIV), compete à Câmara Legislativa, privativamente, “convocar Secretários de Estado do Distrito Federal, dirigentes e servidores da administração direta e indireta do Distrito Federal a pre",https://ple.cl.df.gov.br/pleservico/api/public/proposicao/156622/documento/ativas,data/raw/documento-ativas/dbc6c0c9fa3ea5bf.json
BRB,BRB,CASO,documento,documento,texto,REQ 2664/2026,156635,326501,357508,Requerimento,GAB DEP MAX MACIEL,2026-03-10T12:36:26,"Requer o encaminhamento de pedido de informações ao Governador do Distrito Federal sobre contrato de cessão de direitos firmado entre seu escritório de advocacia e a Reag Gestora, bem como sobre a eventual existência de conflitos de interesses em operações do Banco de Brasília – BRB envolvendo o Ban","nto de pedido de informações ao Governador do Distrito Federal sobre contrato de cessão de direitos firmado entre seu escritório de advocacia e a Reag Gestora, bem como sobre a eventual existência de conflitos de interesses em operações do Banco de Brasília – BRB envolvendo o Banco Master e entes coligados. Excelentíssimo Senhor Presidente da Câmara Legislativa do Distrito Federal: Requeiro, nos termos do art. 42 do Regimento Interno da Câmara Legislativa do Distrito Federal (RICLDF), bem como dos arts. 60, inciso ",https://ple.cl.df.gov.br/pleservico/api/public/proposicao/156635/documento/ativas,data/raw/documento-ativas/d6bab849d0b6f93c.json
BRB,BRB,CASO,documento,documento,texto,REQ 2665/2026,156639,326524,357492,Requerimento,GAB DEP MAX MACIEL,2026-03-10T16:04:28,"Requer o encaminhamento de pedido de informações à Controladoria-Geral do Distrito Federal acerca de eventual análise de integridade, governança e conflito de interesses envolvendo operações do Banco de Brasília – BRB relacionadas ao Banco Master e estruturas financeiras associadas.","to Nº, DE 2026 (Autoria: Deputado MAX MACIEL) Requer o encaminhamento de pedido de informações à Controladoria-Geral do Distrito Federal acerca de eventual análise de integridade, governança e conflito de interesses envolvendo operações do Banco de Brasília – BRB relacionadas ao Banco Master e estruturas financeiras associadas. Excelentíssimo Senhor Presidente da Câmara Legislativa do Distrito Federal: Requeiro, nos termos do art. 42 do Regimento Interno da Câmara Legislativa do Distrito Federal (RICLDF), bem como ",https://ple.cl.df.gov.br/pleservico/api/public/proposicao/156639/documento/ativas,data/raw/documento-ativas/c16ac29988ccfb46.json
BRB,BRB,CASO,documento,documento,texto,REQ 2663/2026,156640,326526,357494,Requerimento,GAB DEP MAX MACIEL,2026-03-10T16:27:17,"Requer o encaminhamento de pedido de informações ao Banco de Brasília S.A. – BRB acerca de análises de integridade, governança e gestão de riscos relacionadas a operações financeiras envolvendo ativos vinculados ao Banco Master e estruturas financeiras associadas.","CÂMARA LEGISLATIVA DO DISTRITO FEDERAL Gabinete do Deputado Max Maciel - Gab 02 Requerimento Nº, DE 2026 (Autoria: Deputado MAX MACIEL) Requer o encaminhamento de pedido de informações ao Banco de Brasília S.A. – BRB acerca de análises de integridade, governança e gestão de riscos relacionadas a operações financeiras envolvendo ativos vinculados ao Banco Master e estruturas financeiras associadas. Excelentíssimo Senhor Presidente da Câmara Legislativa do Distrito Federal:",https://ple.cl.df.gov.br/pleservico/api/public/proposicao/156640/documento/ativas,data/raw/documento-ativas/c656efa561a3b41a.json
BRB,BRB,CASO,documento,documento,texto,REQ 2666/2026,156643,326531,357519,Requerimento,LIDPT,2026-03-10T17:24:59,Requer o encaminhamento de pedido de informações ao Senhor Procurador-Geral do Distrito Federal.,"e o referido escritório, caso tenha como devedor o Distrito Federal, suas autarquias e fundações; 7) esclarecimentos se houve manifestação ou ciência da PGDF sobre a utilização de precatórios do DF como lastro em fundos de investimento que adquiriram ações do BRB ou participaram de operações de compra de carteiras de crédito sob investigação na Operação Compliance Zero; 8) informações se foram realizados estudos de impacto ou análise de integridade sobre o pagamento de grandes montantes de precatórios a escritório ",https://ple.cl.df.gov.br/pleservico/api/public/proposicao/156643/documento/ativas,data/raw/documento-ativas/aac98d704d0d1da8.json
BRB,BRB,CASO,documento,documento,texto,REQ 2674/2026,156697,326746,358145,Requerimento,LIDPT,2026-03-12T12:54:07,Requer o encaminhamento de pedido de informações ao Senhor Procurador-Geral do Distrito Federal. ,"eral do Distrito Federal pedido das seguintes informações: I - cópia intergral e legígel do voto escrito e assinado a ser apresentado ou já apresentado pelo Procurador Geral do Distrito Federal, na Assembleia Extraordinária de Acionistas do Banco de Brasília (BRB), convocada para o dia 18 de março do corrente ano, na qualidade de acionista majoritário, com o posicionamento sobre cada item da ordem do dia, especialmente sobre as eventuais vantagens ou desvantagens econômicas para o Distrito Federal quanto ao aumento",https://ple.cl.df.gov.br/pleservico/api/public/proposicao/156697/documento/ativas,data/raw/documento-ativas/b230beb465813deb.json
BRB,BRB,CASO,documento,documento,texto,REQ 2675/2026,156701,326750,358149,Requerimento,LIDPT,2026-03-12T13:13:15,Requer o encaminhamento de pedido de informações à Senhora Diretora Presidente do Instituto de Previdência do Distrito Federal – IPREV/DF ,"urador-Geral do Distrito Federal pedido das seguintes informações: I - cópia intergral e legígel do voto escrito e assinado a ser apresentado ou já apresentado pela Diretora-Presidnete do IPREV, na Assembleia Extraordinária de Acionistas do Banco de Brasília (BRB), convocada para o dia 18 de março do corrente ano, na qualidade de acionista majoritário, com o posicionamento sobre cada item da ordem do dia, especialmente sobre as eventuais vantagens ou desvantagens econômicas para o Distrito Federal quanto ao aumento",https://ple.cl.df.gov.br/pleservico/api/public/proposicao/156701/documento/ativas,data/raw/documento-ativas/a7ed6217c25d1684.json
BRB,BRB,CASO,documento,documento,texto,REQ 2653/2026,156585,326901,358713,Folha de Votação,CCJ,2026-03-16T15:08:08,Requer a convocação do Sr. Secretário de Estado de Economia do Distrito Federal e do Sr. Presidente do Banco de Brasília - BRB para que prestem pessoalmente esclarecimentos sobre a situação financeira do Banco de Brasília e sobre as medidas de socorro necessárias.,CÂMARA LEGISLATIVA DO DISTRITO FEDERAL Comissão de Constituição e Justiça Folha de votação Requerimento 2653/2026 Requer a convocação do Sr. Secretário de Estado de Economia do Distrito Federal e do Sr. Presidente do Banco de Brasília - BRB para que prestem pessoalmente esclarecimentos sobre a situação financeira do Banco de Brasília e sobre as medidas de socorro necessárias. Autoria: Deputado Thiago Manzoni Assinam e votam o parecer os(as) Deputados(as): TITULARES ACOMPANHAMENTO Favorável Contr,https://ple.cl.df.gov.br/pleservico/api/public/proposicao/156585/documento/ativas,data/raw/documento-ativas/2bc2da65b09d013a.json
BRB,BRB,CASO,documento,documento,texto,REQ 2728/2026,157014,328849,361908,Requerimento,GAB DEP FÁBIO FÉLIX,2026-03-31T11:42:07,Requer informações ao Banco de Brasília S.A. – BRB sobre compensações e tentativas de recuperação patrimonial decorrentes da aquisição de ativos originários do Banco Master,"CÂMARA LEGISLATIVA DO DISTRITO FEDERAL Gabinete do Deputado Fábio Félix - Gab 24 Requerimento Nº, DE 2026 (Autoria: Deputado Fábio Felix) Requer informações ao Banco de Brasília S.A. – BRB sobre compensações e tentativas de recuperação patrimonial decorrentes da aquisição de ativos originários do Banco Master. Excelentíssimo Senhor Presidente da Câmara Legislativa do Distrito Federal: Requeiro, nos termos regimentais, sejam requeridas do Banco",https://ple.cl.df.gov.br/pleservico/api/public/proposicao/157014/documento/ativas,data/raw/documento-ativas/eeb0f77b9e535d84.json
BRB,BRB,CASO,documento,documento,texto,REQ 2729/2026,157017,328857,362946,Requerimento,GAB DEP FÁBIO FÉLIX,2026-03-31T12:17:21,"Reque informações acerca de atuação institucional, consultiva e contenciosa, da Procuradoria-Geral do Distrito Federal – PGDF, relacionada às negociações, tentativas de aquisição de ativos e demais operações envolvendo o Banco de Brasília S.A. – BRB e o Banco Master","Fábio Felix) Reque informações acerca de atuação institucional, consultiva e contenciosa, da Procuradoria-Geral do Distrito Federal – PGDF, relacionada às negociações, tentativas de aquisição de ativos e demais operações envolvendo o Banco de Brasília S.A. – BRB e o Banco Master Excelentíssimo Senhor Presidente da Câmara Legislativa do Distrito Federal: Requeiro, nos termos regimentais, as seguintes informações acerca de sua atuação institucional, consultiva e contenciosa, relacionada às negociações, tentativas de ",https://ple.cl.df.gov.br/pleservico/api/public/proposicao/157017/documento/ativas,data/raw/documento-ativas/f36f7c7e7204de8d.json
BRB,BRB,CASO,documento,documento,texto,REQ 2725/2026,157105,329491,362739,Requerimento,GAB DEP THIAGO MANZONI,2026-04-06T17:29:39,Requer a convocação do Sr. Presidente do Banco de Brasília - BRB para que preste pessoalmente esclarecimentos sobre a situação financeira do Banco de Brasília e sobre as medidas de socorro necessárias. ,"CÂMARA LEGISLATIVA DO DISTRITO FEDERAL Gabinete do Deputado Thiago Manzoni - Gab 08 Requerimento Nº, DE 2026 (Autoria: Deputado Thiago Manzoni) Requer a convocação do Sr. Presidente do Banco de Brasília - BRB para que preste pessoalmente esclarecimentos sobre a situação financeira do Banco de Brasília e sobre as medidas de socorro necessárias. Excelentíssimo Senhor Presidente da Câmara Legislativa do Distrito Federal: Requeiro, nos termos do art. 60, XIV, da Lei O",https://ple.cl.df.gov.br/pleservico/api/public/proposicao/157105/documento/ativas,data/raw/documento-ativas/633c101e223ee941.json
BRB,BRB,CASO,documento,documento,texto,REQ 2724/2026,157106,329492,362759,Requerimento,GAB DEP THIAGO MANZONI,2026-04-06T18:25:45,"Requer a convocação do Sr. Secretário de Estado de Economia e do Sr. Secretário Adjunto de Economia para que prestem pessoalmente esclarecimentos sobre a situação financeira do Banco de Brasília, sobre as medidas de socorro necessárias e sobre a situação econômico-financeira do Distrito Federal. ","Interno, a convocação do Senhor Secretário de Estado de Economia, Valdivino José de Oliveira, e do Sr. Secretário Adjunto de Economia, Daniel Izaias de Carvalho, para que prestem pessoalmente esclarecimentos sobre a situação financeira do Banco de Brasília - BRB, as necessidades de aporte na instituição pelo acionista controlador e sobre a situação econômico-financeira do Distrito Federal. JUSTIFICAÇÃO O presente requerimento de convocação do Senhor Secretário de Estado de Economia do Distrito Federal e do Senhor S",https://ple.cl.df.gov.br/pleservico/api/public/proposicao/157106/documento/ativas,data/raw/documento-ativas/72b5869679d2c7d0.json
BRB,BRB,CASO,documento,documento,texto,REQ 2725/2026,157105,329522,362852,Folha de Votação,CCJ,2026-04-07T10:25:23,Requer a convocação do Sr. Presidente do Banco de Brasília - BRB para que preste pessoalmente esclarecimentos sobre a situação financeira do Banco de Brasília e sobre as medidas de socorro necessárias. ,CÂMARA LEGISLATIVA DO DISTRITO FEDERAL Comissão de Constituição e Justiça Folha de votação Requerimento 2725/2026 Requer a convocação do Sr. Presidente do Banco de Brasília - BRB para que preste pessoalmente esclarecimentos sobre a situação financeira do Banco de Brasília e sobre as medidas de socorro necessárias. Autoria: Deputado Thiago Manzoni Assinam e votam o parecer os(as) Deputados(as): TITULARES ACOMPANHAMENTO Favorável Contrá,https://ple.cl.df.gov.br/pleservico/api/public/proposicao/157105/documento/ativas,data/raw/documento-ativas/633c101e223ee941.json
BRB,BRB,CASO,documento,documento,texto,REQ 2760/2026,157118,329534,365989,Requerimento,GAB DEP PAULA BELMONTE,2026-04-07T11:03:22,"Requer o encaminhamento de pedido de informações ao Presidente do Banco de Brasília S.A. – BRB, acerca da situação econômico-financeira, patrimonial, de governança e do plano de capitalização da instituição.","CÂMARA LEGISLATIVA DO DISTRITO FEDERAL Gabinete da Deputada Paula Belmonte - Gab 22 Requerimento Nº, DE 2026 (Autoria: Deputada PAULA BELMONTE) Requer o encaminhamento de pedido de informações ao Presidente do Banco de Brasília S.A. – BRB, acerca da situação econômico-financeira, patrimonial, de governança e do plano de capitalização da instituição. A CÂMARA LEGISLATIVA DO DISTRITO FEDERAL, nos termos do art. 60, incisos XVI e XXXIII, da Lei Orgânica do Distrito Federal, c/c art. 42 do Regimen",https://ple.cl.df.gov.br/pleservico/api/public/proposicao/157118/documento/ativas,data/raw/documento-ativas/9fead9fa565cbe72.json
BRB,BRB,CASO,documento,documento,texto,REQ 2749/2026,157240,330223,365274,Requerimento,LIDPT,2026-04-13T16:06:55,Requer ao Banco de Brasília S;.A BRB informações que específica. ,"CÂMARA LEGISLATIVA DO DISTRITO FEDERAL Liderança do PT Requerimento Nº, DE 2026 (Autoria: Deputados CHICO VIGILANTE, RICARDO VALE e GABRIEL MAGNO) Requer ao Banco de Brasília S.A. – BRB informações que especifica. Excelentíssimo Senhor Presidente da Câmara Legislativa do Distrito Federal: Nos termos do art. 40 do Regimento Interno, dirigimo-nos a Vossa Excelência para requerer que sejam solicitadas ao Presidente do Banco de Brasília – BRB as",https://ple.cl.df.gov.br/pleservico/api/public/proposicao/157240/documento/ativas,data/raw/documento-ativas/048427673dbf1774.json
BRB,BRB,CASO,documento,documento,texto,REQ 2970/2026,157892,333983,374713,Requerimento,GAB DEP FÁBIO FÉLIX,2026-05-25T15:48:32,Requer informações ao Secretário de Estado de Economia do Distrito Federal e ao Banco de Brasília S.A. acerca das operações de cessão onerosa de direitos creditórios da dívida ativa do DF ,"futura; c) à viabilidade econômica e financeira da medida; d) à identificação da pessoa jurídica responsável por cada estudo, respectivo CNPJ, data de emissão, escopo contratado e custo correspondente. 4. Encaminhar cópia integral do contrato firmado entre o BRB e o Distrito Federal para estruturação e implementação da operação, com todos os seus anexos e aditivos, bem como dos contratos celebrados pelo BRB com terceiros para estruturação, distribuição, colocação, custódia, administração, gestão, agente fiduciário,",https://ple.cl.df.gov.br/pleservico/api/public/proposicao/157892/documento/ativas,data/raw/documento-ativas/17c79582b768ae54.json
BRB,BRB,CASO,documento,documento,texto,PL 2363/2026,158171,335336,374863,Emenda,GAB DEP FÁBIO FÉLIX,2026-06-08T14:37:25,"Altera a Lei nº 7.845, de 10 de março de 2026, que “dispõe sobre as medidas a serem adotadas pelo Distrito Federal, na condição de acionista controlador, para o restabelecimento e fortalecimento das condições econômico-financeiras do Banco de Brasília S.A. – BRB”, ratifica os termos do acordo homolo","“altera a Lei nº 7.845, de 10 de março de 2026, que ‘dispõe sobre as medidas a serem adotadas pelo Distrito Federal, na condição de acionista controlador, para o restabelecimento e fortalecimento das condições econômico-financeiras do Banco de Brasília S.A. – BRB’, ratifica os termos do acordo homologado pelo Supremo Tribunal Federal na Ação Cível Originária nº 3755, autoriza o Poder Executivo do Distrito Federal a celebrar operação de crédito com o Fundo Garantidor de Créditos - FGC, prestar contragarantias e dá o",https://ple.cl.df.gov.br/pleservico/api/public/proposicao/158171/documento/ativas,data/raw/documento-ativas/be992403f31856a5.json
BRB,BRB,CASO,documento,documento,texto,PL 2363/2026,158171,335420,374943,Emenda,GAB DEP FÁBIO FÉLIX,2026-06-08T16:13:06,"Altera a Lei nº 7.845, de 10 de março de 2026, que “dispõe sobre as medidas a serem adotadas pelo Distrito Federal, na condição de acionista controlador, para o restabelecimento e fortalecimento das condições econômico-financeiras do Banco de Brasília S.A. – BRB”, ratifica os termos do acordo homolo","“altera a Lei nº 7.845, de 10 de março de 2026, que ‘dispõe sobre as medidas a serem adotadas pelo Distrito Federal, na condição de acionista controlador, para o restabelecimento e fortalecimento das condições econômico-financeiras do Banco de Brasília S.A. – BRB’, ratifica os termos do acordo homologado pelo Supremo Tribunal Federal na Ação Cível Originária nº 3755, autoriza o Poder Executivo do Distrito Federal a celebrar operação de crédito com o Fundo Garantidor de Créditos - FGC, prestar contragarantias e dá o",https://ple.cl.df.gov.br/pleservico/api/public/proposicao/158171/documento/ativas,data/raw/documento-ativas/be992403f31856a5.json
BRB,BRB,CASO,documento,documento,texto,PL 2363/2026,158171,335546,375251,Emenda,GAB DEP FÁBIO FÉLIX,2026-06-09T11:39:39,"Altera a Lei nº 7.845, de 10 de março de 2026, que “dispõe sobre as medidas a serem adotadas pelo Distrito Federal, na condição de acionista controlador, para o restabelecimento e fortalecimento das condições econômico-financeiras do Banco de Brasília S.A. – BRB”, ratifica os termos do acordo homolo","“altera a Lei nº 7.845, de 10 de março de 2026, que ‘dispõe sobre as medidas a serem adotadas pelo Distrito Federal, na condição de acionista controlador, para o restabelecimento e fortalecimento das condições econômico-financeiras do Banco de Brasília S.A. – BRB’, ratifica os termos do acordo homologado pelo Supremo Tribunal Federal na Ação Cível Originária nº 3755, autoriza o Poder Executivo do Distrito Federal a celebrar operação de crédito com o Fundo Garantidor de Créditos - FGC, prestar contragarantias e dá o",https://ple.cl.df.gov.br/pleservico/api/public/proposicao/158171/documento/ativas,data/raw/documento-ativas/be992403f31856a5.json
BRB,BRB,CASO,documento,documento,texto,PL 2363/2026,158171,335773,375377,Emenda,LIDGOV,2026-06-09T16:07:37,"Altera a Lei nº 7.845, de 10 de março de 2026, que “dispõe sobre as medidas a serem adotadas pelo Distrito Federal, na condição de acionista controlador, para o restabelecimento e fortalecimento das condições econômico-financeiras do Banco de Brasília S.A. – BRB”, ratifica os termos do acordo homolo","Altera a Lei nº 7.845, de 10 de março de 2026, que “dispõe sobre as medidas a serem adotadas pelo Distrito Federal, na condição de acionista controlador, para o restabelecimento e fortalecimento das condições econômico-financeiras do Banco de Brasília S.A. – BRB”, ratifica os termos do acordo homologado pelo Supremo Tribunal Federal na Ação Cível Originária nº 3755, autoriza o Poder Executivo do Distrito Federal a celebrar operação de crédito com o Fundo Garantidor de Créditos - FGC, prestar contragarantias e dá ou",https://ple.cl.df.gov.br/pleservico/api/public/proposicao/158171/documento/ativas,data/raw/documento-ativas/be992403f31856a5.json
BRB,BRB,CASO,documento,documento,texto,PL 2363/2026,158171,335774,375379,Emenda,LIDGOV,2026-06-09T16:10:31,"Altera a Lei nº 7.845, de 10 de março de 2026, que “dispõe sobre as medidas a serem adotadas pelo Distrito Federal, na condição de acionista controlador, para o restabelecimento e fortalecimento das condições econômico-financeiras do Banco de Brasília S.A. – BRB”, ratifica os termos do acordo homolo","Altera a Lei nº 7.845, de 10 de março de 2026, que “dispõe sobre as medidas a serem adotadas pelo Distrito Federal, na condição de acionista controlador, para o restabelecimento e fortalecimento das condições econômico-financeiras do Banco de Brasília S.A. – BRB”, ratifica os termos do acordo homologado pelo Supremo Tribunal Federal na Ação Cível Originária nº 3755, autoriza o Poder Executivo do Distrito Federal a celebrar operação de crédito com o Fundo Garantidor de Créditos - FGC, prestar contragarantias e dá ou",https://ple.cl.df.gov.br/pleservico/api/public/proposicao/158171/documento/ativas,data/raw/documento-ativas/be992403f31856a5.json
BRB,BRB,CASO,documento,documento,texto,PL 2363/2026,158171,335775,375397,Emenda,LIDGOV,2026-06-09T16:12:21,"Altera a Lei nº 7.845, de 10 de março de 2026, que “dispõe sobre as medidas a serem adotadas pelo Distrito Federal, na condição de acionista controlador, para o restabelecimento e fortalecimento das condições econômico-financeiras do Banco de Brasília S.A. – BRB”, ratifica os termos do acordo homolo","Altera a Lei nº 7.845, de 10 de março de 2026, que “dispõe sobre as medidas a serem adotadas pelo Distrito Federal, na condição de acionista controlador, para o restabelecimento e fortalecimento das condições econômico-financeiras do Banco de Brasília S.A. – BRB”, ratifica os termos do acordo homologado pelo Supremo Tribunal Federal na Ação Cível Originária nº 3755, autoriza o Poder Executivo do Distrito Federal a celebrar operação de crédito com o Fundo Garantidor de Créditos - FGC, prestar contragarantias e dá ou",https://ple.cl.df.gov.br/pleservico/api/public/proposicao/158171/documento/ativas,data/raw/documento-ativas/be992403f31856a5.json
BRB,BRB,CASO,documento,documento,texto,PL 2363/2026,158171,335776,375385,Emenda,LIDGOV,2026-06-09T16:14:42,"Altera a Lei nº 7.845, de 10 de março de 2026, que “dispõe sobre as medidas a serem adotadas pelo Distrito Federal, na condição de acionista controlador, para o restabelecimento e fortalecimento das condições econômico-financeiras do Banco de Brasília S.A. – BRB”, ratifica os termos do acordo homolo","Altera a Lei nº 7.845, de 10 de março de 2026, que “dispõe sobre as medidas a serem adotadas pelo Distrito Federal, na condição de acionista controlador, para o restabelecimento e fortalecimento das condições econômico-financeiras do Banco de Brasília S.A. – BRB”, ratifica os termos do acordo homologado pelo Supremo Tribunal Federal na Ação Cível Originária nº 3755, autoriza o Poder Executivo do Distrito Federal a celebrar operação de crédito com o Fundo Garantidor de Créditos - FGC, prestar contragarantias e dá ou",https://ple.cl.df.gov.br/pleservico/api/public/proposicao/158171/documento/ativas,data/raw/documento-ativas/be992403f31856a5.json
BRB,BRB,CASO,documento,documento,texto,PL 2363/2026,158171,335778,375391,Emenda,LIDGOV,2026-06-09T16:16:02,"Altera a Lei nº 7.845, de 10 de março de 2026, que “dispõe sobre as medidas a serem adotadas pelo Distrito Federal, na condição de acionista controlador, para o restabelecimento e fortalecimento das condições econômico-financeiras do Banco de Brasília S.A. – BRB”, ratifica os termos do acordo homolo","Altera a Lei nº 7.845, de 10 de março de 2026, que “dispõe sobre as medidas a serem adotadas pelo Distrito Federal, na condição de acionista controlador, para o restabelecimento e fortalecimento das condições econômico-financeiras do Banco de Brasília S.A. – BRB”, ratifica os termos do acordo homologado pelo Supremo Tribunal Federal na Ação Cível Originária nº 3755, autoriza o Poder Executivo do Distrito Federal a celebrar operação de crédito com o Fundo Garantidor de Créditos - FGC, prestar contragarantias e dá ou",https://ple.cl.df.gov.br/pleservico/api/public/proposicao/158171/documento/ativas,data/raw/documento-ativas/be992403f31856a5.json
BRB,BRB,CASO,documento,documento,texto,PL 2363/2026,158171,335780,375396,Emenda,LIDGOV,2026-06-09T16:18:30,"Altera a Lei nº 7.845, de 10 de março de 2026, que “dispõe sobre as medidas a serem adotadas pelo Distrito Federal, na condição de acionista controlador, para o restabelecimento e fortalecimento das condições econômico-financeiras do Banco de Brasília S.A. – BRB”, ratifica os termos do acordo homolo","Altera a Lei nº 7.845, de 10 de março de 2026, que “dispõe sobre as medidas a serem adotadas pelo Distrito Federal, na condição de acionista controlador, para o restabelecimento e fortalecimento das condições econômico-financeiras do Banco de Brasília S.A. – BRB”, ratifica os termos do acordo homologado pelo Supremo Tribunal Federal na Ação Cível Originária nº 3755, autoriza o Poder Executivo do Distrito Federal a celebrar operação de crédito com o Fundo Garantidor de Créditos - FGC, prestar contragarantias e dá ou",https://ple.cl.df.gov.br/pleservico/api/public/proposicao/158171/documento/ativas,data/raw/documento-ativas/be992403f31856a5.json
BRB,BRB,CASO,documento,documento,texto,PL 2363/2026,158171,335804,375483,Emenda,LIDPT,2026-06-09T16:49:33,"Altera a Lei nº 7.845, de 10 de março de 2026, que “dispõe sobre as medidas a serem adotadas pelo Distrito Federal, na condição de acionista controlador, para o restabelecimento e fortalecimento das condições econômico-financeiras do Banco de Brasília S.A. – BRB”, ratifica os termos do acordo homolo","altera a Lei nº 7.845, de 10 de março de 2026, que ""dispõe sobre as medidas a serem adotadas pelo Distrito Federal, na condição de acionista controlador, para o restabelecimento e fortalecimento das condições econômico-financeiras do Banco de Brasília S.A. - BRB, e dá outras providências"". Suprimam-se, no Projeto de Lei em epígrafe, os textos propostos para a Lei nº 7.845/2026 pelo art. 1º para o art. 2º-A e para o parágrafo único do art. 2º-B. JUSTIFICAÇÃO Os textos a serem suprimidos possuem as seguintes redações",https://ple.cl.df.gov.br/pleservico/api/public/proposicao/158171/documento/ativas,data/raw/documento-ativas/be992403f31856a5.json
BRB,BRB,CASO,documento,documento,texto,PL 2363/2026,158171,335848,375487,Emenda,LIDPT,2026-06-09T17:23:07,"Altera a Lei nº 7.845, de 10 de março de 2026, que “dispõe sobre as medidas a serem adotadas pelo Distrito Federal, na condição de acionista controlador, para o restabelecimento e fortalecimento das condições econômico-financeiras do Banco de Brasília S.A. – BRB”, ratifica os termos do acordo homolo","altera a Lei nº 7.845, de 10 de março de 2026, que ""dispõe sobre as medidas a serem adotadas pelo Distrito Federal, na condição de acionista controlador, para o restabelecimento e fortalecimento das condições econômico-financeiras do Banco de Brasília S.A. - BRB, e dá outras providências"". Inclua-se no art. 2º do Projeto de Lei o seguinte parágrafo: Art. 2º ... Parágrafo único. Fica excluída da ratificação prevista neste artigo a Cláusula 3ª dos termos do acordo homologado pelo Supremo Tribunal Federal na Ação Cíve",https://ple.cl.df.gov.br/pleservico/api/public/proposicao/158171/documento/ativas,data/raw/documento-ativas/be992403f31856a5.json
BRB,BRB,CASO,documento,documento,texto,PL 2363/2026,158171,335871,375538,Parecer,GAB DEP CHICO VIGILANTE,2026-06-09T18:59:38,"Altera a Lei nº 7.845, de 10 de março de 2026, que “dispõe sobre as medidas a serem adotadas pelo Distrito Federal, na condição de acionista controlador, para o restabelecimento e fortalecimento das condições econômico-financeiras do Banco de Brasília S.A. – BRB”, ratifica os termos do acordo homolo","“Altera a Lei nº 7.845, de 10 de março de 2026, que “dispõe sobre as medidas a serem adotadas pelo Distrito Federal, na condição de acionista controlador, para o restabelecimento e fortalecimento das condições econômico-financeiras do Banco de Brasília S.A. – BRB”, ratifica os termos do acordo homologado pelo Supremo Tribunal Federal na Ação Cível Originária nº 3755, autoriza o Poder Executivo do Distrito Federal a celebrar operação de crédito com o Fundo Garantidor de Créditos - FGC, prestar contragarantias e dá o",https://ple.cl.df.gov.br/pleservico/api/public/proposicao/158171/documento/ativas,data/raw/documento-ativas/be992403f31856a5.json
BRB,BRB,CASO,documento,documento,texto,PL 2363/2026,158171,335872,375542,Emenda,GAB DEP ROOSEVELT VILELA,2026-06-09T19:09:22,"Altera a Lei nº 7.845, de 10 de março de 2026, que “dispõe sobre as medidas a serem adotadas pelo Distrito Federal, na condição de acionista controlador, para o restabelecimento e fortalecimento das condições econômico-financeiras do Banco de Brasília S.A. – BRB”, ratifica os termos do acordo homolo","Altera a Lei nº 7.845, de 10 de março de 2026, que “dispõe sobre as medidas a serem adotadas pelo Distrito Federal, na condição de acionista controlador, para o restabelecimento e fortalecimento das condições econômico-financeiras do Banco de Brasília S.A. – BRB”, ratifica os termos do acordo homologado pelo Supremo Tribunal Federal na Ação Cível Originária nº 3755, autoriza o Poder Executivo do Distrito Federal a celebrar operação de crédito com o Fundo Garantidor de Créditos - FGC, prestar contragarantias e dá ou",https://ple.cl.df.gov.br/pleservico/api/public/proposicao/158171/documento/ativas,data/raw/documento-ativas/be992403f31856a5.json
BRB,BRB,CASO,documento,documento,texto,PL 2363/2026,158171,335918,375579,Redação Final,CCJ,2026-06-10T10:07:25,"Altera a Lei nº 7.845, de 10 de março de 2026, que “dispõe sobre as medidas a serem adotadas pelo Distrito Federal, na condição de acionista controlador, para o restabelecimento e fortalecimento das condições econômico-financeiras do Banco de Brasília S.A. – BRB”, ratifica os termos do acordo homolo","Altera a Lei nº 7.845, de 10 de março de 2026, que “dispõe sobre as medidas a serem adotadas pelo Distrito Federal, na condição de acionista controlador, para o restabelecimento e fortalecimento das condições econômico-financeiras do Banco de Brasília S.A. – BRB, e dá outras providências”, ratifica os termos do acordo homologado pelo Supremo Tribunal Federal na Ação Cível Originária nº 3755, autoriza o Poder Executivo do Distrito Federal a celebrar operação de crédito com o Fundo Garantidor de Créditos – FGC e pres",https://ple.cl.df.gov.br/pleservico/api/public/proposicao/158171/documento/ativas,data/raw/documento-ativas/be992403f31856a5.json
BRB,BRB,CASO,documento,documento,texto,REQ 3052/2026,159033,341533,387371,Requerimento,GAB DEP PAULA BELMONTE,2026-08-20T11:10:30,"Requer ao Poder Executivo do Distrito Federal, por intermédio da Secretaria de Estado de Economia, e, por seu intermédio, ao Banco de Brasília S.A. – BRB, informações acerca da situação econômico-financeira da instituição, da não divulgação de suas demonstrações financeiras, das penalidades aplicada","ERAL Gabinete da Deputada Paula Belmonte - Gab 22 Requerimento Nº, DE 2026 (Autoria: Deputada PAULA BELMONTE) Requer ao Poder Executivo do Distrito Federal, por intermédio da Secretaria de Estado de Economia, e, por seu intermédio, ao Banco de Brasília S.A. – BRB, informações acerca da situação econômico-financeira da instituição, da não divulgação de suas demonstrações financeiras, das penalidades aplicadas pela Comissão de Valores Mobiliários – CVM, do pedido de assistência financeira formulado ao Fundo Garantido",https://ple.cl.df.gov.br/pleservico/api/public/proposicao/159033/documento/ativas,data/raw/documento-ativas/8e45a870a39d1811.json
Master,Master,CASO,documento,documento,texto,REQ 1934/2025,151763,291828,288190,Requerimento,GAB DEP PAULA BELMONTE,2025-03-31T11:06:20,Requer o CONVITE do Presidente do Banco de Brasília - BRB para comparecer à Câmara Legislativa do Distrito Federal para explicar e debater a compra de parte das ações do Banco Master.  ,"Paula Belmonte - Gab 22 Requerimento Nº, DE 2025 (Autoria: Deputada PAULA BELMONTE) Requer o CONVITE do Presidente do Banco de Brasília - BRB para comparecer à Câmara Legislativa do Distrito Federal para explicar e debater a compra de parte das ações do Banco Master. Excelentíssimo Senhor Presidente da Câmara Legislativa do Distrito Federal: Em conformidade com o art. 142, II c/c art. 255, I e §1º do Regimento Interno, requer-se o CONVITE do Presidente do Banco de Brasília - BRB para comparecer à Câmara Legislativa",https://ple.cl.df.gov.br/pleservico/api/public/proposicao/151763/documento/ativas,data/raw/documento-ativas/d11847a502435be1.json
Master,Master,CASO,documento,documento,texto,REQ 1937/2025,151772,291871,288379,Requerimento,GAB DEP RICARDO VALE,2025-03-31T17:09:42,"Requer a convocação do presidente do Banco de Brasília S.A (BRB), senhor Paulo Henrique Rodrigues Costa","ção do Senhor Paulo Henrique Rodrigues Costa, presidente do Banco de Brasília (BRB), com vistas a prestar esclarecimentos sobre a operação de compra pelo BRB de 49% das ações ordinárias e 100% das ações preferenciais da instituição financeira denominada Banco Master, pelo valor anunciado de R$ 2,5 bilhões (dois bilhões e quinhentos milhões de reais). JUSTIFICAÇÃO A recente aquisição do Banco Master pelo Banco de Brasília S.A (BRB) tem levantado questionamentos sobre a transparência e a lisura dessa transação, bem c",https://ple.cl.df.gov.br/pleservico/api/public/proposicao/151772/documento/ativas,data/raw/documento-ativas/222ba65d5b21dcd2.json
Master,Master,CASO,documento,documento,texto,REQ 1938/2025,151794,291968,288588,Requerimento,GAB DEP GABRIEL MAGNO,2025-04-01T15:24:34,Requer ao Banco de Brasília o encaminhamento de informações sobre os atos e fatos relacionados ao Fato Relevante da Operação junto ao Banco Master.,"ATIVA DO DISTRITO FEDERAL Gabinete do Deputado Gabriel Magno - Gab 16 Requerimento Nº, DE 2025 (Deputado Gabriel Magno) Requer ao Banco de Brasília o encaminhamento de informações sobre os atos e fatos relacionados ao Fato Relevante da Operação junto ao Banco Master. Excelentíssimo Senhor Presidente da Câmara Legislativa do Distrito Federal: Com fulcro no art. 60, incisos XVI, XXXII e XXXIII, da Lei Orgânica do Distrito Federal, e nos termos do art. 42, inciso I, Regimento Interno desta Casa, venho requerer ao BANC",https://ple.cl.df.gov.br/pleservico/api/public/proposicao/151794/documento/ativas,data/raw/documento-ativas/41cd5ffa5405c51e.json
Master,Master,CASO,documento,documento,texto,REQ 1965/2025,151905,292532,290951,Requerimento,GAB DEP FÁBIO FÉLIX,2025-04-07T17:58:49,Requer ao Presidente do BRB S.A. informações a respeito da aquisição do Banco Master,"CÂMARA LEGISLATIVA DO DISTRITO FEDERAL Gabinete do Deputado Fábio Félix - Gab 24 Requerimento Nº, DE 2025 (Autoria: Deputado Fábio Felix) Requer ao Presidente do BRB informações a respeito da aquisição do Banco Master. Excelentíssimo Senhor Presidente da Câmara Legislativa do Distrito Federal Requeiro, nos termos do art. 41 do RICLDF, seja encaminhado ao Presidente do BRB S.A., o presente requerimento de informações, a respeito da noticiada aquisição do Banco Master, com s",https://ple.cl.df.gov.br/pleservico/api/public/proposicao/151905/documento/ativas,data/raw/documento-ativas/19417b81d021dc96.json
Master,Master,CASO,documento,documento,texto,REQ 2000/2025,152369,295083,296668,Requerimento,GAB DEP PAULA BELMONTE,2025-05-06T13:33:10,Requer informações ao Presidente do Banco de Brasília sobre a aquisição do Banco Master. ,"CÂMARA LEGISLATIVA DO DISTRITO FEDERAL Gabinete da Deputada Paula Belmonte - Gab 22 Requerimento Nº, DE 2025 Da Srª. Deputada PAULA BELMONTE) Requer informações ao Presidente do Banco de Brasília sobre a aquisição do Banco Master. Excelentíssimo Senhor Presidente da Câmara Legislativa do Distrito Federal: Requeiro, nos termos do art. 41 do RICLDF, encaminhamento do presente requerimento de informações ao Presidente do Bando de Brasília - BRB S.A, para esclarecimento da operação de aqu",https://ple.cl.df.gov.br/pleservico/api/public/proposicao/152369/documento/ativas,data/raw/documento-ativas/57099ca6bf1ac186.json
Master,Master,CASO,documento,documento,texto,REQ 2001/2025,152374,295110,296728,Requerimento,GAB DEP PAULA BELMONTE,2025-05-06T14:44:01,Requer informações ao Presidente do Banco de Brasília sobre a aquisição do Banco Master. ,"CÂMARA LEGISLATIVA DO DISTRITO FEDERAL Gabinete da Deputada Paula Belmonte - Gab 22 Requerimento Nº, DE 2025 Da Srª. Deputada PAULA BELMONTE) Requer informações ao Presidente do Banco de Brasília sobre a aquisição do Banco Master. Excelentíssimo Senhor Presidente da Câmara Legislativa do Distrito Federal: Requeiro, nos termos do art. 41 do RICLDF, encaminhamento do presente requerimento de informações ao Presidente do Banco de Brasília - BRB S.A, para esclarecimento da operação de aqu",https://ple.cl.df.gov.br/pleservico/api/public/proposicao/152374/documento/ativas,data/raw/documento-ativas/3a4035e2da770c29.json
Master,Master,CASO,documento,documento,texto,REQ 2028/2025,152481,295826,299668,Requerimento,GAB DEP PAULA BELMONTE,2025-05-12T15:19:34,Requer informações ao Banco de Brasília (BRB S.A.) acerca das políticas de desenvolvimento implementadas nos últimos cinco anos no âmbito do Distrito Federal.,"do estratégico no enfrentamento à violência contra a mulher, ao proporcionar liberdade econômica e restaurar a dignidade das vítimas. Diante dessas situações, e considerando o momento atual — em que está em curso uma negociação envolvendo o BRB S.A. e o Banco Master, referente a uma aquisição bilionária —, recai sobre nós a responsabilidade de pensar o Distrito Federal de forma integrada, contemplando o setor produtivo, a geração de oportunidades e o papel do BRB como mola propulsora do desenvolvimento econômico e ",https://ple.cl.df.gov.br/pleservico/api/public/proposicao/152481/documento/ativas,data/raw/documento-ativas/5c8259fe0de8c560.json
Master,Master,CASO,documento,documento,texto,REQ 2189/2025,153759,306139,316922,Requerimento,GAB DEP PAULA BELMONTE,2025-08-13T20:48:20,Requer a CONVOCAÇÃO do Presidente do Banco de Brasília - BRB para comparecer à Câmara Legislativa do Distrito Federal para explicar e debater a compra de parte das ações do Banco Master após a decisão proferida em 13 de agosto de 2025 pela 7ª Turma Cível do Tribunal de Justiça do Distrito Federal e ,"la Belmonte - Gab 22 Requerimento Nº, DE 2025 (Autoria: Deputada PAULA BELMONTE) Requer a CONVOCAÇÃO do Presidente do Banco de Brasília - BRB para comparecer à Câmara Legislativa do Distrito Federal para explicar e debater a compra de parte das ações do Banco Master após a decisão proferida em 13 de agosto de 2025 pela 7ª Turma Cível do Tribunal de Justiça do Distrito Federal e Territórios. Excelentíssimo Senhor Presidente da Câmara Legislativa do Distrito Federal: Em conformidade com o art. 142, II c/c art. 255, I",https://ple.cl.df.gov.br/pleservico/api/public/proposicao/153759/documento/ativas,data/raw/documento-ativas/e6407035ccfbfc32.json
Master,Master,CASO,documento,documento,texto,PL 1882/2025,153779,306332,317330,Emenda,GAB DEP RICARDO VALE,2025-08-18T09:46:10,"Autoriza o BRB - Banco de Brasília a adquirir participação em instituições financeiras sediadas no Brasil e no exterior, empresas com atividades próprias ou complementares às do setor financeiro, inclusive no ramo de tecnologia da informação (TI) e empresas com objetos sociais relacionados às ativid","imam-se do Projeto de Lei nº 1.882, de 2025, os arts. 1º e 2º. Em consequência, dê-se à Ementa do Projeto a seguinte redação: Autoriza a aquisição pelo Banco de Brasília S.A de 49% das ações ordinárias e 100% das ações preferenciais do capital social do Banco Master S/A. JUSTIFICAÇÃO O principal objetivo da presente emenda é a supressão dos arts. 1º e 2º do Projeto de Lei nº 1.882/2025, os quais dispõem da seguinte maneira: Art. 1º O BRB - Banco de Brasília fica autorizado a, diretamente ou por intermédio de suas s",https://ple.cl.df.gov.br/pleservico/api/public/proposicao/153779/documento/ativas,data/raw/documento-ativas/a91cdb16a2fb033b.json
Master,Master,CASO,documento,documento,texto,PL 1882/2025,153779,306467,317620,Emenda,BPPSOL-PSB,2025-08-18T18:09:42,"Autoriza o BRB - Banco de Brasília a adquirir participação em instituições financeiras sediadas no Brasil e no exterior, empresas com atividades próprias ou complementares às do setor financeiro, inclusive no ramo de tecnologia da informação (TI) e empresas com objetos sociais relacionados às ativid","do PL 1882/2025 mencionam a celebração de um Acordo de Acionistas que garantirá ao BRB poder de voto afirmativo em matérias essenciais. A análise deste acordo é fundamental para que a CLDF compreenda a real dimensão da influência do BRB na governança do Banco Master. A doutrina e a jurisprudência da Comissão de Valores Mobiliários (CVM) têm adotado um conceito funcional de controle, que não se limita à titularidade da maioria do capital votante, mas abrange arranjos como o ""controle compartilhado"", frequentemente f",https://ple.cl.df.gov.br/pleservico/api/public/proposicao/153779/documento/ativas,data/raw/documento-ativas/a91cdb16a2fb033b.json
Master,Master,CASO,documento,documento,texto,REQ 2199/2025,153841,306568,317882,Requerimento,GAB DEP GABRIEL MAGNO,2025-08-19T12:48:52,"Requer a Tramitação do Projeto de Lei 1.182/2025, que “Autoriza o BRB - Banco de Brasília a adquirir participação em instituições financeiras sediadas no Brasil e no exterior, empresas com atividades próprias ou complementares às do setor financeiro, inclusive no ramo de tecnologia da informação (TI","2,33% (doze inteiros e trinta e três centésimos por cento) do total das ações, correspondendo a montante com relevante impacto no Regime Próprio de Previdência Social dos servidores públicos do Distrito Federal. Nesse sentido, a operação de aquisição do Banco Master, estimada em R$ 2,0 (dois) bilhões representa real e efetivo risco ao regime de previdência do Distrito Federal. A comprovação do interesse dos servidores públicos ao debate da aquisição do Banco Master S/A pelo BRB pode ser confirmada também nos autos ",https://ple.cl.df.gov.br/pleservico/api/public/proposicao/153841/documento/ativas,data/raw/documento-ativas/e908a310657eedfc.json
Master,Master,CASO,documento,documento,texto,PL 1882/2025,153779,306583,317944,Emenda,GAB DEP HERMETO,2025-08-19T14:43:50,"Autoriza o BRB - Banco de Brasília a adquirir participação em instituições financeiras sediadas no Brasil e no exterior, empresas com atividades próprias ou complementares às do setor financeiro, inclusive no ramo de tecnologia da informação (TI) e empresas com objetos sociais relacionados às ativid","o de Lei no 1.882, de 2025 e suprime-se o Art. 2º Em consequência, dê-se à Emenda do Projeto a seguinte redação: Art. 1º Fica Autorizada aquisição pelo Banco de Brasília S.A de 49% das ações ordinárias e 100% das ações preferenciais do capital social do Banco Master S/A. § 1º Para a aquisição o BRB - Banco de Brasília contratará empresa especializada para avaliação da participação que será objeto de aquisição, observada a Lei nº 13.303/2016. § 2º O percentual do preço a ser desembolsado na operação de aquisição de ",https://ple.cl.df.gov.br/pleservico/api/public/proposicao/153779/documento/ativas,data/raw/documento-ativas/a91cdb16a2fb033b.json
Master,Master,CASO,documento,documento,texto,PL 1882/2025,153779,306600,317969,Emenda,GAB DEP HERMETO,2025-08-19T15:45:59,"Autoriza o BRB - Banco de Brasília a adquirir participação em instituições financeiras sediadas no Brasil e no exterior, empresas com atividades próprias ou complementares às do setor financeiro, inclusive no ramo de tecnologia da informação (TI) e empresas com objetos sociais relacionados às ativid","o de Lei no 1.882, de 2025 e suprime-se o Art. 2º Em consequência, dê-se a Emenda do Projeto a seguinte redação: Art. 1º Fica Autorizada aquisição pelo Banco de Brasília S.A de 49% das ações ordinárias e 100% das ações preferenciais do capital social do Banco Master S/A. § 1º Para a aquisição o BRB - Banco de Brasília contratará empresa especializada para avaliação da participação que será objeto de aquisição, observada a Lei nº 13.303/2016. § 2º O percentual do preço a ser desembolsado na operação de aquisição de ",https://ple.cl.df.gov.br/pleservico/api/public/proposicao/153779/documento/ativas,data/raw/documento-ativas/a91cdb16a2fb033b.json
Master,Master,CASO,documento,documento,texto,REQ 2205/2025,153852,306607,317987,Requerimento,GAB DEP GABRIEL MAGNO,2025-08-19T16:40:04,"Requer ao Banco de Brasília (BRB) informações, dados e relatórios relacionados ao Projeto de Lei n.º 1.882/2025, que “ Autoriza o BRB - Banco de Brasília a adquirir participação em instituições financeiras sediadas no Brasil e no exterior, empresas com atividades próprias ou complementares às do set","ios, análises e informações Documentos, apresentados ao Banco Central do Brasil (BCB), ao Conselho Administrativo de Defesa Econômica (CADE) e à Comissão de Valores Mobiliários (CVM) para apreciação para apreciação da pretendida operação entre o BRB e o Banco Master S/A; III. Cópias dos processos administrativos que tenham relação direta e/ou indireta a aquisição de ações do Banco Master pelo BRB, especialmente: a. atas e documentos congêneres do Conselho de Administração e do Conselho Fiscal do BRB; b. documentos,",https://ple.cl.df.gov.br/pleservico/api/public/proposicao/153852/documento/ativas,data/raw/documento-ativas/c01cbd8d0a7d3683.json
Master,Master,CASO,documento,documento,texto,PL 1882/2025,153779,306609,317991,Emenda,GAB DEP HERMETO,2025-08-19T16:48:05,"Autoriza o BRB - Banco de Brasília a adquirir participação em instituições financeiras sediadas no Brasil e no exterior, empresas com atividades próprias ou complementares às do setor financeiro, inclusive no ramo de tecnologia da informação (TI) e empresas com objetos sociais relacionados às ativid","de Lei no 1.882, de 2025 e suprime-se o Art. 2º Em consequência, dê-se a Emenda do Projeto a seguinte redação: Art. 1º Fica Autorizada a aquisição pelo Banco de Brasília S.A de 49% das ações ordinárias e 100% das ações preferenciais do capital social do Banco Master S/A. § 1º Para a aquisição o BRB - Banco de Brasília contratará empresa especializada para avaliação da participação que será objeto de aquisição, observada a Lei nº 13.303/2016. § 2º O percentual do preço a ser desembolsado na operação de aquisição de ",https://ple.cl.df.gov.br/pleservico/api/public/proposicao/153779/documento/ativas,data/raw/documento-ativas/a91cdb16a2fb033b.json
Master,Master,CASO,documento,documento,texto,PL 1882/2025,153779,306614,318006,Emenda,GAB DEP HERMETO,2025-08-19T17:29:33,"Autoriza o BRB - Banco de Brasília a adquirir participação em instituições financeiras sediadas no Brasil e no exterior, empresas com atividades próprias ou complementares às do setor financeiro, inclusive no ramo de tecnologia da informação (TI) e empresas com objetos sociais relacionados às ativid","relacionados às atividades previstas no artigo 144, § 1º da Lei Orgânica do DF.” Dá- se ao projeto de Lei a seguinte redação: Autoriza a aquisição pelo Banco de Brasília S.A de 49% das ações ordinárias e 100% das ações preferenciais do capital social do Banco Master S/A. A CÂMARA LEGISLATIVA DO DISTRITO FEDERAL decreta: Art. 1º Fica Autorizada a aquisição pelo Banco de Brasília S.A de 49% das ações ordinárias e 100% das ações preferenciais do capital social do Banco Master S/A. § 1º Para a aquisição o BRB - Banco d",https://ple.cl.df.gov.br/pleservico/api/public/proposicao/153779/documento/ativas,data/raw/documento-ativas/a91cdb16a2fb033b.json
Master,Master,CASO,documento,documento,texto,PL 1882/2025,153779,306620,318025,Emenda,BPPSOL-PSB,2025-08-19T18:44:03,"Autoriza o BRB - Banco de Brasília a adquirir participação em instituições financeiras sediadas no Brasil e no exterior, empresas com atividades próprias ou complementares às do setor financeiro, inclusive no ramo de tecnologia da informação (TI) e empresas com objetos sociais relacionados às ativid","do PL 1882/2025 mencionam a celebração de um Acordo de Acionistas que garantirá ao BRB poder de voto afirmativo em matérias essenciais. A análise deste acordo é fundamental para que a CLDF compreenda a real dimensão da influência do BRB na governança do Banco Master. A doutrina e a jurisprudência da Comissão de Valores Mobiliários (CVM) têm adotado um conceito funcional de controle, que não se limita à titularidade da maioria do capital votante, mas abrange arranjos como o ""controle compartilhado"", frequentemente f",https://ple.cl.df.gov.br/pleservico/api/public/proposicao/153779/documento/ativas,data/raw/documento-ativas/a91cdb16a2fb033b.json
Master,Master,CASO,documento,documento,texto,PL 1882/2025,153779,306659,318127,Redação Final,CCJ,2025-08-20T09:36:53,"Autoriza o BRB - Banco de Brasília a adquirir participação em instituições financeiras sediadas no Brasil e no exterior, empresas com atividades próprias ou complementares às do setor financeiro, inclusive no ramo de tecnologia da informação (TI) e empresas com objetos sociais relacionados às ativid","CÂMARA LEGISLATIVA DO DISTRITO FEDERAL Comissão de Constituição e Justiça PROJETO DE LEI Nº 1.882 DE 2025 REDAÇÃO FINAL Autoriza a aquisição pelo Banco de Brasília S.A. de 49% das ações ordinárias e de 100% das ações preferenciais do capital social do Banco Master S.A. A CÂMARA LEGISLATIVA DO DISTRITO FEDERAL decreta: Art. 1º Fica autorizada a aquisição pelo Banco de Brasília S.A. de 49% das ações ordinárias e de 100% das ações preferenciais do capital social do Banco Master S.A. § 1º Para a aquisição, o Banco de B",https://ple.cl.df.gov.br/pleservico/api/public/proposicao/153779/documento/ativas,data/raw/documento-ativas/a91cdb16a2fb033b.json
Master,Master,CASO,documento,documento,texto,REQ 2250/2025,154164,308394,322413,Requerimento,GAB DEP FÁBIO FÉLIX,2025-09-04T15:57:59,Requer informações ao Banco de Brasília S.A. a respeito de indícios de operações atípicas,"25, com indicação de: percentuais de participação no capital social, discriminados por espécie/classe de ação; votos proferidos, matérias deliberadas em que houve impacto direto. Esclarecimentos sobre a existência de comunicações formais entre o BRB e o Banco Master no período que antecedeu a valorização das ações do BRB, indicando termos, datas e responsáveis, bem como a classe de ações envolvidas nas operações. Cópia de eventuais relatórios de auditoria interna ou externa realizados pelo BRB sobre movimentações a",https://ple.cl.df.gov.br/pleservico/api/public/proposicao/154164/documento/ativas,data/raw/documento-ativas/cde32c78d57ad96e.json
Master,Master,CASO,documento,documento,texto,REQ 2249/2025,154193,308628,322478,Requerimento,GAB DEP FÁBIO FÉLIX,2025-09-05T18:13:37,Requer informações ao BRB S.A. sobre a operação de aquisição do Banco Master,"CÂMARA LEGISLATIVA DO DISTRITO FEDERAL Gabinete do Deputado Fábio Félix - Gab 24 Requerimento Nº, DE 2025 (Autoria: Deputado Fábio Felix) Requer informações ao BRB S.A. sobre a operação de aquisição do Banco Master. Excelentíssimo Senhor Presidente da Câmara Legislativa do Distrito Federal, Requeiro, nos termos do art. 42 do RICLDF, com base na prerrogativa constitucional de fiscalização parlamentar, sejam requeridas do Banco de Brasília S.A. as seguintes informações: R",https://ple.cl.df.gov.br/pleservico/api/public/proposicao/154193/documento/ativas,data/raw/documento-ativas/9a1731fbe5552076.json
Master,Master,CASO,documento,documento,texto,REQ 2510/2025,155481,319072,342535,Requerimento,GAB DEP PAULA BELMONTE,2025-11-18T09:41:54,"Requer-se a CONVOCAÇÃO do Presidente do Banco de Brasília – BRB, Sr. Paulo Henrique, bem como do Diretor Financeiro, Sr. Dario Oswaldo, para que compareçam à Câmara Legislativa do Distrito Federal, a fim de prestarem esclarecimentos acerca das operações realizadas pelo BRB relativas à tentativa de a","bem como do Diretor Financeiro, Sr. Dario Oswaldo, para que compareçam à Câmara Legislativa do Distrito Federal, a fim de prestarem esclarecimentos acerca das operações realizadas pelo BRB relativas à tentativa de aquisição de participação acionária do Banco Master. Excelentíssimo Senhor Presidente da Câmara Legislativa do Distrito Federal: Com fundamento no art. 142, II, combinado com o art. 255, I e §1º, do Regimento Interno, requer-se a CONVOCAÇÃO do Sr. Paulo Henrique, Presidente do Banco de Brasília – BRB, bem",https://ple.cl.df.gov.br/pleservico/api/public/proposicao/155481/documento/ativas,data/raw/documento-ativas/67e3d568bd715515.json
Master,Master,CASO,documento,documento,texto,REQ 2505/2025,155500,319267,342486,Requerimento,GAB DEP CHICO VIGILANTE,2025-11-18T16:22:40,"Requer a convocação do Senhor Paulo Henrique Costa, presidente afastado do Banco de Brasília - BRB, a esta Câmara Legislativa, para prestar esclarecimentos sobre riscos de crédito e problemas de gestão à frente da presidência  do BRB, relacionados à tentativa de compra do Banco Master, à operação da","o do Senhor Paulo Henrique Costa, presidente afastado do Banco de Brasília - BRB, a esta Câmara Legislativa, para prestar esclarecimentos sobre riscos de crédito e problemas de gestão à frente da presidência do BRB, relacionados à tentativa de compra do Banco Master, à operação da Polícia Federal e às decisões judiciais e do Banco Central do Brasil que afastaram o Senhor Paulo Henrique Costa da Presidência do BRB e determinaram a liquidação extrajudicial do Banco Master e o bloqueio de bens do BRB. Excelentíssimo S",https://ple.cl.df.gov.br/pleservico/api/public/proposicao/155500/documento/ativas,data/raw/documento-ativas/632a52c0bc498996.json
Master,Master,CASO,documento,documento,texto,REQ 2507/2025,155503,319279,342528,Requerimento,GAB DEP CHICO VIGILANTE,2025-11-18T17:45:36,"Requer a convocação do Senhor Dario Oswaldo Garcia Júnior, diretor afastado do Banco de Brasília - BRB, a esta Câmara Legislativa, para prestar esclarecimentos sobre riscos de crédito e problemas de gestão na direção do BRB, relacionados à tentativa de compra do Banco Master, à operação da Polícia F","convocação do Senhor Dario Oswaldo Garcia Júnior, diretor afastado do Banco de Brasília - BRB, a esta Câmara Legislativa, para prestar esclarecimentos sobre riscos de crédito e problemas de gestão na direção do BRB, relacionados à tentativa de compra do Banco Master, à operação da Polícia Federal e às decisões judiciais e do Banco Central do Brasil que afastaram diretores do BRB e determinaram a liquidação extrajudicial do Banco Master e o bloqueio de bens do BRB. Excelentíssimo Senhor Presidente da Câmara Legislat",https://ple.cl.df.gov.br/pleservico/api/public/proposicao/155503/documento/ativas,data/raw/documento-ativas/b2c1effa17ad503d.json
Master,Master,CASO,documento,documento,texto,REQ 2511/2025,155506,319282,342709,Requerimento,GAB DEP CHICO VIGILANTE,2025-11-18T19:37:31,"Requer informações à presidente em exercício do Banco de Brasília - BRB sobre a real situação do banco em vista das gravíssimas denúncias de fraudes, gestão temerária e riscos associados aos investimentos feitos pelo BRB no recém liquidado Banco Master.","à presidente em exercício do Banco de Brasília - BRB, Cristiane Maria Lima Bukowitz, sobre a real situação do banco, em vista das gravíssimas denúncias de fraudes, gestão temerária e riscos associados aos investimentos feitos pelo BRB no recém-liquidado Banco Master. Excelentíssimo Senhor Presidente da Câmara Legislativa do Distrito Federal: Com fundamento no art. 42 do Regimento Interno da Câmara Legislativa do Distrito Federal – RICLDF, apresento o presente requerimento de informações à presidente em exercício do",https://ple.cl.df.gov.br/pleservico/api/public/proposicao/155506/documento/ativas,data/raw/documento-ativas/51e902a8d36cc0a2.json
Master,Master,CASO,documento,documento,texto,REQ 2505/2025,155500,319315,342616,Requerimento,GAB DEP CHICO VIGILANTE,2025-11-19T10:31:51,"Requer a convocação do Senhor Paulo Henrique Costa, presidente afastado do Banco de Brasília - BRB, a esta Câmara Legislativa, para prestar esclarecimentos sobre riscos de crédito e problemas de gestão à frente da presidência  do BRB, relacionados à tentativa de compra do Banco Master, à operação da","o do Senhor Paulo Henrique Costa, presidente afastado do Banco de Brasília - BRB, a esta Câmara Legislativa, para prestar esclarecimentos sobre riscos de crédito e problemas de gestão à frente da presidência do BRB, relacionados à tentativa de compra do Banco Master, à operação da Polícia Federal e às decisões judiciais e do Banco Central do Brasil que afastaram o Senhor Paulo Henrique Costa da Presidência do BRB e determinaram a liquidação extrajudicial do Banco Master e o bloqueio de bens do BRB. Excelentíssimo S",https://ple.cl.df.gov.br/pleservico/api/public/proposicao/155500/documento/ativas,data/raw/documento-ativas/632a52c0bc498996.json
Master,Master,CASO,documento,documento,texto,REQ 2507/2025,155503,319322,342633,Requerimento,GAB DEP CHICO VIGILANTE,2025-11-19T11:02:47,"Requer a convocação do Senhor Dario Oswaldo Garcia Júnior, diretor afastado do Banco de Brasília - BRB, a esta Câmara Legislativa, para prestar esclarecimentos sobre riscos de crédito e problemas de gestão na direção do BRB, relacionados à tentativa de compra do Banco Master, à operação da Polícia F","convocação do Senhor Dario Oswaldo Garcia Júnior, diretor afastado do Banco de Brasília - BRB, a esta Câmara Legislativa, para prestar esclarecimentos sobre riscos de crédito e problemas de gestão na direção do BRB, relacionados à tentativa de compra do Banco Master, à operação da Polícia Federal e às decisões judiciais e do Banco Central do Brasil que afastaram diretores do BRB e determinaram a liquidação extrajudicial do Banco Master e o bloqueio de bens do BRB. Excelentíssimo Senhor Presidente da Câmara Legislat",https://ple.cl.df.gov.br/pleservico/api/public/proposicao/155503/documento/ativas,data/raw/documento-ativas/b2c1effa17ad503d.json
Master,Master,CASO,documento,documento,texto,REQ 2507/2025,155503,319327,342644,Requerimento,GAB DEP CHICO VIGILANTE,2025-11-19T11:32:00,"Requer a convocação do Senhor Dario Oswaldo Garcia Júnior, diretor afastado do Banco de Brasília - BRB, a esta Câmara Legislativa, para prestar esclarecimentos sobre riscos de crédito e problemas de gestão na direção do BRB, relacionados à tentativa de compra do Banco Master, à operação da Polícia F","convocação do Senhor Dario Oswaldo Garcia Júnior, diretor afastado do Banco de Brasília - BRB, a esta Câmara Legislativa, para prestar esclarecimentos sobre riscos de crédito e problemas de gestão na direção do BRB, relacionados à tentativa de compra do Banco Master, à operação da Polícia Federal e às decisões judiciais e do Banco Central do Brasil que afastaram diretores do BRB e determinaram a liquidação extrajudicial do Banco Master e o bloqueio de bens do BRB. Excelentíssimo Senhor Presidente da Câmara Legislat",https://ple.cl.df.gov.br/pleservico/api/public/proposicao/155503/documento/ativas,data/raw/documento-ativas/b2c1effa17ad503d.json
Master,Master,CASO,documento,documento,texto,REQ 2509/2025,155521,319338,342668,Requerimento,GAB DEP CHICO VIGILANTE,2025-11-19T12:22:32,Requer o encaminhamento de pedido de informações à Diretora-Presidente do Instituto de Previdência dos Servidores do Distrito Federal.,"iva, requeiro seja encaminhado à Diretora-Presidente do Instituto de Previdência dos Servidores do Distrito Federal (IPREV/DF) as seguintes informações: I – há ou já houve alguma aplicação financeira dos recursos do IPREV/DF, sob qualquer modalidade, no Banco Master; e, em caso positivo, qual o valor e qual foi a rentabilidade apurada e já apropriada por essa autarquia; II – relação atualizada de todos os recursos do IPREV/DF aplicados no mercado financeiro, discriminados por instituição financeira, modalidade de a",https://ple.cl.df.gov.br/pleservico/api/public/proposicao/155521/documento/ativas,data/raw/documento-ativas/3b7330462f8344b7.json
Master,Master,CASO,documento,documento,texto,REQ 2513/2025,155533,319440,342934,Requerimento,GAB DEP MAX MACIEL,2025-11-20T22:02:44,"Requer o encaminhamento de pedido de informações à Diretora-Presidente do Instituto de Previdência dos Servidores do Distrito Federal – IPREV-DF, relativas à situação financeira do Regime Próprio de Previdência Social do Distrito Federal, ao uso dos rendimentos do Fundo Solidário Garantidor, aos est","Estudos atuariais e análises de sustentabilidade sobre: a última avaliação atuarial anual protocolada no Ministério da Previdência Social; a existência, necessidade ou previsão de realização de avaliação atuarial extraordinária em razão da liquidação do Banco Master ou das oscilações recentes no valor das ações do BRB; notas técnicas, pareceres internos ou análises produzidas pelo IPREV/DF que tratem da sustentabilidade do regime previdenciário e do risco de insuficiência financeira; cópia do Demonstrativo de Resul",https://ple.cl.df.gov.br/pleservico/api/public/proposicao/155533/documento/ativas,data/raw/documento-ativas/27513affe52ccbb5.json
Master,Master,CASO,documento,documento,texto,REQ 2514/2025,155532,319442,342942,Requerimento,GAB DEP MAX MACIEL,2025-11-20T22:12:32,"Requer o encaminhamento de pedido de informações ao Secretário de Estado de Economia do Distrito Federal – SEEC/DF, relativas à execução orçamentária e financeira dos programas governamentais que dependem de pagamentos operacionalizados pelo Banco de Brasília – BRB, à gestão fiscal e ao acompanhamen","stão financeira dos órgãos do GDF. Informar se a SEEC/DF realizou, em 2022, 2023, 2024 ou 2025, avaliações de risco fiscal ou análises de impacto econômico relacionadas às operações societárias ou aquisições pretendidas pelo BRB, incluindo: a) compra do Banco Master; b) participação em instituições financeiras; c) eventuais aportes; d) riscos potenciais ao Tesouro Distrital. Encaminhar cópia de estudos, notas técnicas ou pareceres produzidos pela SEEC/DF que tratem da exposição do Tesouro do Distrito Federal a risc",https://ple.cl.df.gov.br/pleservico/api/public/proposicao/155532/documento/ativas,data/raw/documento-ativas/9127247ccc88c60d.json
Master,Master,CASO,documento,documento,texto,REQ 2551/2025,155856,323429,349707,Requerimento,GAB DEP PAULA BELMONTE,2025-12-16T16:53:58,Requer informações ao Banco de Brasília S.A. – BRB sobre empréstimos concedidos a diretores e administradores.,"iores. Somam-se a esse contexto outros episódios recentes envolvendo a atuação institucional do Banco de Brasília S.A. – BRB, a exemplo da denominada Operação Compliance Zero, de natureza investigativa, bem como de tratativas relacionadas à aquisição do Banco Master, de caráter societário e regulatório, tratando-se de fatos distintos entre si. Ainda que diversos quanto à sua natureza, tais episódios reforçam a necessidade de permanente escrutínio por parte do Poder Legislativo quanto aos mecanismos de governança, c",https://ple.cl.df.gov.br/pleservico/api/public/proposicao/155856/documento/ativas,data/raw/documento-ativas/ec29bfcdb0f15170.json
Master,Master,CASO,documento,documento,texto,REQ 2553/2026,155933,323690,350231,Requerimento,GAB DEP PAULA BELMONTE,2026-01-13T22:13:13,"Requer a convocação do Presidente do Banco de Brasília S.A. – BRB, do Secretário de Estado de Economia do Distrito Federal, do Secretário de Governo e do Chefe da Casa Civil para prestarem esclarecimentos a esta Casa Legislativa acerca de eventual plano de capitalização do BRB, do uso de recursos pú","juízos decorrentes de decisões temerárias. Entretanto, a sociedade do Distrito Federal tem sido surpreendida por uma sequência de notícias extremamente graves envolvendo o BRB. Entre elas, destacam-se operações financeiras de alto risco realizadas com o Banco Master, atualmente em liquidação, bem como a concessão de grandes empréstimos a diretores e administradores da própria instituição, em condições que destoam da realidade enfrentada pela população e do padrão praticado por bancos públicos e privados de grande p",https://ple.cl.df.gov.br/pleservico/api/public/proposicao/155933/documento/ativas,data/raw/documento-ativas/31b12667ce25ce9c.json
Master,Master,CASO,documento,documento,texto,REQ 2560/2026,155986,323937,351251,Requerimento,GAB DEP FÁBIO FÉLIX,2026-01-21T17:09:10,Requer a convocação do Presidente do Banco de Brasília S.A. – BRB para esclarecer os prejuízos nas operações com o Banco Master e o plano de aporte,"CÂMARA LEGISLATIVA DO DISTRITO FEDERAL Gabinete do Deputado Fábio Félix - Gab 24 Requerimento Nº, DE 2025 (Autoria: Deputado Fábio Felix) Requer a convocação do Presidente do Banco de Brasília S.A. – BRB para esclarecer os prejuízos nas operações com o Banco Master e o plano de aporte Excelentíssimo Senhor Presidente da Câmara Legislativa do Distrito Federal: Nos termos do art. 142, II, do Regimento Interno da Câmara Legislativa do Distrito Federal, requeiro a convocação do Presidente do Banco de Brasília S.A. – BR",https://ple.cl.df.gov.br/pleservico/api/public/proposicao/155986/documento/ativas,data/raw/documento-ativas/fd4bed7e2e661647.json
Master,Master,CASO,documento,documento,texto,REQ 2561/2026,156082,324125,351385,Requerimento,GAB DEP FÁBIO FÉLIX,2026-01-28T09:59:33,Requer a convocação do Presidente do Banco de Brasília S.A. – BRB para esclarecer os prejuízos nas operações com o Banco Master e o plano de aporte,"CÂMARA LEGISLATIVA DO DISTRITO FEDERAL Gabinete do Deputado Fábio Félix - Gab 24 Requerimento Nº, DE 2026 (Autoria: Bancada do PSOL) Requer a convocação do Presidente do Banco de Brasília S.A. – BRB para esclarecer os prejuízos nas operações com o Banco Master e o plano de aporte. Excelentíssimo Senhor Presidente da Câmara Legislativa do Distrito Federal: Nos termos do art. 142, II, do Regimento Interno da Câmara Legislativa do Distrito Federal, requeiro a convocação do Presidente do Banco de Brasília S.A. – BRB pa",https://ple.cl.df.gov.br/pleservico/api/public/proposicao/156082/documento/ativas,data/raw/documento-ativas/ff85ce3591c8f529.json
Master,Master,CASO,documento,documento,texto,REQ 2574/2026,156122,324216,352453,Requerimento,LIDPT,2026-02-02T13:32:33,Requer a realização de auditoria e inspeção no Banco de Brasília,"rito Federal e nos arts. 16, VIII, b, c/c art. 41, § 1º, IV, do Regimento Interno da Câmara Legislativa, requeremos seja encaminhada ao Tribunal de Contas do Distrito Federal requisição de inspeção e auditoria no BRB sobre todas as suas transações com o Banco Master, com o objetivo de demonstrar, de forma objetiva, o montante do prejuízo causado pelos negócios envolvendo as duas instituições financeiras. JUSTIFICAÇÃO Segundo a Lei Orgânica do Distrito Federal (art. 78, V), compete à Câmara Legislativa ou suas comis",https://ple.cl.df.gov.br/pleservico/api/public/proposicao/156122/documento/ativas,data/raw/documento-ativas/ae4aecf9e3b0bb5e.json
Master,Master,CASO,documento,documento,texto,REQ 2564/2026,156126,324225,351760,Requerimento,GAB DEP FÁBIO FÉLIX,2026-02-02T14:53:45, Requer ao Presidente do BRB S.A. as informações relativas às operações com o Banco Master e à tentativa de aquisição societária,"CÂMARA LEGISLATIVA DO DISTRITO FEDERAL Gabinete do Deputado Fábio Félix - Gab 24 Requerimento Nº, DE 2026 (Autoria: Deputado Fábio Felix) Requer ao Presidente do BRB S.A. as informações relativas às operações com o Banco Master e à tentativa de aquisição societária Excelentíssimo Senhor Presidente da Câmara Legislativa do Distrito Federal: Requeiro, nos termos do art. 42 do Regimento Interno da CLDF, as informações e documentos abaixo relacionados, relativos às operações com o Banco",https://ple.cl.df.gov.br/pleservico/api/public/proposicao/156126/documento/ativas,data/raw/documento-ativas/fa7ff28ec3e047b2.json
Master,Master,CASO,documento,documento,texto,PL 1557/2025,150946,324446,352331,Emenda,GAB DEP ROBÉRIO NEGREIROS,2026-02-04T11:06:41,"Altera a Lei Nº 4.636, de 25 de agosto de 2011, que institui mecanismo de controle do patrimônio público do Distrito Federal, dispondo sobre provisões de encargos trabalhistas a serem pagos às empresas contratadas para prestar serviços de forma contínua, no âmbito dos Poderes Públicos do Distrito Fe","tualização na instituição custodiante também fortalece o controle de risco, pois permite monitorar, em tempo real, eventos de crédito, alterações de rating, concentrações excessivas e restrições de resgate. Casos recentes no mercado, como o envolvendo o Banco Master, evidenciam a importância dessa cautela. Situações de deterioração financeira podem resultar em restrições de liquidez e atrasos em resgates, com impactos relevantes para investidores. Assim, exigir que a atualização mensal seja efetuada pela instituiçã",https://ple.cl.df.gov.br/pleservico/api/public/proposicao/150946/documento/ativas,data/raw/documento-ativas/26e168a13f37ca95.json
Master,Master,CASO,documento,documento,texto,REQ 2583/2026,156196,324645,352954,Requerimento,LIDPT,2026-02-06T08:50:16,Requer o encaminhamento de pedido de informações ao Presidente da CAESB.,"do Regimento Interno da Câmara Legislativa, requeremos que seja encaminhado ao Presidente da Companhia de Saneamento Ambiental do Distrito Federal - CAESB pedido das seguintes informações: I – se a Companhia tem ou teve recursos financeiros aplicados no Banco Master ou no Will Bank; II – se positiva resposta ao item anterior, qual o valor e quanto continua aplicado; III – se houve perda ou se se estima haver perda financeira com eventuais aplicações nas duas instituições acima. JUSTIFICAÇÃO Depois das notícias deva",https://ple.cl.df.gov.br/pleservico/api/public/proposicao/156196/documento/ativas,data/raw/documento-ativas/6df00d0322be34d0.json
Master,Master,CASO,documento,documento,texto,REQ 2582/2026,156197,324647,352955,Requerimento,LIDPT,2026-02-06T08:56:42,Requer o encaminhamento de pedido de informações Presidente da TERRACAP.,"a Lei Orgânica do Distrito Federal e nos arts. 16, VIII, a, e 42 do Regimento Interno da Câmara Legislativa, requeremos que seja encaminhado ao Presidente da TERRACAP pedido das seguintes informações: I – se a Companhia tem ou teve recursos aplicados no Banco Master ou no Will Bank; II – se positiva resposta ao item anterior, qual o valor e quanto continua aplicado; III – se houve perda ou se se estima haver perda financeira com eventuais aplicações nas duas instituições acima. JUSTIFICAÇÃO Depois das notícias deva",https://ple.cl.df.gov.br/pleservico/api/public/proposicao/156197/documento/ativas,data/raw/documento-ativas/c1c0061a509c57d1.json
Master,Master,CASO,documento,documento,texto,REQ 2581/2026,156198,324668,352972,Requerimento,LIDPT,2026-02-06T09:13:58,Requer o encaminhamento de pedido de informações Presidente da NOVACAP.,"da Lei Orgânica do Distrito Federal e nos arts. 16, VIII, a, e 42 do Regimento Interno da Câmara Legislativa, requeremos que seja encaminhado ao Presidente da NOVACAP pedido das seguintes informações: I – se a Companhia tem ou teve recursos aplicados no Banco Master ou no Will Bank; II – se positiva resposta ao item anterior, qual o valor e quanto continua aplicado; III – se houve perda ou se se estima haver perda financeira com eventuais aplicações nas duas instituições acima. JUSTIFICAÇÃO Depois das notícias deva",https://ple.cl.df.gov.br/pleservico/api/public/proposicao/156198/documento/ativas,data/raw/documento-ativas/fececa1c65589b0c.json
Master,Master,CASO,documento,documento,texto,REQ 2580/2026,156199,324669,352973,Requerimento,LIDPT,2026-02-06T09:18:54,Requer o encaminhamento de pedido de informações Presidente do METRÔ-DF.,"a Lei Orgânica do Distrito Federal e nos arts. 16, VIII, a, e 42 do Regimento Interno da Câmara Legislativa, requeremos que seja encaminhado ao Presidente do METRÔ-DF pedido das seguintes informações: I – se a Companhia tem ou teve recursos aplicados no Banco Master ou no Will Bank; II – se positiva resposta ao item anterior, qual o valor e quanto continua aplicado; III – se houve perda ou se se estima haver perda financeira com eventuais aplicações nas duas instituições acima. JUSTIFICAÇÃO Depois das notícias deva",https://ple.cl.df.gov.br/pleservico/api/public/proposicao/156199/documento/ativas,data/raw/documento-ativas/1c30decb6b599b1a.json
Master,Master,CASO,documento,documento,texto,REQ 2578/2026,156200,324670,352975,Requerimento,LIDPT,2026-02-06T09:24:30,Requer o encaminhamento de pedido de informações Presidente da CEASA.,", da Lei Orgânica do Distrito Federal e nos arts. 16, VIII, a, e 42 do Regimento Interno da Câmara Legislativa, requeremos que seja encaminhado ao Presidente da CEASA pedido das seguintes informações: I – se a Companhia tem ou teve recursos aplicados no Banco Master ou no Will Bank; II – se positiva resposta ao item anterior, qual o valor e quanto continua aplicado; III – se houve perda ou se se estima haver perda financeira com eventuais aplicações nas duas instituições acima. JUSTIFICAÇÃO Depois das notícias deva",https://ple.cl.df.gov.br/pleservico/api/public/proposicao/156200/documento/ativas,data/raw/documento-ativas/cadf3ed94fc56de6.json
Master,Master,CASO,documento,documento,texto,REQ 2579/2026,156201,324671,352976,Requerimento,LIDPT,2026-02-06T09:28:02,Requer o encaminhamento de pedido de informações Presidente da CEB.,"eremos que seja encaminhado ao Presidente da Companhia Energética de Brasília pedido das seguintes informações, cuja resposta deve incluir as respectivas subsidiárias: I – se a Companhia ou qualquer de suas subsidiárias tem ou teve recursos aplicados no Banco Master ou no Will Bank; II – se positiva resposta ao item anterior, qual o valor e quanto continua aplicado; III – se houve perda ou se se estima haver perda financeira com eventuais aplicações nas duas instituições acima. JUSTIFICAÇÃO Depois das notícias deva",https://ple.cl.df.gov.br/pleservico/api/public/proposicao/156201/documento/ativas,data/raw/documento-ativas/3b614cf7d3f2d72b.json
Master,Master,CASO,documento,documento,texto,REQ 2577/2026,156204,324676,352977,Requerimento,LIDPT,2026-02-06T10:17:59,Requer o encaminhamento de pedido de informações Presidente da CODHAB.,"da Lei Orgânica do Distrito Federal e nos arts. 16, VIII, a, e 42 do Regimento Interno da Câmara Legislativa, requeremos que seja encaminhado ao Presidente da CODHAB pedido das seguintes informações: I – se a Companhia tem ou teve recursos aplicados no Banco Master ou no Will Bank; II – se positiva resposta ao item anterior, qual o valor e quanto continua aplicado; III – se houve perda ou se se estima haver perda financeira com eventuais aplicações nas duas instituições acima. JUSTIFICAÇÃO Depois das notícias devas",https://ple.cl.df.gov.br/pleservico/api/public/proposicao/156204/documento/ativas,data/raw/documento-ativas/78eae95b4da68fb6.json
Master,Master,CASO,documento,documento,texto,REQ 2576/2026,156205,324678,352978,Requerimento,LIDPT,2026-02-06T10:29:53,Requer o encaminhamento de pedido de informações Presidente da EMATER.,"I, da Lei Orgânica do Distrito Federal e nos arts. 16, VIII, a, e 42 do Regimento Interno da Câmara Legislativa, requeremos que seja encaminhado ao Presidente da EMATER pedido das seguintes informações: I – se a empresa tem ou teve recursos aplicados no Banco Master ou no Will Bank; II – se positiva resposta ao item anterior, qual o valor e quanto continua aplicado; III – se houve perda ou se se estima haver perda financeira com eventuais aplicações nas duas instituições acima. JUSTIFICAÇÃO Depois das notícias deva",https://ple.cl.df.gov.br/pleservico/api/public/proposicao/156205/documento/ativas,data/raw/documento-ativas/ed8e4c169c621632.json
Master,Master,CASO,documento,documento,texto,REQ 2575/2026,156218,324711,352987,Requerimento,LIDPT,2026-02-06T13:22:33,Requer seja encaminhado pedido de informações ao Presidente do Banco de Brasília - BRB.,"arts. 16, VIII, a, e 42 do Regimento Interno da Câmara Legislativa, requeremos seja encaminhado ao Presidente do Banco de Brasília - BRB pedido das seguintes informações: I – se o banco ou qualquer de suas subsidiárias tem ou teve recursos aplicados no Banco Master ou no Will Bank; II – se positiva resposta ao item anterior, qual o valor e quanto continua aplicado; III – se houve perda ou se se estima haver perda financeira com eventuais aplicações nas duas instituições acima; IV - detalhamento de todas as operaçõe",https://ple.cl.df.gov.br/pleservico/api/public/proposicao/156218/documento/ativas,data/raw/documento-ativas/975b03c9d27243ac.json
Master,Master,CASO,documento,documento,texto,REQ 2603/2026,156349,325151,354262,Requerimento,LIDPT,2026-02-19T17:15:49,Requer a convocação do atual Presidente do Banco de Brasília (BRB),"da Câmara Legislativa, requeremos a convocação do atual Presidente do Banco de Brasília – BRB, para prestar, pessoalmente, informações no Plenário desta Casa sobre as apurações e soluções adotadas por essa instituição relacionadas com as operações com o Banco Master e demais instituições associadas. JUSTIFICAÇÃO Segundo a Lei Orgânica do Distrito Federal (art. 60, XIV), compete à Câmara Legislativa, privativamente, “convocar Secretários de Estado do Distrito Federal, dirigentes e servidores da administração direta ",https://ple.cl.df.gov.br/pleservico/api/public/proposicao/156349/documento/ativas,data/raw/documento-ativas/f6d19feca5f3d544.json
Master,Master,CASO,documento,documento,texto,REQ 2607/2026,156364,325221,354426,Requerimento,GAB DEP PR DANIEL DE CASTRO,2026-02-21T13:56:03,"Requer o convite do Presidente do Banco de Brasília S.A. – BRB para esclarecer os prejuízos nas operações com o Banco Master, o plano de aporte e os resultados apurados com a auditoria contratada.","O DISTRITO FEDERAL Gabinete do Deputado Pastor Daniel de Castro - Gab 07 Requerimento Nº, DE 2026 (Autoria: Deputado Pastor Daniel de Castro) Requer o convite do Presidente do Banco de Brasília S.A. – BRB para esclarecer os prejuízos nas operações com o Banco Master, o plano de aporte e os resultados apurados com a auditoria contratada. Excelentíssimo Senhor Presidente da Câmara Legislativa do Distrito Federal: Nos termos do art. 60, incisos XVI e seguintes da Lei organica do Distrito Federal, requeiro o convite do",https://ple.cl.df.gov.br/pleservico/api/public/proposicao/156364/documento/ativas,data/raw/documento-ativas/f01bcd5b934b51b4.json
Master,Master,CASO,documento,documento,texto,REQ 2609/2026,156367,325224,354519,Requerimento,GAB DEP PAULA BELMONTE,2026-02-22T21:30:39,"Requer junto à Companhia Imobiliária de Brasília – TERRACAP informações acerca de imóveis de sua titularidade ou gestão relacionados ao Projeto de Lei nº 2165/2026, destinados a finalidade de reforço patrimonial e suporte econômico-financeiro ao Banco de Brasília S.A. – BRB como forma de recompor o ","tegralização de capital, dação em pagamento ou qualquer outra forma de comprometimento patrimonial, direta ou indireta, em decorrência das operações societárias, financeiras ou estratégicas realizadas ou em curso entre o Banco de Brasília S.A. – BRB e o Banco Master; i) Se tais imóveis poderão, direta ou indiretamente, responder por eventuais prejuízos, passivos, dívidas, contingências, obrigações financeiras, garantias contratuais ou responsabilidades patrimoniais assumidas pelo BRB, inclusive aquelas decorrentes ",https://ple.cl.df.gov.br/pleservico/api/public/proposicao/156367/documento/ativas,data/raw/documento-ativas/33090044ad8c5738.json
Master,Master,CASO,documento,documento,texto,REQ 2610/2026,156380,325288,354518,Requerimento,GAB DEP FÁBIO FÉLIX,2026-02-23T11:53:20,"Requer a convocação da Diretora-Presidente do Instituto de Previdência dos Servidores do Distrito Federal – Iprev-DF, para prestar esclarecimentos acerca dos investimentos realizados no fundo FIP Venture Brasil Central, bem como sobre outras aplicações vinculadas ao Banco Master.","ocação da Diretora-Presidente do Instituto de Previdência dos Servidores do Distrito Federal – Iprev-DF, para prestar esclarecimentos acerca dos investimentos realizados no fundo FIP Venture Brasil Central, bem como sobre outras aplicações vinculadas ao Banco Master. Excelentíssimo Senhor Presidente da Câmara Legislativa do Distrito Federal, Nos termos do art. 142, II, do Regimento Interno da Câmara Legislativa do Distrito Federal, requeiro a convocação da Diretora-Presidente do Instituto de Previdência dos Servido",https://ple.cl.df.gov.br/pleservico/api/public/proposicao/156380/documento/ativas,data/raw/documento-ativas/3f07b2e359597be3.json
Master,Master,CASO,documento,documento,texto,REQ 2613/2026,156388,325345,354862,Requerimento,GAB DEP THIAGO MANZONI,2026-02-23T16:47:39,Requer a convocação do Sr. Secretário de Estado de Economia do Distrito Federal e do Sr. Presidente do Banco de Brasília - BRB para que prestem esclarecimentos sobre a situação financeira do Banco de Brasília e sobre as medidas de socorro necessárias. ,"- BRB, Nelson Antônio de Souza, para prestarem esclarecimentos sobre a situação financeira do Banco de Brasília - BRB, as necessidades de aporte na instituição pelo acionista controlador, as investigações envolvendo a operação fracassada de aquisição do Banco Master e as medidas de governança adotadas pela instituição. JUSTIFICAÇÃO O Banco de Brasília S.A. – BRB, na condição de sociedade de economia mista controlada pelo Distrito Federal e instituição financeira integrante do Sistema Financeiro Nacional, desempenha",https://ple.cl.df.gov.br/pleservico/api/public/proposicao/156388/documento/ativas,data/raw/documento-ativas/64446fba4f0af7b9.json
Master,Master,CASO,documento,documento,texto,REQ 2614/2026,156414,325527,354919,Requerimento,GAB DEP THIAGO MANZONI,2026-02-24T15:57:25,"Requer o encaminhamento, por intermédio da Mesa Diretora, de Requerimento ao Sr. Secretário de Estado de Economia do Distrito Federal e ao Sr. Presidente do Banco de Brasília para que prestem informações relacionadas ao Projeto de Lei n.º 2.175/2026.","ndice de liquidez de curto e longo prazo? d) Qual é o volume de provisões para perdas? e) Qual é o montante da exposição a ativos classificados nos níveis de maior risco segundo os normativos aplicáveis? II – Sobre a operação financeira fracassada com o Banco Master: a) Em que momento foi formalmente iniciada a análise interna acerca da eventual aquisição do Banco Master? b) Quais unidades técnicas, comitês internos, diretorias e membros do Conselho de Administração participaram da análise e deliberação sobre a ope",https://ple.cl.df.gov.br/pleservico/api/public/proposicao/156414/documento/ativas,data/raw/documento-ativas/9c5b0db2544533e5.json
Master,Master,CASO,documento,documento,texto,PL 2175/2026,156411,325569,355017,Emenda,GAB DEP EDUARDO PEDROSA,2026-02-25T09:30:29,"Dispõe sobre as medidas a serem adotadas pelo Distrito Federal, na condição de acionista controlador, para o restabelecimento e fortalecimento das condições econômico-financeiras do Banco de Brasília S.A. – BRB, e dá outras providências.","tido ao Distrito Federal ou à Terracap, mediante redução de capital ou compensação em dividendos futuros, conforme regulamentação do Poder Executivo."" JUSTIFICAÇÃO Esta medida garante o princípio da proporcionalidade. Se o prejuízo do BRB (decorrente do Banco Master ou outras operações) for recuperado ou se os imóveis valorizarem acima do necessário para salvar o banco, o patrimônio excedente deve retornar ao dono original (o DF/Terracap), impedindo que o banco retenha um patrimônio público que não é mais essencial",https://ple.cl.df.gov.br/pleservico/api/public/proposicao/156411/documento/ativas,data/raw/documento-ativas/28308ee15c2f8091.json
Master,Master,CASO,documento,documento,texto,PL 2175/2026,156411,325989,356115,Emenda,GAB DEP FÁBIO FÉLIX,2026-03-03T12:23:46,"Dispõe sobre as medidas a serem adotadas pelo Distrito Federal, na condição de acionista controlador, para o restabelecimento e fortalecimento das condições econômico-financeiras do Banco de Brasília S.A. – BRB, e dá outras providências.","RAIS E DO OBJETO Art. 1º Esta Lei reconhece a existência de situação extraordinária de risco financeiro relevante no Banco de Brasília S.A. – BRB, decorrente de exposição a carteiras de crédito e ativos estruturas vinculados a operações realizadas com o Banco Master, estabelece as normas gerais, os instrumentos potenciais e as salvaguardas de governança, transparência e responsabilidade fiscal aplicáveis a futuras e eventuais medidas de fortalecimento da estrutura patrimonial e da liquidez, com vistas à proteção do",https://ple.cl.df.gov.br/pleservico/api/public/proposicao/156411/documento/ativas,data/raw/documento-ativas/28308ee15c2f8091.json
Master,Master,CASO,documento,documento,texto,REQ 2629/2026,156526,326022,356206,Requerimento,GAB DEP GABRIEL MAGNO,2026-03-03T16:38:17,"Requer a convocação do Secretário de Estado de Economia do Distrito Federal, para prestar informações a esta Casa sobre a gestão fiscal do Distrito Federal e os impactos da Operação Compliance Zero nas contas públicas.","reto n.º 48.125/2025 c/c ao Decreto n.º 48.172/2026), expedidos pelo Governador para controlar gastos em 2026, e (ii) os impactos sobre o Tesouro e o Instituto de Previdência dos Servidores do Distrito Federal em razão das operações envolvendo o BRB e o Banco Master. JUSTIFICAÇÃO Durante o exercício financeiro de 2025, o Poder Executivo promulgou 22 (vinte e duas) leis e publicou 124 (cento e vinte e quatro) decretos, lastreados em fonte de excesso de arrecadação. A título de exemplo, somente no que tange às leis a",https://ple.cl.df.gov.br/pleservico/api/public/proposicao/156526/documento/ativas,data/raw/documento-ativas/963573d2683234a3.json
Master,Master,CASO,documento,documento,texto,REQ 2630/2026,156527,326023,356209,Requerimento,GAB DEP GABRIEL MAGNO,2026-03-03T16:51:20,"Requer a convocação da Diretora-Presidente do Instituto de Previdência dos Servidores do Distrito Federal (IPREV/DF) para prestar esclarecimentos a esta Casa sobre as operações financeiras entre BRB e Banco Master, incluindo a Operação Compliance Zero, e os impactos sobre o patrimônio do servidor pú","Autoria: Deputado(a) ) Requer a convocação da Diretora-Presidente do Instituto de Previdência dos Servidores do Distrito Federal (IPREV/DF) para prestar esclarecimentos a esta Casa sobre as operações financeiras entre BRB e Banco Master, incluindo a Operação Compliance Zero, e os impactos sobre o patrimônio do servidor público.. Excelentíssimo Senhor Presidente da Câmara Legislativa do Distrito Federal: Requeiro, nos termos do art. 60[1], XIV, da Lei Orgânica do Distrito Federal (LODF), comb",https://ple.cl.df.gov.br/pleservico/api/public/proposicao/156527/documento/ativas,data/raw/documento-ativas/735024734ae7f179.json
Master,Master,CASO,documento,documento,texto,REQ 2631/2026,156528,326024,356212,Requerimento,GAB DEP GABRIEL MAGNO,2026-03-03T17:03:29,"Requer a convocação do ex-Presidente do Banco de Brasília (BRB), Paulo Henrique Costa, para prestar informações a esta Casa sobre as operações financeiras entre BRB e Banco Master e a Operação Compliance Zero.","Gab 16 Requerimento Nº, DE 2026 (Autoria: Deputado(a) ) Requer a convocação do ex-Presidente do Banco de Brasília (BRB), Paulo Henrique Costa, para prestar informações a esta Casa sobre as operações financeiras entre BRB e Banco Master e a Operação Compliance Zero.. Excelentíssimo Senhor Presidente da Câmara Legislativa do Distrito Federal: Requeiro, nos termos do art. 60[1], §4º, II, da Lei Orgânica do Distrito Federal (LODF), c/c ao art. 255[2], III, do Regimento Interno da Câmara Legisla",https://ple.cl.df.gov.br/pleservico/api/public/proposicao/156528/documento/ativas,data/raw/documento-ativas/8f8f9a14e450318a.json
Master,Master,CASO,documento,documento,texto,REQ 2632/2026,156529,326025,356215,Requerimento,GAB DEP GABRIEL MAGNO,2026-03-03T17:09:39,Requer ao Governador do Distrito Federal informações sobre as Operações entre Banco de Brasília (BRB) e Banco Master com foco na Operação Compliance Zero.,"CÂMARA LEGISLATIVA DO DISTRITO FEDERAL Gabinete do Deputado Gabriel Magno - Gab 16 Requerimento Nº, DE 2026 (Autoria: Deputado Gabriel Magno) Requer ao Governador do Distrito Federal informações sobre as Operações entre Banco de Brasília (BRB) e Banco Master com foco na Operação Compliance Zero.. Excelentíssimo Senhor Presidente da Câmara Legislativa do Distrito Federal: Com fulcro no art. 60, XVI[1], XXXII[2], da Lei Orgânica do Distrito Federal, e nos termos do art. 42, I, Regimento Interno desta Casa, venho re",https://ple.cl.df.gov.br/pleservico/api/public/proposicao/156529/documento/ativas,data/raw/documento-ativas/6b073bf597ee6be1.json
Master,Master,CASO,documento,documento,texto,PL 2175/2026,156411,326041,356263,Voto em Separado,LIDPT,2026-03-03T20:22:08,"Dispõe sobre as medidas a serem adotadas pelo Distrito Federal, na condição de acionista controlador, para o restabelecimento e fortalecimento das condições econômico-financeiras do Banco de Brasília S.A. – BRB, e dá outras providências.","B, e dá outras providências.” AUTOR: Poder Executivo VOTO EM SEPARADO Projeto de Lei nº 2.175 – Rombo no BRB O Governador encaminhou à Câmara Legislativa um Projeto de Lei para tentar cobrir o rombo deixado pelas nebulosas operações de seu Governo com o Banco Master. O Projeto mal chegou à Câmara Legislativa e já foi substituído por outro. O Projeto, porém, está errado tecnicamente, porque: - não precisa o que o Banco de Brasília vai efetivamente fazer; - autoriza alienar bens imóveis que, por disposição expressa d",https://ple.cl.df.gov.br/pleservico/api/public/proposicao/156411/documento/ativas,data/raw/documento-ativas/28308ee15c2f8091.json
Master,Master,CASO,documento,documento,texto,REQ 2652/2026,156584,326287,357019,Requerimento,GAB DEP FÁBIO FÉLIX,2026-03-07T15:50:20,"Requer a criação da ""Subcomissão do BRB-Master"", no âmbito da Comissão de Constituição e Justiça - CCJ, para a apurar as operações entre as instituições, indicar responsabilidades e fiscalizar a execução do plano de capitalização proposto ","CÂMARA LEGISLATIVA DO DISTRITO FEDERAL Gabinete do Deputado Fábio Félix - Gab 24 Requerimento Nº, DE 2026 (Autoria: Deputado Fábio Felix) Requer a criação da ""Subcomissão do BRB-Master"", no âmbito da Comissão de Constituição e Justiça - CCJ, para a apurar apurar os prejuízos decorrentes das operações e fiscalizar a execução do plano de capitalização Excelentíssimo Senhor Presidente da Câmara Legislativa do Distrito Federal: Com fundamento n",https://ple.cl.df.gov.br/pleservico/api/public/proposicao/156584/documento/ativas,data/raw/documento-ativas/e11370cf20bc2073.json
Master,Master,CASO,documento,documento,texto,REQ 2653/2026,156585,326288,356969,Requerimento,GAB DEP THIAGO MANZONI,2026-03-08T12:03:29,Requer a convocação do Sr. Secretário de Estado de Economia do Distrito Federal e do Sr. Presidente do Banco de Brasília - BRB para que prestem pessoalmente esclarecimentos sobre a situação financeira do Banco de Brasília e sobre as medidas de socorro necessárias.,"Antônio de Souza, para prestarem pessoalmente esclarecimentos sobre a situação financeira do Banco de Brasília - BRB, as necessidades de aporte na instituição pelo acionista controlador, as investigações envolvendo a operação fracassada de aquisição do Banco Master e as medidas de governança adotadas pela instituição. JUSTIFICAÇÃO O Banco de Brasília S.A. – BRB, na condição de sociedade de economia mista controlada pelo Distrito Federal e instituição financeira integrante do Sistema Financeiro Nacional, desempenha ",https://ple.cl.df.gov.br/pleservico/api/public/proposicao/156585/documento/ativas,data/raw/documento-ativas/2bc2da65b09d013a.json
Master,Master,CASO,documento,documento,texto,REQ 2660/2026,156622,326472,357314,Requerimento,GAB DEP CHICO VIGILANTE,2026-03-10T09:48:06,Requer a convocação do Diretor-Presidente da Terracap (Agência de Desenvolvimento do Distrito Federal).,"ativa de todas as matérias sujeitas à deliberação da Câmara Legislativa. Os imóveis listados neste Requerimento foram incluídos no Projeto de Lei nº 2.175/2026 para serem usados pelo BRB para tentar tampar o rombo causado pelos negócios escabrosos com o Banco Master. A escolha desses imóveis parece ter sido feita pela TERRACAP. Embora o Projeto de Lei já tenha sido aprovado por esta Casa, restam inúmeras dúvidas jurídicas que precisam ser esclarecidas, em homenagem à transparência e ao direito à informação por todo",https://ple.cl.df.gov.br/pleservico/api/public/proposicao/156622/documento/ativas,data/raw/documento-ativas/dbc6c0c9fa3ea5bf.json
Master,Master,CASO,documento,documento,texto,REQ 2664/2026,156635,326501,357508,Requerimento,GAB DEP MAX MACIEL,2026-03-10T12:36:26,"Requer o encaminhamento de pedido de informações ao Governador do Distrito Federal sobre contrato de cessão de direitos firmado entre seu escritório de advocacia e a Reag Gestora, bem como sobre a eventual existência de conflitos de interesses em operações do Banco de Brasília – BRB envolvendo o Ban","ações ao Governador do Distrito Federal sobre contrato de cessão de direitos firmado entre seu escritório de advocacia e a Reag Gestora, bem como sobre a eventual existência de conflitos de interesses em operações do Banco de Brasília – BRB envolvendo o Banco Master e entes coligados. Excelentíssimo Senhor Presidente da Câmara Legislativa do Distrito Federal: Requeiro, nos termos do art. 42 do Regimento Interno da Câmara Legislativa do Distrito Federal (RICLDF), bem como dos arts. 60, inciso XXIV, e 71, § 2º, da Le",https://ple.cl.df.gov.br/pleservico/api/public/proposicao/156635/documento/ativas,data/raw/documento-ativas/d6bab849d0b6f93c.json
Master,Master,CASO,documento,documento,texto,REQ 2665/2026,156639,326524,357492,Requerimento,GAB DEP MAX MACIEL,2026-03-10T16:04:28,"Requer o encaminhamento de pedido de informações à Controladoria-Geral do Distrito Federal acerca de eventual análise de integridade, governança e conflito de interesses envolvendo operações do Banco de Brasília – BRB relacionadas ao Banco Master e estruturas financeiras associadas.","eputado MAX MACIEL) Requer o encaminhamento de pedido de informações à Controladoria-Geral do Distrito Federal acerca de eventual análise de integridade, governança e conflito de interesses envolvendo operações do Banco de Brasília – BRB relacionadas ao Banco Master e estruturas financeiras associadas. Excelentíssimo Senhor Presidente da Câmara Legislativa do Distrito Federal: Requeiro, nos termos do art. 42 do Regimento Interno da Câmara Legislativa do Distrito Federal (RICLDF), bem como dos arts. 60, inciso XXIV,",https://ple.cl.df.gov.br/pleservico/api/public/proposicao/156639/documento/ativas,data/raw/documento-ativas/c16ac29988ccfb46.json
Master,Master,CASO,documento,documento,texto,REQ 2663/2026,156640,326526,357494,Requerimento,GAB DEP MAX MACIEL,2026-03-10T16:27:17,"Requer o encaminhamento de pedido de informações ao Banco de Brasília S.A. – BRB acerca de análises de integridade, governança e gestão de riscos relacionadas a operações financeiras envolvendo ativos vinculados ao Banco Master e estruturas financeiras associadas.","DE 2026 (Autoria: Deputado MAX MACIEL) Requer o encaminhamento de pedido de informações ao Banco de Brasília S.A. – BRB acerca de análises de integridade, governança e gestão de riscos relacionadas a operações financeiras envolvendo ativos vinculados ao Banco Master e estruturas financeiras associadas. Excelentíssimo Senhor Presidente da Câmara Legislativa do Distrito Federal: Requeiro, nos termos do art. 42 do Regimento Interno da Câmara Legislativa do Distrito Federal (RICLDF), bem como dos arts. 60, inciso XXIV,",https://ple.cl.df.gov.br/pleservico/api/public/proposicao/156640/documento/ativas,data/raw/documento-ativas/c656efa561a3b41a.json
Master,Master,CASO,documento,documento,texto,REQ 2666/2026,156643,326531,357519,Requerimento,LIDPT,2026-03-10T17:24:59,Requer o encaminhamento de pedido de informações ao Senhor Procurador-Geral do Distrito Federal.,"ceira contra o patrimônio do BRB. JUSTIFICATIVA O presente requerimento fundamenta-se no dever de fiscalização do Poder Legislativo e no princípio da publicidade. Diante das investigações da Polícia Federal sobre fraudes bilionárias envolvendo o BRB e o Banco Master, surge a necessidade premente de esclarecer se ativos do Distrito Federal (precatórios) foram utilizados para retroalimentar esquemas que prejudicam o banco público. A suspeita de que o escritório do Governador tenha transacionado R$ 38 milhões com inst",https://ple.cl.df.gov.br/pleservico/api/public/proposicao/156643/documento/ativas,data/raw/documento-ativas/aac98d704d0d1da8.json
Master,Master,CASO,documento,documento,texto,REQ 2674/2026,156697,326746,358145,Requerimento,LIDPT,2026-03-12T12:54:07,Requer o encaminhamento de pedido de informações ao Senhor Procurador-Geral do Distrito Federal. ,", justificando o preço de R$ 5,29 em face da crise de confiança no mercado do Banco de Brasília S.A (BRB), em especial: a) a metodologia empregada; b) o laudo de avaliação independente; c) o valor patrimonial real do BRB, considerando os prejuízos com o Banco Master, bem como dos imóveis envolvidos; d) considerações sobre a Lei 6.404/76, art. 14 c/c art. 170, §1º, em espeical sobre o preço de emissão, que deve ser fixado com base no valor patrimonial, valor de mercado ou perspectiva de rentabilidade, de forma funda",https://ple.cl.df.gov.br/pleservico/api/public/proposicao/156697/documento/ativas,data/raw/documento-ativas/b230beb465813deb.json
Master,Master,CASO,documento,documento,texto,REQ 2675/2026,156701,326750,358149,Requerimento,LIDPT,2026-03-12T13:13:15,Requer o encaminhamento de pedido de informações à Senhora Diretora Presidente do Instituto de Previdência do Distrito Federal – IPREV/DF ,", justificando o preço de R$ 5,29 em face da crise de confiança no mercado do Banco de Brasília S.A (BRB), em especial: a) a metodologia empregada; b) o laudo de avaliação independente; c) o valor patrimonial real do BRB, considerando os prejuízos com o Banco Master, bem como dos imóveis envolvidos; d) considerações sobre a Lei 6.404/76, art. 14 c/c art. 170, §1º, em espeical sobre o preço de emissão, que deve ser fixado com base no valor patrimonial, valor de mercado ou perspectiva de rentabilidade, de forma funda",https://ple.cl.df.gov.br/pleservico/api/public/proposicao/156701/documento/ativas,data/raw/documento-ativas/a7ed6217c25d1684.json
Master,Master,CASO,documento,documento,texto,REQ 2728/2026,157014,328849,361908,Requerimento,GAB DEP FÁBIO FÉLIX,2026-03-31T11:42:07,Requer informações ao Banco de Brasília S.A. – BRB sobre compensações e tentativas de recuperação patrimonial decorrentes da aquisição de ativos originários do Banco Master,"ete do Deputado Fábio Félix - Gab 24 Requerimento Nº, DE 2026 (Autoria: Deputado Fábio Felix) Requer informações ao Banco de Brasília S.A. – BRB sobre compensações e tentativas de recuperação patrimonial decorrentes da aquisição de ativos originários do Banco Master. Excelentíssimo Senhor Presidente da Câmara Legislativa do Distrito Federal: Requeiro, nos termos regimentais, sejam requeridas do Banco de Brasília S.A. as seguintes informações: Do montante recuperado a) Do total de ativos classificados como inexisten",https://ple.cl.df.gov.br/pleservico/api/public/proposicao/157014/documento/ativas,data/raw/documento-ativas/eeb0f77b9e535d84.json
Master,Master,CASO,documento,documento,texto,REQ 2729/2026,157017,328857,362946,Requerimento,GAB DEP FÁBIO FÉLIX,2026-03-31T12:17:21,"Reque informações acerca de atuação institucional, consultiva e contenciosa, da Procuradoria-Geral do Distrito Federal – PGDF, relacionada às negociações, tentativas de aquisição de ativos e demais operações envolvendo o Banco de Brasília S.A. – BRB e o Banco Master","Reque informações acerca de atuação institucional, consultiva e contenciosa, da Procuradoria-Geral do Distrito Federal – PGDF, relacionada às negociações, tentativas de aquisição de ativos e demais operações envolvendo o Banco de Brasília S.A. – BRB e o Banco Master Excelentíssimo Senhor Presidente da Câmara Legislativa do Distrito Federal: Requeiro, nos termos regimentais, as seguintes informações acerca de sua atuação institucional, consultiva e contenciosa, relacionada às negociações, tentativas de aquisição de ",https://ple.cl.df.gov.br/pleservico/api/public/proposicao/157017/documento/ativas,data/raw/documento-ativas/f36f7c7e7204de8d.json
Master,Master,CASO,documento,documento,texto,REQ 2725/2026,157105,329491,362739,Requerimento,GAB DEP THIAGO MANZONI,2026-04-06T17:29:39,Requer a convocação do Sr. Presidente do Banco de Brasília - BRB para que preste pessoalmente esclarecimentos sobre a situação financeira do Banco de Brasília e sobre as medidas de socorro necessárias. ,"Antônio de Souza, para que preste pessoalmente esclarecimentos sobre a situação financeira do Banco de Brasília - BRB, as necessidades de aporte na instituição pelo acionista controlador, as investigações envolvendo a operação fracassada de aquisição do Banco Master e as medidas de governança adotadas pela instituição. JUSTIFICAÇÃO O presente requerimento de convocação do Senhor Presidente do Banco de Brasília S.A. – BRB, Nelson Antônio de Souza, decorre de um conjunto de fatos recentes de elevada gravidade que sus",https://ple.cl.df.gov.br/pleservico/api/public/proposicao/157105/documento/ativas,data/raw/documento-ativas/633c101e223ee941.json
Master,Master,CASO,documento,documento,texto,REQ 2724/2026,157106,329492,362759,Requerimento,GAB DEP THIAGO MANZONI,2026-04-06T18:25:45,"Requer a convocação do Sr. Secretário de Estado de Economia e do Sr. Secretário Adjunto de Economia para que prestem pessoalmente esclarecimentos sobre a situação financeira do Banco de Brasília, sobre as medidas de socorro necessárias e sobre a situação econômico-financeira do Distrito Federal. ","etamente a sustentabilidade fiscal do próprio Distrito Federal. Nos últimos meses, vieram a público informações que suscitam sérias dúvidas quanto à condução estratégica e à gestão de riscos do BRB, especialmente no âmbito das operações realizadas com o Banco Master. Nesse contexto, assumem especial relevância as notícias de que teria sido cogitado aporte da ordem de R$ 4 bilhões, por meio de mecanismos associados ao Fundo Garantidor de Créditos (FGC), bem como a não divulgação do balanço financeiro do exercício de",https://ple.cl.df.gov.br/pleservico/api/public/proposicao/157106/documento/ativas,data/raw/documento-ativas/72b5869679d2c7d0.json
Master,Master,CASO,documento,documento,texto,REQ 2760/2026,157118,329534,365989,Requerimento,GAB DEP PAULA BELMONTE,2026-04-07T11:03:22,"Requer o encaminhamento de pedido de informações ao Presidente do Banco de Brasília S.A. – BRB, acerca da situação econômico-financeira, patrimonial, de governança e do plano de capitalização da instituição.","aminhamento de pedido de informações ao Presidente do Banco de Brasília S.A. – BRB, Senhor Nelson Antônio de Souza, acerca da situação econômico-financeira, patrimonial e de governança da instituição, especialmente no contexto das operações envolvendo o Grupo Master e da proposta de capitalização atualmente aprovada nesta Casa. A relevância sistêmica do BRB para a economia do Distrito Federal, bem como os potenciais impactos fiscais decorrentes das medidas em discussão, impõe a necessidade de instrução técnica adeq",https://ple.cl.df.gov.br/pleservico/api/public/proposicao/157118/documento/ativas,data/raw/documento-ativas/9fead9fa565cbe72.json
Master,Master,CASO,documento,documento,texto,REQ 2749/2026,157240,330223,365274,Requerimento,LIDPT,2026-04-13T16:06:55,Requer ao Banco de Brasília S;.A BRB informações que específica. ,"do projeto Nação BRB FLA. A relação comercial estabelecida precisa ser avaliada quanto ao mérito da sua economicidade, oportunidade e retorno comercial e financeiro para o BRB em momento de delicada situação patrimonial decorrentes das transações com o Banco Master. O requerimento também requer informações fundamentais para o acompanhamento do BRB e de suas ações relacionadas à sua crise decorrente de prejuízos relacionados ao seu envolvimento com o extinto Banco Master. Sala das Sessões, 16 de abril 2026. DEPUTADO",https://ple.cl.df.gov.br/pleservico/api/public/proposicao/157240/documento/ativas,data/raw/documento-ativas/048427673dbf1774.json
Master,Master,CASO,documento,documento,texto,REQ 2970/2026,157892,333983,374713,Requerimento,GAB DEP FÁBIO FÉLIX,2026-05-25T15:48:32,Requer informações ao Secretário de Estado de Economia do Distrito Federal e ao Banco de Brasília S.A. acerca das operações de cessão onerosa de direitos creditórios da dívida ativa do DF ,"conformidade jurídica, a motivação técnica, a transparência dos fluxos financeiros e os riscos fiscais associados ao modelo adotado. Paralelamente, são públicos e notórios os desdobramentos da crise relacionada às operações entre o BRB e o conglomerado Banco Master, cuja liquidação extrajudicial foi decretada pelo Banco Central do Brasil em novembro de 2025, em razão de grave crise de liquidez, comprometimento significativo da situação econômico-financeira e graves violações às normas do Sistema Financeiro Nacional",https://ple.cl.df.gov.br/pleservico/api/public/proposicao/157892/documento/ativas,data/raw/documento-ativas/17c79582b768ae54.json
Master,Master,CASO,documento,documento,texto,PL 2363/2026,158171,335336,374863,Emenda,GAB DEP FÁBIO FÉLIX,2026-06-08T14:37:25,"Altera a Lei nº 7.845, de 10 de março de 2026, que “dispõe sobre as medidas a serem adotadas pelo Distrito Federal, na condição de acionista controlador, para o restabelecimento e fortalecimento das condições econômico-financeiras do Banco de Brasília S.A. – BRB”, ratifica os termos do acordo homolo","is a toda a população. Não se pode desconsiderar que os servidores e a população em geral, que serão diretamente prejudicados pelas medidas de ajuste fiscal, não tiveram qualquer responsabilidade pela necessidade de socorro ao BRB após negociações com o Banco Master, situação essa causada por determinados agentes públicos e privados que devem ser responsabilizados. Tal situação reforça a necessidade de absoluta cautela na homologação das medidas previstas, evitando-se o cometimento de mais injustiças contra as verd",https://ple.cl.df.gov.br/pleservico/api/public/proposicao/158171/documento/ativas,data/raw/documento-ativas/be992403f31856a5.json
Master,Master,CASO,documento,documento,texto,PL 2363/2026,158171,335420,374943,Emenda,GAB DEP FÁBIO FÉLIX,2026-06-08T16:13:06,"Altera a Lei nº 7.845, de 10 de março de 2026, que “dispõe sobre as medidas a serem adotadas pelo Distrito Federal, na condição de acionista controlador, para o restabelecimento e fortalecimento das condições econômico-financeiras do Banco de Brasília S.A. – BRB”, ratifica os termos do acordo homolo","população, que será diretamente afetada com a perda do patrimônio distrital, não tem responsabilidade pela necessidade de socorro ao BRB, provocada por determinados agentes públicos e privados que se beneficiaram com operações entre a instituição bancária e o Master. Tal situação reforça a necessidade de se impedir o comprometimento dos bens públicos na fraude bancária, de modo a se evitar ainda mais injustiças, preservando-se minimamente o patrimônio coletivo. Cumpre mencionar, por fim, que, de maneira nenhuma, qu",https://ple.cl.df.gov.br/pleservico/api/public/proposicao/158171/documento/ativas,data/raw/documento-ativas/be992403f31856a5.json
Master,Master,CASO,documento,documento,texto,PL 2363/2026,158171,335848,375487,Emenda,LIDPT,2026-06-09T17:23:07,"Altera a Lei nº 7.845, de 10 de março de 2026, que “dispõe sobre as medidas a serem adotadas pelo Distrito Federal, na condição de acionista controlador, para o restabelecimento e fortalecimento das condições econômico-financeiras do Banco de Brasília S.A. – BRB”, ratifica os termos do acordo homolo","remo Tribunal Federal, homologou um Acordo firmado entre o Distrito Federal e a União, a fim de que o DF possa contrair empréstimo de R$ 6,6 bilhões para cobrir o rombo do Banco de Brasília, deixado pelo Governo Ibaneis, nas suas relações espúrias com o Banco Master. O Acordo foi motivado por uma Ação Judicial protocolada no próprio STF (ACO 2755) pelo Governo Celina para tentar obrigar a União a reclassificar a nota da Capacidade de Pagamento (CAPAG) do Distrito Federal. A nota “C”, atribuída pela União às contas ",https://ple.cl.df.gov.br/pleservico/api/public/proposicao/158171/documento/ativas,data/raw/documento-ativas/be992403f31856a5.json
Master,Master,CASO,documento,documento,texto,REQ 3052/2026,159033,341533,387371,Requerimento,GAB DEP PAULA BELMONTE,2026-08-20T11:10:30,"Requer ao Poder Executivo do Distrito Federal, por intermédio da Secretaria de Estado de Economia, e, por seu intermédio, ao Banco de Brasília S.A. – BRB, informações acerca da situação econômico-financeira da instituição, da não divulgação de suas demonstrações financeiras, das penalidades aplicada","a da instituição, da não divulgação de suas demonstrações financeiras, das penalidades aplicadas pela Comissão de Valores Mobiliários – CVM, do pedido de assistência financeira formulado ao Fundo Garantidor de Créditos – FGC e dos ativos relacionados ao Banco Master e instituições correlatas. A CÂMARA LEGISLATIVA DO DISTRITO FEDERAL, nos termos do art. 60, incisos XVI e XXXIII, da Lei Orgânica do Distrito Federal, c/c art. 42 do Regimento Interno da Câmara Legislativa do Distrito Federal, requeiro a aprovação do pr",https://ple.cl.df.gov.br/pleservico/api/public/proposicao/159033/documento/ativas,data/raw/documento-ativas/8e45a870a39d1811.json
Vorcaro,Vorcaro,CASO,documento,documento,texto,REQ 1965/2025,151905,292532,290951,Requerimento,GAB DEP FÁBIO FÉLIX,2025-04-07T17:58:49,Requer ao Presidente do BRB S.A. informações a respeito da aquisição do Banco Master,"ões alheias ao funcionamento regular do mercado. A administração do BRB e o GDF procuram caracterizar a operação como técnica, sem ingerência política. Mas as dúvidas permanecem. Reportagens têm apontado que a proximidade do presidente do Banco Master, Daniel Vorcaro, com o presidente do PP, Ciro Nogueira, e com Antônio Rueda, do União Brasil. A incidência política do Master para defender suas práticas incomuns já deixou registro anterior: o presidente do PP, Senador Ciro Nogueira, atuou para ampliar a cobertura má",https://ple.cl.df.gov.br/pleservico/api/public/proposicao/151905/documento/ativas,data/raw/documento-ativas/19417b81d021dc96.json
Vorcaro,Vorcaro,CASO,documento,documento,texto,REQ 2631/2026,156528,326024,356212,Requerimento,GAB DEP GABRIEL MAGNO,2026-03-03T17:03:29,"Requer a convocação do ex-Presidente do Banco de Brasília (BRB), Paulo Henrique Costa, para prestar informações a esta Casa sobre as operações financeiras entre BRB e Banco Master e a Operação Compliance Zero.","ncondicional explica por que o então presidente Paulo Henrique Costa sentia-se confortável em realizar pontos de controle frequentes com o Governador sobre o andamento das aquisições.[2] A relação de proximidade entre o Chefe do Executivo e o banqueiro Daniel Vorcaro, com visitas mútuas em residências particulares para tratar de ""assuntos institucionais"", rompe com a necessária impessoalidade que deve reger a administração pública. Ademais, o fundamento para a convocação de Paulo Henrique Costa reside não apenas no",https://ple.cl.df.gov.br/pleservico/api/public/proposicao/156528/documento/ativas,data/raw/documento-ativas/8f8f9a14e450318a.json
Vorcaro,Vorcaro,CASO,documento,documento,texto,REQ 2632/2026,156529,326025,356215,Requerimento,GAB DEP GABRIEL MAGNO,2026-03-03T17:09:39,Requer ao Governador do Distrito Federal informações sobre as Operações entre Banco de Brasília (BRB) e Banco Master com foco na Operação Compliance Zero.,"e uma operação que transferiu bilhões de reais de uma instituição pública para um banco privado em frangalhos. As justificativas de ""reuniões institucionais"" e o silêncio retórico do Governador IBANEIS ROCHA colidem frontalmente com o depoimento do Sr. Daniel Vorcaro, que o qualificou como ""controlador indireto"" da transação. A conta desse ""excesso de confiança"" já chegou: um rombo de bilhões, a liquidação da instituição parceira e a potencial dilapidação do fundo de previdência dos servidores. O Governador deve ex",https://ple.cl.df.gov.br/pleservico/api/public/proposicao/156529/documento/ativas,data/raw/documento-ativas/6b073bf597ee6be1.json
Vorcaro,Vorcaro,CASO,documento,documento,texto,REQ 2664/2026,156635,326501,357508,Requerimento,GAB DEP MAX MACIEL,2026-03-10T12:36:26,"Requer o encaminhamento de pedido de informações ao Governador do Distrito Federal sobre contrato de cessão de direitos firmado entre seu escritório de advocacia e a Reag Gestora, bem como sobre a eventual existência de conflitos de interesses em operações do Banco de Brasília – BRB envolvendo o Ban","to ligado à gestora REAG Investimentos. Segundo as informações divulgadas, a referida gestora é citada em investigações conduzidas pela Polícia Federal relacionadas a operações financeiras vinculadas ao Banco Master, instituição associada ao empresário Daniel Vorcaro. Cumpre registrar que o Governo do Distrito Federal é o acionista controlador do Banco de Brasília S.A. – BRB, instituição financeira pública de relevância estratégica para a política econômica do Distrito Federal. Nesse contexto, também foram amplamen",https://ple.cl.df.gov.br/pleservico/api/public/proposicao/156635/documento/ativas,data/raw/documento-ativas/d6bab849d0b6f93c.json
Vorcaro,Vorcaro,CASO,documento,documento,texto,REQ 2665/2026,156639,326524,357492,Requerimento,GAB DEP MAX MACIEL,2026-03-10T16:04:28,"Requer o encaminhamento de pedido de informações à Controladoria-Geral do Distrito Federal acerca de eventual análise de integridade, governança e conflito de interesses envolvendo operações do Banco de Brasília – BRB relacionadas ao Banco Master e estruturas financeiras associadas.","de advocacia historicamente associado ao Chefe do Poder Executivo do Distrito Federal; e b) operações financeiras realizadas pelo Banco de Brasília – BRB envolvendo ativos vinculados ao Banco Master ou a estruturas financeiras associadas ao empresário Daniel Vorcaro. Informe se houve comunicação institucional, consulta formal ou demanda de análise encaminhada à CGDF por parte do Governo do Distrito Federal, do Banco de Brasília – BRB ou de qualquer outro órgão da administração pública distrital relacionada a esse t",https://ple.cl.df.gov.br/pleservico/api/public/proposicao/156639/documento/ativas,data/raw/documento-ativas/c16ac29988ccfb46.json
Vorcaro,Vorcaro,CASO,documento,documento,texto,REQ 2663/2026,156640,326526,357494,Requerimento,GAB DEP MAX MACIEL,2026-03-10T16:27:17,"Requer o encaminhamento de pedido de informações ao Banco de Brasília S.A. – BRB acerca de análises de integridade, governança e gestão de riscos relacionadas a operações financeiras envolvendo ativos vinculados ao Banco Master e estruturas financeiras associadas.","critório de advocacia historicamente associado ao Chefe do Poder Executivo do Distrito Federal; e b) operações financeiras realizadas pelo BRB envolvendo ativos, carteiras de crédito ou estruturas financeiras vinculadas ao Banco Master ou ao empresário Daniel Vorcaro. Informe se o Banco de Brasília S.A. – BRB possui conhecimento institucional acerca da cessão de direitos creditórios vinculados a honorários advocatícios decorrentes de precatórios posteriormente adquiridos por fundo de investimento associado à gestor",https://ple.cl.df.gov.br/pleservico/api/public/proposicao/156640/documento/ativas,data/raw/documento-ativas/c656efa561a3b41a.json
BRB,BRB,CASO,proposição (ementa/payload),proposicao,ementa,REQ 1934/2025,151763,,,,,2025-03-31,Requer o CONVITE do Presidente do Banco de Brasília - BRB para comparecer à Câmara Legislativa do Distrito Federal para explicar e debater a compra de parte das ações do Banco Master.  ,Requer o CONVITE do Presidente do Banco de Brasília - BRB para comparecer à Câmara Legislativa do Distrito Federal para explicar e debater a compra de parte das ações do Banco Master.,https://ple.cl.df.gov.br/pleservico/api/public/proposicao/151763/documento/ativas,data/raw/documento-ativas/d11847a502435be1.json
BRB,BRB,CASO,proposição (ementa/payload),proposicao,payload,REQ 1934/2025,151763,,,,,2025-03-31,Requer o CONVITE do Presidente do Banco de Brasília - BRB para comparecer à Câmara Legislativa do Distrito Federal para explicar e debater a compra de parte das ações do Banco Master.  ,"{""ano"": null, ""autores"": null, ""autoria"": ""Deputada Paula Belmonte"", ""dataAcesso"": null, ""dataLeitura"": ""2025-03-31"", ""dataLimite"": null, ""descricaoProposicao"": ""1934/2025 - Requerimento"", ""ementa"": ""Requer o CONVITE do Presidente do Banco de Brasília - BRB para comparecer à Câmara Legislativa do Distrito Federal para explicar e debater a compra de parte das ações do Banco Master.\n\n"", ""etapa"": ""Apresentação"", ""habilitadoOnline"": null, ""id"": 151763, ""idAutoria"": null, ""idRelator"": null, ""idTipoProposicao"": null",https://ple.cl.df.gov.br/pleservico/api/public/proposicao/151763/documento/ativas,data/raw/documento-ativas/d11847a502435be1.json
BRB,BRB,CASO,proposição (ementa/payload),proposicao,ementa,REQ 1937/2025,151772,,,,,2025-04-01,"Requer a convocação do presidente do Banco de Brasília S.A (BRB), senhor Paulo Henrique Rodrigues Costa","Requer a convocação do presidente do Banco de Brasília S.A (BRB), senhor Paulo Henrique Rodrigues Costa",https://ple.cl.df.gov.br/pleservico/api/public/proposicao/151772/documento/ativas,data/raw/documento-ativas/222ba65d5b21dcd2.json
BRB,BRB,CASO,proposição (ementa/payload),proposicao,payload,REQ 1937/2025,151772,,,,,2025-04-01,"Requer a convocação do presidente do Banco de Brasília S.A (BRB), senhor Paulo Henrique Rodrigues Costa","ado Ricardo Vale, Deputado Chico Vigilante, Deputado Gabriel Magno"", ""dataAcesso"": null, ""dataLeitura"": ""2025-04-01"", ""dataLimite"": null, ""descricaoProposicao"": ""1937/2025 - Requerimento"", ""ementa"": ""Requer a convocação do presidente do Banco de Brasília S.A (BRB), senhor Paulo Henrique Rodrigues Costa"", ""etapa"": ""Apresentação"", ""habilitadoOnline"": null, ""id"": 151772, ""idAutoria"": null, ""idRelator"": null, ""idTipoProposicao"": null, ""idUnidade"": null, ""idUsuarioAtribuido"": null, ""idUsuarioDisponibilizado"": null, ""ids",https://ple.cl.df.gov.br/pleservico/api/public/proposicao/151772/documento/ativas,data/raw/documento-ativas/222ba65d5b21dcd2.json
BRB,BRB,CASO,proposição (ementa/payload),proposicao,ementa,REQ 1965/2025,151905,,,,,2025-04-14,Requer ao Presidente do BRB S.A. informações a respeito da aquisição do Banco Master,Requer ao Presidente do BRB S.A. informações a respeito da aquisição do Banco Master,https://ple.cl.df.gov.br/pleservico/api/public/proposicao/151905/documento/ativas,data/raw/documento-ativas/19417b81d021dc96.json
BRB,BRB,CASO,proposição (ementa/payload),proposicao,payload,REQ 1965/2025,151905,,,,,2025-04-14,Requer ao Presidente do BRB S.A. informações a respeito da aquisição do Banco Master,"{""ano"": null, ""autores"": null, ""autoria"": ""Deputado Fábio Felix"", ""dataAcesso"": null, ""dataLeitura"": ""2025-04-14"", ""dataLimite"": null, ""descricaoProposicao"": ""1965/2025 - Requerimento"", ""ementa"": ""Requer ao Presidente do BRB S.A. informações a respeito da aquisição do Banco Master"", ""etapa"": ""Apresentação"", ""habilitadoOnline"": null, ""id"": 151905, ""idAutoria"": null, ""idRelator"": null, ""idTipoProposicao"": null, ""idUnidade"": null, ""idUsuarioAtribuido"": null, ""idUsuarioDisponibilizad",https://ple.cl.df.gov.br/pleservico/api/public/proposicao/151905/documento/ativas,data/raw/documento-ativas/19417b81d021dc96.json
BRB,BRB,CASO,proposição (ementa/payload),proposicao,ementa,REQ 2028/2025,152481,,,,,2025-05-19,Requer informações ao Banco de Brasília (BRB S.A.) acerca das políticas de desenvolvimento implementadas nos últimos cinco anos no âmbito do Distrito Federal.,Requer informações ao Banco de Brasília (BRB S.A.) acerca das políticas de desenvolvimento implementadas nos últimos cinco anos no âmbito do Distrito Federal.,https://ple.cl.df.gov.br/pleservico/api/public/proposicao/152481/documento/ativas,data/raw/documento-ativas/5c8259fe0de8c560.json
BRB,BRB,CASO,proposição (ementa/payload),proposicao,payload,REQ 2028/2025,152481,,,,,2025-05-19,Requer informações ao Banco de Brasília (BRB S.A.) acerca das políticas de desenvolvimento implementadas nos últimos cinco anos no âmbito do Distrito Federal.,"{""ano"": null, ""autores"": null, ""autoria"": ""Deputada Paula Belmonte"", ""dataAcesso"": null, ""dataLeitura"": ""2025-05-19"", ""dataLimite"": null, ""descricaoProposicao"": ""2028/2025 - Requerimento"", ""ementa"": ""Requer informações ao Banco de Brasília (BRB S.A.) acerca das políticas de desenvolvimento implementadas nos últimos cinco anos no âmbito do Distrito Federal."", ""etapa"": ""Apresentação"", ""habilitadoOnline"": null, ""id"": 152481, ""idAutoria"": null, ""idRelator"": null, ""idTipoProposicao"": null, ""idUnidade"": n",https://ple.cl.df.gov.br/pleservico/api/public/proposicao/152481/documento/ativas,data/raw/documento-ativas/5c8259fe0de8c560.json
BRB,BRB,CASO,proposição (ementa/payload),proposicao,ementa,REQ 2189/2025,153759,,,,,2025-08-14,Requer a CONVOCAÇÃO do Presidente do Banco de Brasília - BRB para comparecer à Câmara Legislativa do Distrito Federal para explicar e debater a compra de parte das ações do Banco Master após a decisão proferida em 13 de agosto de 2025 pela 7ª Turma Cível do Tribunal de Justiça do Distrito Federal e ,Requer a CONVOCAÇÃO do Presidente do Banco de Brasília - BRB para comparecer à Câmara Legislativa do Distrito Federal para explicar e debater a compra de parte das ações do Banco Master após a decisão proferida em 13 de agosto de 2025 pela 7ª Turma Cível do Tribunal de Justiça do Distrito Federal e Territórios.,https://ple.cl.df.gov.br/pleservico/api/public/proposicao/153759/documento/ativas,data/raw/documento-ativas/e6407035ccfbfc32.json
BRB,BRB,CASO,proposição (ementa/payload),proposicao,payload,REQ 2189/2025,153759,,,,,2025-08-14,Requer a CONVOCAÇÃO do Presidente do Banco de Brasília - BRB para comparecer à Câmara Legislativa do Distrito Federal para explicar e debater a compra de parte das ações do Banco Master após a decisão proferida em 13 de agosto de 2025 pela 7ª Turma Cível do Tribunal de Justiça do Distrito Federal e ,"{""ano"": null, ""autores"": null, ""autoria"": ""Deputada Paula Belmonte"", ""dataAcesso"": null, ""dataLeitura"": ""2025-08-14"", ""dataLimite"": null, ""descricaoProposicao"": ""2189/2025 - Requerimento"", ""ementa"": ""Requer a CONVOCAÇÃO do Presidente do Banco de Brasília - BRB para comparecer à Câmara Legislativa do Distrito Federal para explicar e debater a compra de parte das ações do Banco Master após a decisão proferida em 13 de agosto de 2025 pela 7ª Turma Cível do Tribunal de Justiça do Distrito Federal e Territórios.\n\n"", """,https://ple.cl.df.gov.br/pleservico/api/public/proposicao/153759/documento/ativas,data/raw/documento-ativas/e6407035ccfbfc32.json
BRB,BRB,CASO,proposição (ementa/payload),proposicao,ementa,PL 1882/2025,153779,,,,,2025-08-14,"Autoriza o BRB - Banco de Brasília a adquirir participação em instituições financeiras sediadas no Brasil e no exterior, empresas com atividades próprias ou complementares às do setor financeiro, inclusive no ramo de tecnologia da informação (TI) e empresas com objetos sociais relacionados às ativid","Autoriza o BRB - Banco de Brasília a adquirir participação em instituições financeiras sediadas no Brasil e no exterior, empresas com atividades próprias ou complementares às do setor financeiro, inclusive no ramo de tecnologia da informação (TI) e empresas com objetos soci",https://ple.cl.df.gov.br/pleservico/api/public/proposicao/153779/documento/ativas,data/raw/documento-ativas/a91cdb16a2fb033b.json
BRB,BRB,CASO,proposição (ementa/payload),proposicao,payload,PL 1882/2025,153779,,,,,2025-08-14,"Autoriza o BRB - Banco de Brasília a adquirir participação em instituições financeiras sediadas no Brasil e no exterior, empresas com atividades próprias ou complementares às do setor financeiro, inclusive no ramo de tecnologia da informação (TI) e empresas com objetos sociais relacionados às ativid","{""ano"": null, ""autores"": null, ""autoria"": ""Poder Executivo"", ""dataAcesso"": null, ""dataLeitura"": ""2025-08-14"", ""dataLimite"": null, ""descricaoProposicao"": ""1882/2025 - Projeto de Lei"", ""ementa"": ""Autoriza o BRB - Banco de Brasília a adquirir participação em instituições financeiras sediadas no Brasil e no exterior, empresas com atividades próprias ou complementares às do setor financeiro, inclusive no ramo de tecnologia da informação (TI) e empresas com objetos soci",https://ple.cl.df.gov.br/pleservico/api/public/proposicao/153779/documento/ativas,data/raw/documento-ativas/a91cdb16a2fb033b.json
BRB,BRB,CASO,proposição (ementa/payload),proposicao,ementa,REQ 2199/2025,153841,,,,,2025-08-19,"Requer a Tramitação do Projeto de Lei 1.182/2025, que “Autoriza o BRB - Banco de Brasília a adquirir participação em instituições financeiras sediadas no Brasil e no exterior, empresas com atividades próprias ou complementares às do setor financeiro, inclusive no ramo de tecnologia da informação (TI","Requer a Tramitação do Projeto de Lei 1.182/2025, que “Autoriza o BRB - Banco de Brasília a adquirir participação em instituições financeiras sediadas no Brasil e no exterior, empresas com atividades próprias ou complementares às do setor financeiro, inclusive no ramo de tecnologia da informação (TI) e empresas com objetos soci",https://ple.cl.df.gov.br/pleservico/api/public/proposicao/153841/documento/ativas,data/raw/documento-ativas/e908a310657eedfc.json
BRB,BRB,CASO,proposição (ementa/payload),proposicao,payload,REQ 2199/2025,153841,,,,,2025-08-19,"Requer a Tramitação do Projeto de Lei 1.182/2025, que “Autoriza o BRB - Banco de Brasília a adquirir participação em instituições financeiras sediadas no Brasil e no exterior, empresas com atividades próprias ou complementares às do setor financeiro, inclusive no ramo de tecnologia da informação (TI",""": null, ""autores"": null, ""autoria"": ""Deputado Gabriel Magno"", ""dataAcesso"": null, ""dataLeitura"": ""2025-08-19"", ""dataLimite"": null, ""descricaoProposicao"": ""2199/2025 - Requerimento"", ""ementa"": ""Requer a Tramitação do Projeto de Lei 1.182/2025, que “Autoriza o BRB - Banco de Brasília a adquirir participação em instituições financeiras sediadas no Brasil e no exterior, empresas com atividades próprias ou complementares às do setor financeiro, inclusive no ramo de tecnologia da informação (TI) e empresas com objetos s",https://ple.cl.df.gov.br/pleservico/api/public/proposicao/153841/documento/ativas,data/raw/documento-ativas/e908a310657eedfc.json
BRB,BRB,CASO,proposição (ementa/payload),proposicao,ementa,REQ 2205/2025,153852,,,,,2025-08-19,"Requer ao Banco de Brasília (BRB) informações, dados e relatórios relacionados ao Projeto de Lei n.º 1.882/2025, que “ Autoriza o BRB - Banco de Brasília a adquirir participação em instituições financeiras sediadas no Brasil e no exterior, empresas com atividades próprias ou complementares às do set","Requer ao Banco de Brasília (BRB) informações, dados e relatórios relacionados ao Projeto de Lei n.º 1.882/2025, que “ Autoriza o BRB - Banco de Brasília a adquirir participação em instituições financeiras sediadas no Brasil e no exterior, empresas com atividades próprias ou complementares à",https://ple.cl.df.gov.br/pleservico/api/public/proposicao/153852/documento/ativas,data/raw/documento-ativas/c01cbd8d0a7d3683.json
BRB,BRB,CASO,proposição (ementa/payload),proposicao,payload,REQ 2205/2025,153852,,,,,2025-08-19,"Requer ao Banco de Brasília (BRB) informações, dados e relatórios relacionados ao Projeto de Lei n.º 1.882/2025, que “ Autoriza o BRB - Banco de Brasília a adquirir participação em instituições financeiras sediadas no Brasil e no exterior, empresas com atividades próprias ou complementares às do set","{""ano"": null, ""autores"": null, ""autoria"": ""Deputado Gabriel Magno"", ""dataAcesso"": null, ""dataLeitura"": ""2025-08-19"", ""dataLimite"": null, ""descricaoProposicao"": ""2205/2025 - Requerimento"", ""ementa"": ""Requer ao Banco de Brasília (BRB) informações, dados e relatórios relacionados ao Projeto de Lei n.º 1.882/2025, que “ Autoriza o BRB - Banco de Brasília a adquirir participação em instituições financeiras sediadas no Brasil e no exterior, empresas com atividades próprias ou complementares à",https://ple.cl.df.gov.br/pleservico/api/public/proposicao/153852/documento/ativas,data/raw/documento-ativas/c01cbd8d0a7d3683.json
BRB,BRB,CASO,proposição (ementa/payload),proposicao,ementa,REQ 2249/2025,154193,,,,,2025-09-09,Requer informações ao BRB S.A. sobre a operação de aquisição do Banco Master,Requer informações ao BRB S.A. sobre a operação de aquisição do Banco Master,https://ple.cl.df.gov.br/pleservico/api/public/proposicao/154193/documento/ativas,data/raw/documento-ativas/9a1731fbe5552076.json
BRB,BRB,CASO,proposição (ementa/payload),proposicao,payload,REQ 2249/2025,154193,,,,,2025-09-09,Requer informações ao BRB S.A. sobre a operação de aquisição do Banco Master,"{""ano"": null, ""autores"": null, ""autoria"": ""Deputado Fábio Felix"", ""dataAcesso"": null, ""dataLeitura"": ""2025-09-09"", ""dataLimite"": null, ""descricaoProposicao"": ""2249/2025 - Requerimento"", ""ementa"": ""Requer informações ao BRB S.A. sobre a operação de aquisição do Banco Master"", ""etapa"": ""Apresentação"", ""habilitadoOnline"": null, ""id"": 154193, ""idAutoria"": null, ""idRelator"": null, ""idTipoProposicao"": null, ""idUnidade"": null, ""idUsuarioAtribuido"": null, ""idUsuarioDisponibilizado"": nu",https://ple.cl.df.gov.br/pleservico/api/public/proposicao/154193/documento/ativas,data/raw/documento-ativas/9a1731fbe5552076.json
BRB,BRB,CASO,proposição (ementa/payload),proposicao,ementa,REQ 2510/2025,155481,,,,,2025-11-19,"Requer-se a CONVOCAÇÃO do Presidente do Banco de Brasília – BRB, Sr. Paulo Henrique, bem como do Diretor Financeiro, Sr. Dario Oswaldo, para que compareçam à Câmara Legislativa do Distrito Federal, a fim de prestarem esclarecimentos acerca das operações realizadas pelo BRB relativas à tentativa de a","Requer-se a CONVOCAÇÃO do Presidente do Banco de Brasília – BRB, Sr. Paulo Henrique, bem como do Diretor Financeiro, Sr. Dario Oswaldo, para que compareçam à Câmara Legislativa do Distrito Federal, a fim de prestarem esclarecimentos acerca das operações realizadas pelo BRB relativas à tentativa de aquisição de participaçã",https://ple.cl.df.gov.br/pleservico/api/public/proposicao/155481/documento/ativas,data/raw/documento-ativas/67e3d568bd715515.json
BRB,BRB,CASO,proposição (ementa/payload),proposicao,payload,REQ 2510/2025,155481,,,,,2025-11-19,"Requer-se a CONVOCAÇÃO do Presidente do Banco de Brasília – BRB, Sr. Paulo Henrique, bem como do Diretor Financeiro, Sr. Dario Oswaldo, para que compareçam à Câmara Legislativa do Distrito Federal, a fim de prestarem esclarecimentos acerca das operações realizadas pelo BRB relativas à tentativa de a","{""ano"": null, ""autores"": null, ""autoria"": ""Deputada Paula Belmonte"", ""dataAcesso"": null, ""dataLeitura"": ""2025-11-19"", ""dataLimite"": null, ""descricaoProposicao"": ""2510/2025 - Requerimento"", ""ementa"": ""Requer-se a CONVOCAÇÃO do Presidente do Banco de Brasília – BRB, Sr. Paulo Henrique, bem como do Diretor Financeiro, Sr. Dario Oswaldo, para que compareçam à Câmara Legislativa do Distrito Federal, a fim de prestarem esclarecimentos acerca das operações realizadas pelo BRB relativas à tentativa de aquisição de particip",https://ple.cl.df.gov.br/pleservico/api/public/proposicao/155481/documento/ativas,data/raw/documento-ativas/67e3d568bd715515.json
BRB,BRB,CASO,proposição (ementa/payload),proposicao,ementa,REQ 2505/2025,155500,,,,,2025-11-19,"Requer a convocação do Senhor Paulo Henrique Costa, presidente afastado do Banco de Brasília - BRB, a esta Câmara Legislativa, para prestar esclarecimentos sobre riscos de crédito e problemas de gestão à frente da presidência  do BRB, relacionados à tentativa de compra do Banco Master, à operação da","Requer a convocação do Senhor Paulo Henrique Costa, presidente afastado do Banco de Brasília - BRB, a esta Câmara Legislativa, para prestar esclarecimentos sobre riscos de crédito e problemas de gestão à frente da presidência do BRB, relacionados à tentativa de compra do Banco Master, à operação da Polícia Federal e às decisões judiciais e do Banco Centra",https://ple.cl.df.gov.br/pleservico/api/public/proposicao/155500/documento/ativas,data/raw/documento-ativas/632a52c0bc498996.json
BRB,BRB,CASO,proposição (ementa/payload),proposicao,payload,REQ 2505/2025,155500,,,,,2025-11-19,"Requer a convocação do Senhor Paulo Henrique Costa, presidente afastado do Banco de Brasília - BRB, a esta Câmara Legislativa, para prestar esclarecimentos sobre riscos de crédito e problemas de gestão à frente da presidência  do BRB, relacionados à tentativa de compra do Banco Master, à operação da","lante, Deputado Chico Vigilante"", ""dataAcesso"": null, ""dataLeitura"": ""2025-11-19"", ""dataLimite"": null, ""descricaoProposicao"": ""2505/2025 - Requerimento"", ""ementa"": ""Requer a convocação do Senhor Paulo Henrique Costa, presidente afastado do Banco de Brasília - BRB, a esta Câmara Legislativa, para prestar esclarecimentos sobre riscos de crédito e problemas de gestão à frente da presidência do BRB, relacionados à tentativa de compra do Banco Master, à operação da Polícia Federal e às decisões judiciais e do Banco Cent",https://ple.cl.df.gov.br/pleservico/api/public/proposicao/155500/documento/ativas,data/raw/documento-ativas/632a52c0bc498996.json
BRB,BRB,CASO,proposição (ementa/payload),proposicao,ementa,REQ 2507/2025,155503,,,,,2025-11-19,"Requer a convocação do Senhor Dario Oswaldo Garcia Júnior, diretor afastado do Banco de Brasília - BRB, a esta Câmara Legislativa, para prestar esclarecimentos sobre riscos de crédito e problemas de gestão na direção do BRB, relacionados à tentativa de compra do Banco Master, à operação da Polícia F","Requer a convocação do Senhor Dario Oswaldo Garcia Júnior, diretor afastado do Banco de Brasília - BRB, a esta Câmara Legislativa, para prestar esclarecimentos sobre riscos de crédito e problemas de gestão na direção do BRB, relacionados à tentativa de compra do Banco Master, à operação da Polícia Federal e às decisões judiciais e do Banco Central do Brasil qu",https://ple.cl.df.gov.br/pleservico/api/public/proposicao/155503/documento/ativas,data/raw/documento-ativas/b2c1effa17ad503d.json
BRB,BRB,CASO,proposição (ementa/payload),proposicao,payload,REQ 2507/2025,155503,,,,,2025-11-19,"Requer a convocação do Senhor Dario Oswaldo Garcia Júnior, diretor afastado do Banco de Brasília - BRB, a esta Câmara Legislativa, para prestar esclarecimentos sobre riscos de crédito e problemas de gestão na direção do BRB, relacionados à tentativa de compra do Banco Master, à operação da Polícia F","e, Deputado Chico Vigilante"", ""dataAcesso"": null, ""dataLeitura"": ""2025-11-19"", ""dataLimite"": null, ""descricaoProposicao"": ""2507/2025 - Requerimento"", ""ementa"": ""Requer a convocação do Senhor Dario Oswaldo Garcia Júnior, diretor afastado do Banco de Brasília - BRB, a esta Câmara Legislativa, para prestar esclarecimentos sobre riscos de crédito e problemas de gestão na direção do BRB, relacionados à tentativa de compra do Banco Master, à operação da Polícia Federal e às decisões judiciais e do Banco Central do Brasil",https://ple.cl.df.gov.br/pleservico/api/public/proposicao/155503/documento/ativas,data/raw/documento-ativas/b2c1effa17ad503d.json
BRB,BRB,CASO,proposição (ementa/payload),proposicao,ementa,REQ 2511/2025,155506,,,,,2025-11-19,"Requer informações à presidente em exercício do Banco de Brasília - BRB sobre a real situação do banco em vista das gravíssimas denúncias de fraudes, gestão temerária e riscos associados aos investimentos feitos pelo BRB no recém liquidado Banco Master.","Requer informações à presidente em exercício do Banco de Brasília - BRB sobre a real situação do banco em vista das gravíssimas denúncias de fraudes, gestão temerária e riscos associados aos investimentos feitos pelo BRB no recém liquidado Banco Master.",https://ple.cl.df.gov.br/pleservico/api/public/proposicao/155506/documento/ativas,data/raw/documento-ativas/51e902a8d36cc0a2.json
BRB,BRB,CASO,proposição (ementa/payload),proposicao,payload,REQ 2511/2025,155506,,,,,2025-11-19,"Requer informações à presidente em exercício do Banco de Brasília - BRB sobre a real situação do banco em vista das gravíssimas denúncias de fraudes, gestão temerária e riscos associados aos investimentos feitos pelo BRB no recém liquidado Banco Master.","ull, ""autores"": null, ""autoria"": ""Deputado Chico Vigilante"", ""dataAcesso"": null, ""dataLeitura"": ""2025-11-19"", ""dataLimite"": null, ""descricaoProposicao"": ""2511/2025 - Requerimento"", ""ementa"": ""Requer informações à presidente em exercício do Banco de Brasília - BRB sobre a real situação do banco em vista das gravíssimas denúncias de fraudes, gestão temerária e riscos associados aos investimentos feitos pelo BRB no recém liquidado Banco Master."", ""etapa"": ""Apresentação"", ""habilitadoOnline"": null, ""id"": 155506, ""idAuto",https://ple.cl.df.gov.br/pleservico/api/public/proposicao/155506/documento/ativas,data/raw/documento-ativas/51e902a8d36cc0a2.json
BRB,BRB,CASO,proposição (ementa/payload),proposicao,ementa,REQ 2514/2025,155532,,,,,2025-11-24,"Requer o encaminhamento de pedido de informações ao Secretário de Estado de Economia do Distrito Federal – SEEC/DF, relativas à execução orçamentária e financeira dos programas governamentais que dependem de pagamentos operacionalizados pelo Banco de Brasília – BRB, à gestão fiscal e ao acompanhamen","quer o encaminhamento de pedido de informações ao Secretário de Estado de Economia do Distrito Federal – SEEC/DF, relativas à execução orçamentária e financeira dos programas governamentais que dependem de pagamentos operacionalizados pelo Banco de Brasília – BRB, à gestão fiscal e ao acompanhamento dos impactos das oscilações financeiras recentes sobre o orçamento do Distrito Federal, bem como à consolidação de dados sobre repasses, dotações, empenhos e liquidações vinculados às políticas públicas executadas por m",https://ple.cl.df.gov.br/pleservico/api/public/proposicao/155532/documento/ativas,data/raw/documento-ativas/9127247ccc88c60d.json
BRB,BRB,CASO,proposição (ementa/payload),proposicao,payload,REQ 2514/2025,155532,,,,,2025-11-24,"Requer o encaminhamento de pedido de informações ao Secretário de Estado de Economia do Distrito Federal – SEEC/DF, relativas à execução orçamentária e financeira dos programas governamentais que dependem de pagamentos operacionalizados pelo Banco de Brasília – BRB, à gestão fiscal e ao acompanhamen","quer o encaminhamento de pedido de informações ao Secretário de Estado de Economia do Distrito Federal – SEEC/DF, relativas à execução orçamentária e financeira dos programas governamentais que dependem de pagamentos operacionalizados pelo Banco de Brasília – BRB, à gestão fiscal e ao acompanhamento dos impactos das oscilações financeiras recentes sobre o orçamento do Distrito Federal, bem como à consolidação de dados sobre repasses, dotações, empenhos e liquidações vinculados às políticas públicas executadas por m",https://ple.cl.df.gov.br/pleservico/api/public/proposicao/155532/documento/ativas,data/raw/documento-ativas/9127247ccc88c60d.json
BRB,BRB,CASO,proposição (ementa/payload),proposicao,ementa,REQ 2551/2025,155856,,,,,2025-12-18,Requer informações ao Banco de Brasília S.A. – BRB sobre empréstimos concedidos a diretores e administradores.,Requer informações ao Banco de Brasília S.A. – BRB sobre empréstimos concedidos a diretores e administradores.,https://ple.cl.df.gov.br/pleservico/api/public/proposicao/155856/documento/ativas,data/raw/documento-ativas/ec29bfcdb0f15170.json
BRB,BRB,CASO,proposição (ementa/payload),proposicao,payload,REQ 2551/2025,155856,,,,,2025-12-18,Requer informações ao Banco de Brasília S.A. – BRB sobre empréstimos concedidos a diretores e administradores.,"{""ano"": null, ""autores"": null, ""autoria"": ""Deputada Paula Belmonte"", ""dataAcesso"": null, ""dataLeitura"": ""2025-12-18"", ""dataLimite"": null, ""descricaoProposicao"": ""2551/2025 - Requerimento"", ""ementa"": ""Requer informações ao Banco de Brasília S.A. – BRB sobre empréstimos concedidos a diretores e administradores."", ""etapa"": ""Apresentação"", ""habilitadoOnline"": null, ""id"": 155856, ""idAutoria"": null, ""idRelator"": null, ""idTipoProposicao"": null, ""idUnidade"": null, ""idUsuarioAtribuido"": null, ""idUsuarioDisponibili",https://ple.cl.df.gov.br/pleservico/api/public/proposicao/155856/documento/ativas,data/raw/documento-ativas/ec29bfcdb0f15170.json
BRB,BRB,CASO,proposição (ementa/payload),proposicao,ementa,REQ 2553/2026,155933,,,,,2026-01-14,"Requer a convocação do Presidente do Banco de Brasília S.A. – BRB, do Secretário de Estado de Economia do Distrito Federal, do Secretário de Governo e do Chefe da Casa Civil para prestarem esclarecimentos a esta Casa Legislativa acerca de eventual plano de capitalização do BRB, do uso de recursos pú","Requer a convocação do Presidente do Banco de Brasília S.A. – BRB, do Secretário de Estado de Economia do Distrito Federal, do Secretário de Governo e do Chefe da Casa Civil para prestarem esclarecimentos a esta Casa Legislativa acerca de eventual plano de capitalização do BRB, do uso de recursos públicos e das responsabili",https://ple.cl.df.gov.br/pleservico/api/public/proposicao/155933/documento/ativas,data/raw/documento-ativas/31b12667ce25ce9c.json
BRB,BRB,CASO,proposição (ementa/payload),proposicao,payload,REQ 2553/2026,155933,,,,,2026-01-14,"Requer a convocação do Presidente do Banco de Brasília S.A. – BRB, do Secretário de Estado de Economia do Distrito Federal, do Secretário de Governo e do Chefe da Casa Civil para prestarem esclarecimentos a esta Casa Legislativa acerca de eventual plano de capitalização do BRB, do uso de recursos pú","ano"": null, ""autores"": null, ""autoria"": ""Deputada Paula Belmonte"", ""dataAcesso"": null, ""dataLeitura"": ""2026-01-14"", ""dataLimite"": null, ""descricaoProposicao"": ""2553/2026 - Requerimento"", ""ementa"": ""Requer a convocação do Presidente do Banco de Brasília S.A. – BRB, do Secretário de Estado de Economia do Distrito Federal, do Secretário de Governo e do Chefe da Casa Civil para prestarem esclarecimentos a esta Casa Legislativa acerca de eventual plano de capitalização do BRB, do uso de recursos públicos e das responsab",https://ple.cl.df.gov.br/pleservico/api/public/proposicao/155933/documento/ativas,data/raw/documento-ativas/31b12667ce25ce9c.json
BRB,BRB,CASO,proposição (ementa/payload),proposicao,ementa,REQ 2560/2026,155986,,,,,2026-01-28,Requer a convocação do Presidente do Banco de Brasília S.A. – BRB para esclarecer os prejuízos nas operações com o Banco Master e o plano de aporte,Requer a convocação do Presidente do Banco de Brasília S.A. – BRB para esclarecer os prejuízos nas operações com o Banco Master e o plano de aporte,https://ple.cl.df.gov.br/pleservico/api/public/proposicao/155986/documento/ativas,data/raw/documento-ativas/fd4bed7e2e661647.json
BRB,BRB,CASO,proposição (ementa/payload),proposicao,payload,REQ 2560/2026,155986,,,,,2026-01-28,Requer a convocação do Presidente do Banco de Brasília S.A. – BRB para esclarecer os prejuízos nas operações com o Banco Master e o plano de aporte,"{""ano"": null, ""autores"": null, ""autoria"": ""Deputado Fábio Felix"", ""dataAcesso"": null, ""dataLeitura"": ""2026-01-28"", ""dataLimite"": null, ""descricaoProposicao"": ""2560/2026 - Requerimento"", ""ementa"": ""Requer a convocação do Presidente do Banco de Brasília S.A. – BRB para esclarecer os prejuízos nas operações com o Banco Master e o plano de aporte"", ""etapa"": ""Apresentação"", ""habilitadoOnline"": null, ""id"": 155986, ""idAutoria"": null, ""idRelator"": null, ""idTipoProposicao"": null, ""idUnidade"": null, ""idUsuarioAtribuido"": nul",https://ple.cl.df.gov.br/pleservico/api/public/proposicao/155986/documento/ativas,data/raw/documento-ativas/fd4bed7e2e661647.json
BRB,BRB,CASO,proposição (ementa/payload),proposicao,ementa,REQ 2561/2026,156082,,,,,2026-01-28,Requer a convocação do Presidente do Banco de Brasília S.A. – BRB para esclarecer os prejuízos nas operações com o Banco Master e o plano de aporte,Requer a convocação do Presidente do Banco de Brasília S.A. – BRB para esclarecer os prejuízos nas operações com o Banco Master e o plano de aporte,https://ple.cl.df.gov.br/pleservico/api/public/proposicao/156082/documento/ativas,data/raw/documento-ativas/ff85ce3591c8f529.json
BRB,BRB,CASO,proposição (ementa/payload),proposicao,payload,REQ 2561/2026,156082,,,,,2026-01-28,Requer a convocação do Presidente do Banco de Brasília S.A. – BRB para esclarecer os prejuízos nas operações com o Banco Master e o plano de aporte,"es"": null, ""autoria"": ""Deputado Fábio Felix, Deputado Max Maciel"", ""dataAcesso"": null, ""dataLeitura"": ""2026-01-28"", ""dataLimite"": null, ""descricaoProposicao"": ""2561/2026 - Requerimento"", ""ementa"": ""Requer a convocação do Presidente do Banco de Brasília S.A. – BRB para esclarecer os prejuízos nas operações com o Banco Master e o plano de aporte"", ""etapa"": ""Apresentação"", ""habilitadoOnline"": null, ""id"": 156082, ""idAutoria"": null, ""idRelator"": null, ""idTipoProposicao"": null, ""idUnidade"": null, ""idUsuarioAtribuido"": nu",https://ple.cl.df.gov.br/pleservico/api/public/proposicao/156082/documento/ativas,data/raw/documento-ativas/ff85ce3591c8f529.json
BRB,BRB,CASO,proposição (ementa/payload),proposicao,ementa,REQ 2564/2026,156126,,,,,2026-02-02, Requer ao Presidente do BRB S.A. as informações relativas às operações com o Banco Master e à tentativa de aquisição societária,Requer ao Presidente do BRB S.A. as informações relativas às operações com o Banco Master e à tentativa de aquisição societária,https://ple.cl.df.gov.br/pleservico/api/public/proposicao/156126/documento/ativas,data/raw/documento-ativas/fa7ff28ec3e047b2.json
BRB,BRB,CASO,proposição (ementa/payload),proposicao,payload,REQ 2564/2026,156126,,,,,2026-02-02, Requer ao Presidente do BRB S.A. as informações relativas às operações com o Banco Master e à tentativa de aquisição societária,"{""ano"": null, ""autores"": null, ""autoria"": ""Deputado Fábio Felix"", ""dataAcesso"": null, ""dataLeitura"": ""2026-02-02"", ""dataLimite"": null, ""descricaoProposicao"": ""2564/2026 - Requerimento"", ""ementa"": "" Requer ao Presidente do BRB S.A. as informações relativas às operações com o Banco Master e à tentativa de aquisição societária"", ""etapa"": ""Apresentação"", ""habilitadoOnline"": null, ""id"": 156126, ""idAutoria"": null, ""idRelator"": null, ""idTipoProposicao"": null, ""idUnidade"": null, ""idUsuari",https://ple.cl.df.gov.br/pleservico/api/public/proposicao/156126/documento/ativas,data/raw/documento-ativas/fa7ff28ec3e047b2.json
BRB,BRB,CASO,proposição (ementa/payload),proposicao,ementa,REQ 2575/2026,156218,,,,,2026-02-09,Requer seja encaminhado pedido de informações ao Presidente do Banco de Brasília - BRB.,Requer seja encaminhado pedido de informações ao Presidente do Banco de Brasília - BRB.,https://ple.cl.df.gov.br/pleservico/api/public/proposicao/156218/documento/ativas,data/raw/documento-ativas/975b03c9d27243ac.json
BRB,BRB,CASO,proposição (ementa/payload),proposicao,payload,REQ 2575/2026,156218,,,,,2026-02-09,Requer seja encaminhado pedido de informações ao Presidente do Banco de Brasília - BRB.,"putado Ricardo Vale, Deputado Gabriel Magno"", ""dataAcesso"": null, ""dataLeitura"": ""2026-02-09"", ""dataLimite"": null, ""descricaoProposicao"": ""2575/2026 - Requerimento"", ""ementa"": ""Requer seja encaminhado pedido de informações ao Presidente do Banco de Brasília - BRB."", ""etapa"": ""Apresentação"", ""habilitadoOnline"": null, ""id"": 156218, ""idAutoria"": null, ""idRelator"": null, ""idTipoProposicao"": null, ""idUnidade"": null, ""idUsuarioAtribuido"": null, ""idUsuarioDisponibilizado"": null, ""idsMarcadores"": [], ""parecer"": null, ""pesq",https://ple.cl.df.gov.br/pleservico/api/public/proposicao/156218/documento/ativas,data/raw/documento-ativas/975b03c9d27243ac.json
BRB,BRB,CASO,proposição (ementa/payload),proposicao,ementa,REQ 2603/2026,156349,,,,,2026-02-23,Requer a convocação do atual Presidente do Banco de Brasília (BRB),Requer a convocação do atual Presidente do Banco de Brasília (BRB),https://ple.cl.df.gov.br/pleservico/api/public/proposicao/156349/documento/ativas,data/raw/documento-ativas/f6d19feca5f3d544.json
BRB,BRB,CASO,proposição (ementa/payload),proposicao,payload,REQ 2603/2026,156349,,,,,2026-02-23,Requer a convocação do atual Presidente do Banco de Brasília (BRB),"o Chico Vigilante, Deputado Ricardo Vale, Deputado Gabriel Magno"", ""dataAcesso"": null, ""dataLeitura"": ""2026-02-23"", ""dataLimite"": null, ""descricaoProposicao"": ""2603/2026 - Requerimento"", ""ementa"": ""Requer a convocação do atual Presidente do Banco de Brasília (BRB)"", ""etapa"": ""Apresentação"", ""habilitadoOnline"": null, ""id"": 156349, ""idAutoria"": null, ""idRelator"": null, ""idTipoProposicao"": null, ""idUnidade"": null, ""idUsuarioAtribuido"": null, ""idUsuarioDisponibilizado"": null, ""idsMarcadores"": [], ""parecer"": null, ""pesq",https://ple.cl.df.gov.br/pleservico/api/public/proposicao/156349/documento/ativas,data/raw/documento-ativas/f6d19feca5f3d544.json
BRB,BRB,CASO,proposição (ementa/payload),proposicao,ementa,REQ 2607/2026,156364,,,,,2026-02-23,"Requer o convite do Presidente do Banco de Brasília S.A. – BRB para esclarecer os prejuízos nas operações com o Banco Master, o plano de aporte e os resultados apurados com a auditoria contratada.","Requer o convite do Presidente do Banco de Brasília S.A. – BRB para esclarecer os prejuízos nas operações com o Banco Master, o plano de aporte e os resultados apurados com a auditoria contratada.",https://ple.cl.df.gov.br/pleservico/api/public/proposicao/156364/documento/ativas,data/raw/documento-ativas/f01bcd5b934b51b4.json
BRB,BRB,CASO,proposição (ementa/payload),proposicao,payload,REQ 2607/2026,156364,,,,,2026-02-23,"Requer o convite do Presidente do Banco de Brasília S.A. – BRB para esclarecer os prejuízos nas operações com o Banco Master, o plano de aporte e os resultados apurados com a auditoria contratada.","null, ""autores"": null, ""autoria"": ""Deputado Pastor Daniel de Castro"", ""dataAcesso"": null, ""dataLeitura"": ""2026-02-23"", ""dataLimite"": null, ""descricaoProposicao"": ""2607/2026 - Requerimento"", ""ementa"": ""Requer o convite do Presidente do Banco de Brasília S.A. – BRB para esclarecer os prejuízos nas operações com o Banco Master, o plano de aporte e os resultados apurados com a auditoria contratada."", ""etapa"": ""Apresentação"", ""habilitadoOnline"": null, ""id"": 156364, ""idAutoria"": null, ""idRelator"": null, ""idTipoProposicao",https://ple.cl.df.gov.br/pleservico/api/public/proposicao/156364/documento/ativas,data/raw/documento-ativas/f01bcd5b934b51b4.json
BRB,BRB,CASO,proposição (ementa/payload),proposicao,ementa,REQ 2609/2026,156367,,,,,2026-02-23,"Requer junto à Companhia Imobiliária de Brasília – TERRACAP informações acerca de imóveis de sua titularidade ou gestão relacionados ao Projeto de Lei nº 2165/2026, destinados a finalidade de reforço patrimonial e suporte econômico-financeiro ao Banco de Brasília S.A. – BRB como forma de recompor o ","o à Companhia Imobiliária de Brasília – TERRACAP informações acerca de imóveis de sua titularidade ou gestão relacionados ao Projeto de Lei nº 2165/2026, destinados a finalidade de reforço patrimonial e suporte econômico-financeiro ao Banco de Brasília S.A. – BRB como forma de recompor o rombo bilionário que a gestão temerária causou o banco no atual governo do Distrito Federal.",https://ple.cl.df.gov.br/pleservico/api/public/proposicao/156367/documento/ativas,data/raw/documento-ativas/33090044ad8c5738.json
BRB,BRB,CASO,proposição (ementa/payload),proposicao,payload,REQ 2609/2026,156367,,,,,2026-02-23,"Requer junto à Companhia Imobiliária de Brasília – TERRACAP informações acerca de imóveis de sua titularidade ou gestão relacionados ao Projeto de Lei nº 2165/2026, destinados a finalidade de reforço patrimonial e suporte econômico-financeiro ao Banco de Brasília S.A. – BRB como forma de recompor o ","o à Companhia Imobiliária de Brasília – TERRACAP informações acerca de imóveis de sua titularidade ou gestão relacionados ao Projeto de Lei nº 2165/2026, destinados a finalidade de reforço patrimonial e suporte econômico-financeiro ao Banco de Brasília S.A. – BRB como forma de recompor o rombo bilionário que a gestão temerária causou o banco no atual governo do Distrito Federal."", ""etapa"": ""Apresentação"", ""habilitadoOnline"": null, ""id"": 156367, ""idAutoria"": null, ""idRelator"": null, ""idTipoProposicao"": null, ""idUnid",https://ple.cl.df.gov.br/pleservico/api/public/proposicao/156367/documento/ativas,data/raw/documento-ativas/33090044ad8c5738.json
BRB,BRB,CASO,proposição (ementa/payload),proposicao,ementa,REQ 2613/2026,156388,,,,,2026-02-24,Requer a convocação do Sr. Secretário de Estado de Economia do Distrito Federal e do Sr. Presidente do Banco de Brasília - BRB para que prestem esclarecimentos sobre a situação financeira do Banco de Brasília e sobre as medidas de socorro necessárias. ,Requer a convocação do Sr. Secretário de Estado de Economia do Distrito Federal e do Sr. Presidente do Banco de Brasília - BRB para que prestem esclarecimentos sobre a situação financeira do Banco de Brasília e sobre as medidas de socorro necessárias.,https://ple.cl.df.gov.br/pleservico/api/public/proposicao/156388/documento/ativas,data/raw/documento-ativas/64446fba4f0af7b9.json
BRB,BRB,CASO,proposição (ementa/payload),proposicao,payload,REQ 2613/2026,156388,,,,,2026-02-24,Requer a convocação do Sr. Secretário de Estado de Economia do Distrito Federal e do Sr. Presidente do Banco de Brasília - BRB para que prestem esclarecimentos sobre a situação financeira do Banco de Brasília e sobre as medidas de socorro necessárias. ,"oni"", ""dataAcesso"": null, ""dataLeitura"": ""2026-02-24"", ""dataLimite"": null, ""descricaoProposicao"": ""2613/2026 - Requerimento"", ""ementa"": ""Requer a convocação do Sr. Secretário de Estado de Economia do Distrito Federal e do Sr. Presidente do Banco de Brasília - BRB para que prestem esclarecimentos sobre a situação financeira do Banco de Brasília e sobre as medidas de socorro necessárias. "", ""etapa"": ""Apresentação"", ""habilitadoOnline"": null, ""id"": 156388, ""idAutoria"": null, ""idRelator"": null, ""idTipoProposicao"": null,",https://ple.cl.df.gov.br/pleservico/api/public/proposicao/156388/documento/ativas,data/raw/documento-ativas/64446fba4f0af7b9.json
BRB,BRB,CASO,proposição (ementa/payload),proposicao,ementa,PL 2175/2026,156411,,,,,2026-02-24,"Dispõe sobre as medidas a serem adotadas pelo Distrito Federal, na condição de acionista controlador, para o restabelecimento e fortalecimento das condições econômico-financeiras do Banco de Brasília S.A. – BRB, e dá outras providências.","Dispõe sobre as medidas a serem adotadas pelo Distrito Federal, na condição de acionista controlador, para o restabelecimento e fortalecimento das condições econômico-financeiras do Banco de Brasília S.A. – BRB, e dá outras providências.",https://ple.cl.df.gov.br/pleservico/api/public/proposicao/156411/documento/ativas,data/raw/documento-ativas/28308ee15c2f8091.json
BRB,BRB,CASO,proposição (ementa/payload),proposicao,payload,PL 2175/2026,156411,,,,,2026-02-24,"Dispõe sobre as medidas a serem adotadas pelo Distrito Federal, na condição de acionista controlador, para o restabelecimento e fortalecimento das condições econômico-financeiras do Banco de Brasília S.A. – BRB, e dá outras providências.","roposicao"": ""2175/2026 - Projeto de Lei"", ""ementa"": ""Dispõe sobre as medidas a serem adotadas pelo Distrito Federal, na condição de acionista controlador, para o restabelecimento e fortalecimento das condições econômico-financeiras do Banco de Brasília S.A. – BRB, e dá outras providências."", ""etapa"": ""Sanção Veto ou Promulgação, Retorno(Emenda)"", ""habilitadoOnline"": null, ""id"": 156411, ""idAutoria"": null, ""idRelator"": null, ""idTipoProposicao"": null, ""idUnidade"": null, ""idUsuarioAtribuido"": null, ""idUsuarioDisponibil",https://ple.cl.df.gov.br/pleservico/api/public/proposicao/156411/documento/ativas,data/raw/documento-ativas/28308ee15c2f8091.json
BRB,BRB,CASO,proposição (ementa/payload),proposicao,ementa,REQ 2630/2026,156527,,,,,2026-03-03,"Requer a convocação da Diretora-Presidente do Instituto de Previdência dos Servidores do Distrito Federal (IPREV/DF) para prestar esclarecimentos a esta Casa sobre as operações financeiras entre BRB e Banco Master, incluindo a Operação Compliance Zero, e os impactos sobre o patrimônio do servidor pú","Requer a convocação da Diretora-Presidente do Instituto de Previdência dos Servidores do Distrito Federal (IPREV/DF) para prestar esclarecimentos a esta Casa sobre as operações financeiras entre BRB e Banco Master, incluindo a Operação Compliance Zero, e os impactos sobre o patrimônio do servidor público.",https://ple.cl.df.gov.br/pleservico/api/public/proposicao/156527/documento/ativas,data/raw/documento-ativas/735024734ae7f179.json
BRB,BRB,CASO,proposição (ementa/payload),proposicao,payload,REQ 2630/2026,156527,,,,,2026-03-03,"Requer a convocação da Diretora-Presidente do Instituto de Previdência dos Servidores do Distrito Federal (IPREV/DF) para prestar esclarecimentos a esta Casa sobre as operações financeiras entre BRB e Banco Master, incluindo a Operação Compliance Zero, e os impactos sobre o patrimônio do servidor pú","l, ""descricaoProposicao"": ""2630/2026 - Requerimento"", ""ementa"": ""Requer a convocação da Diretora-Presidente do Instituto de Previdência dos Servidores do Distrito Federal (IPREV/DF) para prestar esclarecimentos a esta Casa sobre as operações financeiras entre BRB e Banco Master, incluindo a Operação Compliance Zero, e os impactos sobre o patrimônio do servidor público."", ""etapa"": ""Apresentação"", ""habilitadoOnline"": null, ""id"": 156527, ""idAutoria"": null, ""idRelator"": null, ""idTipoProposicao"": null, ""idUnidade"": null",https://ple.cl.df.gov.br/pleservico/api/public/proposicao/156527/documento/ativas,data/raw/documento-ativas/735024734ae7f179.json
BRB,BRB,CASO,proposição (ementa/payload),proposicao,ementa,REQ 2631/2026,156528,,,,,2026-03-03,"Requer a convocação do ex-Presidente do Banco de Brasília (BRB), Paulo Henrique Costa, para prestar informações a esta Casa sobre as operações financeiras entre BRB e Banco Master e a Operação Compliance Zero.","Requer a convocação do ex-Presidente do Banco de Brasília (BRB), Paulo Henrique Costa, para prestar informações a esta Casa sobre as operações financeiras entre BRB e Banco Master e a Operação Compliance Zero.",https://ple.cl.df.gov.br/pleservico/api/public/proposicao/156528/documento/ativas,data/raw/documento-ativas/8f8f9a14e450318a.json
BRB,BRB,CASO,proposição (ementa/payload),proposicao,payload,REQ 2631/2026,156528,,,,,2026-03-03,"Requer a convocação do ex-Presidente do Banco de Brasília (BRB), Paulo Henrique Costa, para prestar informações a esta Casa sobre as operações financeiras entre BRB e Banco Master e a Operação Compliance Zero.","{""ano"": null, ""autores"": null, ""autoria"": ""Deputado Gabriel Magno"", ""dataAcesso"": null, ""dataLeitura"": ""2026-03-03"", ""dataLimite"": null, ""descricaoProposicao"": ""2631/2026 - Requerimento"", ""ementa"": ""Requer a convocação do ex-Presidente do Banco de Brasília (BRB), Paulo Henrique Costa, para prestar informações a esta Casa sobre as operações financeiras entre BRB e Banco Master e a Operação Compliance Zero."", ""etapa"": ""Apresentação"", ""habilitadoOnline"": null, ""id"": 156528, ""idAutoria"": null, ""idRelator"": null, ""idTip",https://ple.cl.df.gov.br/pleservico/api/public/proposicao/156528/documento/ativas,data/raw/documento-ativas/8f8f9a14e450318a.json
BRB,BRB,CASO,proposição (ementa/payload),proposicao,ementa,REQ 2632/2026,156529,,,,,2026-03-03,Requer ao Governador do Distrito Federal informações sobre as Operações entre Banco de Brasília (BRB) e Banco Master com foco na Operação Compliance Zero.,Requer ao Governador do Distrito Federal informações sobre as Operações entre Banco de Brasília (BRB) e Banco Master com foco na Operação Compliance Zero.,https://ple.cl.df.gov.br/pleservico/api/public/proposicao/156529/documento/ativas,data/raw/documento-ativas/6b073bf597ee6be1.json
BRB,BRB,CASO,proposição (ementa/payload),proposicao,payload,REQ 2632/2026,156529,,,,,2026-03-03,Requer ao Governador do Distrito Federal informações sobre as Operações entre Banco de Brasília (BRB) e Banco Master com foco na Operação Compliance Zero.,"ria"": ""Deputado Gabriel Magno"", ""dataAcesso"": null, ""dataLeitura"": ""2026-03-03"", ""dataLimite"": null, ""descricaoProposicao"": ""2632/2026 - Requerimento"", ""ementa"": ""Requer ao Governador do Distrito Federal informações sobre as Operações entre Banco de Brasília (BRB) e Banco Master com foco na Operação Compliance Zero."", ""etapa"": ""Apresentação"", ""habilitadoOnline"": null, ""id"": 156529, ""idAutoria"": null, ""idRelator"": null, ""idTipoProposicao"": null, ""idUnidade"": null, ""idUsuarioAtribuido"": null, ""idUsuarioDisponibilizad",https://ple.cl.df.gov.br/pleservico/api/public/proposicao/156529/documento/ativas,data/raw/documento-ativas/6b073bf597ee6be1.json
BRB,BRB,CASO,proposição (ementa/payload),proposicao,ementa,REQ 2652/2026,156584,,,,,2026-03-09,"Requer a criação da ""Subcomissão do BRB-Master"", no âmbito da Comissão de Constituição e Justiça - CCJ, para a apurar as operações entre as instituições, indicar responsabilidades e fiscalizar a execução do plano de capitalização proposto ","Requer a criação da ""Subcomissão do BRB-Master"", no âmbito da Comissão de Constituição e Justiça - CCJ, para a apurar as operações entre as instituições, indicar responsabilidades e fiscalizar a execução do plano de capitalização proposto",https://ple.cl.df.gov.br/pleservico/api/public/proposicao/156584/documento/ativas,data/raw/documento-ativas/e11370cf20bc2073.json
BRB,BRB,CASO,proposição (ementa/payload),proposicao,payload,REQ 2652/2026,156584,,,,,2026-03-09,"Requer a criação da ""Subcomissão do BRB-Master"", no âmbito da Comissão de Constituição e Justiça - CCJ, para a apurar as operações entre as instituições, indicar responsabilidades e fiscalizar a execução do plano de capitalização proposto ","{""ano"": null, ""autores"": null, ""autoria"": ""Deputado Fábio Felix"", ""dataAcesso"": null, ""dataLeitura"": ""2026-03-09"", ""dataLimite"": null, ""descricaoProposicao"": ""2652/2026 - Requerimento"", ""ementa"": ""Requer a criação da \""Subcomissão do BRB-Master\"", no âmbito da Comissão de Constituição e Justiça - CCJ, para a apurar as operações entre as instituições, indicar responsabilidades e fiscalizar a execução do plano de capitalização proposto "", ""etapa"": ""Apresentação"", ""habilitadoOnline"": null, ""id"":",https://ple.cl.df.gov.br/pleservico/api/public/proposicao/156584/documento/ativas,data/raw/documento-ativas/e11370cf20bc2073.json
BRB,BRB,CASO,proposição (ementa/payload),proposicao,ementa,REQ 2653/2026,156585,,,,,2026-03-09,Requer a convocação do Sr. Secretário de Estado de Economia do Distrito Federal e do Sr. Presidente do Banco de Brasília - BRB para que prestem pessoalmente esclarecimentos sobre a situação financeira do Banco de Brasília e sobre as medidas de socorro necessárias.,Requer a convocação do Sr. Secretário de Estado de Economia do Distrito Federal e do Sr. Presidente do Banco de Brasília - BRB para que prestem pessoalmente esclarecimentos sobre a situação financeira do Banco de Brasília e sobre as medidas de socorro necessárias.,https://ple.cl.df.gov.br/pleservico/api/public/proposicao/156585/documento/ativas,data/raw/documento-ativas/2bc2da65b09d013a.json
BRB,BRB,CASO,proposição (ementa/payload),proposicao,payload,REQ 2653/2026,156585,,,,,2026-03-09,Requer a convocação do Sr. Secretário de Estado de Economia do Distrito Federal e do Sr. Presidente do Banco de Brasília - BRB para que prestem pessoalmente esclarecimentos sobre a situação financeira do Banco de Brasília e sobre as medidas de socorro necessárias.,"oni"", ""dataAcesso"": null, ""dataLeitura"": ""2026-03-09"", ""dataLimite"": null, ""descricaoProposicao"": ""2653/2026 - Requerimento"", ""ementa"": ""Requer a convocação do Sr. Secretário de Estado de Economia do Distrito Federal e do Sr. Presidente do Banco de Brasília - BRB para que prestem pessoalmente esclarecimentos sobre a situação financeira do Banco de Brasília e sobre as medidas de socorro necessárias."", ""etapa"": ""Apresentação"", ""habilitadoOnline"": null, ""id"": 156585, ""idAutoria"": null, ""idRelator"": null, ""idTipoPropos",https://ple.cl.df.gov.br/pleservico/api/public/proposicao/156585/documento/ativas,data/raw/documento-ativas/2bc2da65b09d013a.json
BRB,BRB,CASO,proposição (ementa/payload),proposicao,ementa,REQ 2664/2026,156635,,,,,2026-03-11,"Requer o encaminhamento de pedido de informações ao Governador do Distrito Federal sobre contrato de cessão de direitos firmado entre seu escritório de advocacia e a Reag Gestora, bem como sobre a eventual existência de conflitos de interesses em operações do Banco de Brasília – BRB envolvendo o Ban","nto de pedido de informações ao Governador do Distrito Federal sobre contrato de cessão de direitos firmado entre seu escritório de advocacia e a Reag Gestora, bem como sobre a eventual existência de conflitos de interesses em operações do Banco de Brasília – BRB envolvendo o Banco Master e entes coligados.",https://ple.cl.df.gov.br/pleservico/api/public/proposicao/156635/documento/ativas,data/raw/documento-ativas/d6bab849d0b6f93c.json
BRB,BRB,CASO,proposição (ementa/payload),proposicao,payload,REQ 2664/2026,156635,,,,,2026-03-11,"Requer o encaminhamento de pedido de informações ao Governador do Distrito Federal sobre contrato de cessão de direitos firmado entre seu escritório de advocacia e a Reag Gestora, bem como sobre a eventual existência de conflitos de interesses em operações do Banco de Brasília – BRB envolvendo o Ban","nto de pedido de informações ao Governador do Distrito Federal sobre contrato de cessão de direitos firmado entre seu escritório de advocacia e a Reag Gestora, bem como sobre a eventual existência de conflitos de interesses em operações do Banco de Brasília – BRB envolvendo o Banco Master e entes coligados.\n"", ""etapa"": ""Apresentação"", ""habilitadoOnline"": null, ""id"": 156635, ""idAutoria"": null, ""idRelator"": null, ""idTipoProposicao"": null, ""idUnidade"": null, ""idUsuarioAtribuido"": null, ""idUsuarioDisponibilizado"": nul",https://ple.cl.df.gov.br/pleservico/api/public/proposicao/156635/documento/ativas,data/raw/documento-ativas/d6bab849d0b6f93c.json
BRB,BRB,CASO,proposição (ementa/payload),proposicao,ementa,REQ 2665/2026,156639,,,,,2026-03-11,"Requer o encaminhamento de pedido de informações à Controladoria-Geral do Distrito Federal acerca de eventual análise de integridade, governança e conflito de interesses envolvendo operações do Banco de Brasília – BRB relacionadas ao Banco Master e estruturas financeiras associadas.","Requer o encaminhamento de pedido de informações à Controladoria-Geral do Distrito Federal acerca de eventual análise de integridade, governança e conflito de interesses envolvendo operações do Banco de Brasília – BRB relacionadas ao Banco Master e estruturas financeiras associadas.",https://ple.cl.df.gov.br/pleservico/api/public/proposicao/156639/documento/ativas,data/raw/documento-ativas/c16ac29988ccfb46.json
BRB,BRB,CASO,proposição (ementa/payload),proposicao,payload,REQ 2665/2026,156639,,,,,2026-03-11,"Requer o encaminhamento de pedido de informações à Controladoria-Geral do Distrito Federal acerca de eventual análise de integridade, governança e conflito de interesses envolvendo operações do Banco de Brasília – BRB relacionadas ao Banco Master e estruturas financeiras associadas.","icao"": ""2665/2026 - Requerimento"", ""ementa"": ""Requer o encaminhamento de pedido de informações à Controladoria-Geral do Distrito Federal acerca de eventual análise de integridade, governança e conflito de interesses envolvendo operações do Banco de Brasília – BRB relacionadas ao Banco Master e estruturas financeiras associadas."", ""etapa"": ""Apresentação"", ""habilitadoOnline"": null, ""id"": 156639, ""idAutoria"": null, ""idRelator"": null, ""idTipoProposicao"": null, ""idUnidade"": null, ""idUsuarioAtribuido"": null, ""idUsuarioDi",https://ple.cl.df.gov.br/pleservico/api/public/proposicao/156639/documento/ativas,data/raw/documento-ativas/c16ac29988ccfb46.json
BRB,BRB,CASO,proposição (ementa/payload),proposicao,ementa,REQ 2663/2026,156640,,,,,2026-03-11,"Requer o encaminhamento de pedido de informações ao Banco de Brasília S.A. – BRB acerca de análises de integridade, governança e gestão de riscos relacionadas a operações financeiras envolvendo ativos vinculados ao Banco Master e estruturas financeiras associadas.","Requer o encaminhamento de pedido de informações ao Banco de Brasília S.A. – BRB acerca de análises de integridade, governança e gestão de riscos relacionadas a operações financeiras envolvendo ativos vinculados ao Banco Master e estruturas financeiras associadas.",https://ple.cl.df.gov.br/pleservico/api/public/proposicao/156640/documento/ativas,data/raw/documento-ativas/c656efa561a3b41a.json
BRB,BRB,CASO,proposição (ementa/payload),proposicao,payload,REQ 2663/2026,156640,,,,,2026-03-11,"Requer o encaminhamento de pedido de informações ao Banco de Brasília S.A. – BRB acerca de análises de integridade, governança e gestão de riscos relacionadas a operações financeiras envolvendo ativos vinculados ao Banco Master e estruturas financeiras associadas.","""autores"": null, ""autoria"": ""Deputado Max Maciel"", ""dataAcesso"": null, ""dataLeitura"": ""2026-03-11"", ""dataLimite"": null, ""descricaoProposicao"": ""2663/2026 - Requerimento"", ""ementa"": ""Requer o encaminhamento de pedido de informações ao Banco de Brasília S.A. – BRB acerca de análises de integridade, governança e gestão de riscos relacionadas a operações financeiras envolvendo ativos vinculados ao Banco Master e estruturas financeiras associadas."", ""etapa"": ""Apresentação"", ""habilitadoOnline"": null, ""id"": 156640, ""idAut",https://ple.cl.df.gov.br/pleservico/api/public/proposicao/156640/documento/ativas,data/raw/documento-ativas/c656efa561a3b41a.json
BRB,BRB,CASO,proposição (ementa/payload),proposicao,ementa,REQ 2728/2026,157014,,,,,2026-04-07,Requer informações ao Banco de Brasília S.A. – BRB sobre compensações e tentativas de recuperação patrimonial decorrentes da aquisição de ativos originários do Banco Master,Requer informações ao Banco de Brasília S.A. – BRB sobre compensações e tentativas de recuperação patrimonial decorrentes da aquisição de ativos originários do Banco Master,https://ple.cl.df.gov.br/pleservico/api/public/proposicao/157014/documento/ativas,data/raw/documento-ativas/eeb0f77b9e535d84.json
BRB,BRB,CASO,proposição (ementa/payload),proposicao,payload,REQ 2728/2026,157014,,,,,2026-04-07,Requer informações ao Banco de Brasília S.A. – BRB sobre compensações e tentativas de recuperação patrimonial decorrentes da aquisição de ativos originários do Banco Master,"{""ano"": null, ""autores"": null, ""autoria"": ""Deputado Fábio Felix"", ""dataAcesso"": null, ""dataLeitura"": ""2026-04-07"", ""dataLimite"": null, ""descricaoProposicao"": ""2728/2026 - Requerimento"", ""ementa"": ""Requer informações ao Banco de Brasília S.A. – BRB sobre compensações e tentativas de recuperação patrimonial decorrentes da aquisição de ativos originários do Banco Master"", ""etapa"": ""Apresentação"", ""habilitadoOnline"": null, ""id"": 157014, ""idAutoria"": null, ""idRelator"": null, ""idTipoProposicao"": null, ""idUni",https://ple.cl.df.gov.br/pleservico/api/public/proposicao/157014/documento/ativas,data/raw/documento-ativas/eeb0f77b9e535d84.json
BRB,BRB,CASO,proposição (ementa/payload),proposicao,ementa,REQ 2729/2026,157017,,,,,2026-04-07,"Reque informações acerca de atuação institucional, consultiva e contenciosa, da Procuradoria-Geral do Distrito Federal – PGDF, relacionada às negociações, tentativas de aquisição de ativos e demais operações envolvendo o Banco de Brasília S.A. – BRB e o Banco Master","Reque informações acerca de atuação institucional, consultiva e contenciosa, da Procuradoria-Geral do Distrito Federal – PGDF, relacionada às negociações, tentativas de aquisição de ativos e demais operações envolvendo o Banco de Brasília S.A. – BRB e o Banco Master",https://ple.cl.df.gov.br/pleservico/api/public/proposicao/157017/documento/ativas,data/raw/documento-ativas/f36f7c7e7204de8d.json
BRB,BRB,CASO,proposição (ementa/payload),proposicao,payload,REQ 2729/2026,157017,,,,,2026-04-07,"Reque informações acerca de atuação institucional, consultiva e contenciosa, da Procuradoria-Geral do Distrito Federal – PGDF, relacionada às negociações, tentativas de aquisição de ativos e demais operações envolvendo o Banco de Brasília S.A. – BRB e o Banco Master",""", ""ementa"": ""Reque informações acerca de atuação institucional, consultiva e contenciosa, da Procuradoria-Geral do Distrito Federal – PGDF, relacionada às negociações, tentativas de aquisição de ativos e demais operações envolvendo o Banco de Brasília S.A. – BRB e o Banco Master"", ""etapa"": ""Apresentação"", ""habilitadoOnline"": null, ""id"": 157017, ""idAutoria"": null, ""idRelator"": null, ""idTipoProposicao"": null, ""idUnidade"": null, ""idUsuarioAtribuido"": null, ""idUsuarioDisponibilizado"": null, ""idsMarcadores"": [], ""parec",https://ple.cl.df.gov.br/pleservico/api/public/proposicao/157017/documento/ativas,data/raw/documento-ativas/f36f7c7e7204de8d.json
BRB,BRB,CASO,proposição (ementa/payload),proposicao,ementa,REQ 2725/2026,157105,,,,,2026-04-06,Requer a convocação do Sr. Presidente do Banco de Brasília - BRB para que preste pessoalmente esclarecimentos sobre a situação financeira do Banco de Brasília e sobre as medidas de socorro necessárias. ,Requer a convocação do Sr. Presidente do Banco de Brasília - BRB para que preste pessoalmente esclarecimentos sobre a situação financeira do Banco de Brasília e sobre as medidas de socorro necessárias.,https://ple.cl.df.gov.br/pleservico/api/public/proposicao/157105/documento/ativas,data/raw/documento-ativas/633c101e223ee941.json
BRB,BRB,CASO,proposição (ementa/payload),proposicao,payload,REQ 2725/2026,157105,,,,,2026-04-06,Requer a convocação do Sr. Presidente do Banco de Brasília - BRB para que preste pessoalmente esclarecimentos sobre a situação financeira do Banco de Brasília e sobre as medidas de socorro necessárias. ,"""ano"": null, ""autores"": null, ""autoria"": ""Deputado Thiago Manzoni"", ""dataAcesso"": null, ""dataLeitura"": ""2026-04-06"", ""dataLimite"": null, ""descricaoProposicao"": ""2725/2026 - Requerimento"", ""ementa"": ""Requer a convocação do Sr. Presidente do Banco de Brasília - BRB para que preste pessoalmente esclarecimentos sobre a situação financeira do Banco de Brasília e sobre as medidas de socorro necessárias. "", ""etapa"": ""Apresentação"", ""habilitadoOnline"": null, ""id"": 157105, ""idAutoria"": null, ""idRelator"": null, ""idTipoPropos",https://ple.cl.df.gov.br/pleservico/api/public/proposicao/157105/documento/ativas,data/raw/documento-ativas/633c101e223ee941.json
BRB,BRB,CASO,proposição (ementa/payload),proposicao,ementa,REQ 2760/2026,157118,,,,,2026-04-23,"Requer o encaminhamento de pedido de informações ao Presidente do Banco de Brasília S.A. – BRB, acerca da situação econômico-financeira, patrimonial, de governança e do plano de capitalização da instituição.","Requer o encaminhamento de pedido de informações ao Presidente do Banco de Brasília S.A. – BRB, acerca da situação econômico-financeira, patrimonial, de governança e do plano de capitalização da instituição.",https://ple.cl.df.gov.br/pleservico/api/public/proposicao/157118/documento/ativas,data/raw/documento-ativas/9fead9fa565cbe72.json
BRB,BRB,CASO,proposição (ementa/payload),proposicao,payload,REQ 2760/2026,157118,,,,,2026-04-23,"Requer o encaminhamento de pedido de informações ao Presidente do Banco de Brasília S.A. – BRB, acerca da situação econômico-financeira, patrimonial, de governança e do plano de capitalização da instituição.","""autoria"": ""Deputada Paula Belmonte"", ""dataAcesso"": null, ""dataLeitura"": ""2026-04-23"", ""dataLimite"": null, ""descricaoProposicao"": ""2760/2026 - Requerimento"", ""ementa"": ""Requer o encaminhamento de pedido de informações ao Presidente do Banco de Brasília S.A. – BRB, acerca da situação econômico-financeira, patrimonial, de governança e do plano de capitalização da instituição."", ""etapa"": ""Apresentação"", ""habilitadoOnline"": null, ""id"": 157118, ""idAutoria"": null, ""idRelator"": null, ""idTipoProposicao"": null, ""idUnidade"":",https://ple.cl.df.gov.br/pleservico/api/public/proposicao/157118/documento/ativas,data/raw/documento-ativas/9fead9fa565cbe72.json
BRB,BRB,CASO,proposição (ementa/payload),proposicao,ementa,REQ 2749/2026,157240,,,,,2026-04-16,Requer ao Banco de Brasília S;.A BRB informações que específica. ,Requer ao Banco de Brasília S;.A BRB informações que específica.,https://ple.cl.df.gov.br/pleservico/api/public/proposicao/157240/documento/ativas,data/raw/documento-ativas/048427673dbf1774.json
BRB,BRB,CASO,proposição (ementa/payload),proposicao,payload,REQ 2749/2026,157240,,,,,2026-04-16,Requer ao Banco de Brasília S;.A BRB informações que específica. ,"s"": null, ""autoria"": ""Deputado Ricardo Vale, Deputado Gabriel Magno, Deputado Chico Vigilante"", ""dataAcesso"": null, ""dataLeitura"": ""2026-04-16"", ""dataLimite"": null, ""descricaoProposicao"": ""2749/2026 - Requerimento"", ""ementa"": ""Requer ao Banco de Brasília S;.A BRB informações que específica. "", ""etapa"": ""Apresentação"", ""habilitadoOnline"": null, ""id"": 157240, ""idAutoria"": null, ""idRelator"": null, ""idTipoProposicao"": null, ""idUnidade"": null, ""idUsuarioAtribuido"": null, ""idUsuarioDisponibilizado"": null, ""idsMarcadores""",https://ple.cl.df.gov.br/pleservico/api/public/proposicao/157240/documento/ativas,data/raw/documento-ativas/048427673dbf1774.json
BRB,BRB,CASO,proposição (ementa/payload),proposicao,ementa,PL 2363/2026,158171,,,,,2026-06-03,"Altera a Lei nº 7.845, de 10 de março de 2026, que “dispõe sobre as medidas a serem adotadas pelo Distrito Federal, na condição de acionista controlador, para o restabelecimento e fortalecimento das condições econômico-financeiras do Banco de Brasília S.A. – BRB”, ratifica os termos do acordo homolo","Altera a Lei nº 7.845, de 10 de março de 2026, que “dispõe sobre as medidas a serem adotadas pelo Distrito Federal, na condição de acionista controlador, para o restabelecimento e fortalecimento das condições econômico-financeiras do Banco de Brasília S.A. – BRB”, ratifica os termos do acordo homologado pelo Supremo Tribunal Federal na Ação Cível Originária nº 3755, autoriza o Poder Executivo do Distrito Federal a celebrar operação de crédito com o Fundo Garantidor de Créditos - FGC, prestar contragarantias e dá ou",https://ple.cl.df.gov.br/pleservico/api/public/proposicao/158171/documento/ativas,data/raw/documento-ativas/be992403f31856a5.json
BRB,BRB,CASO,proposição (ementa/payload),proposicao,payload,PL 2363/2026,158171,,,,,2026-06-03,"Altera a Lei nº 7.845, de 10 de março de 2026, que “dispõe sobre as medidas a serem adotadas pelo Distrito Federal, na condição de acionista controlador, para o restabelecimento e fortalecimento das condições econômico-financeiras do Banco de Brasília S.A. – BRB”, ratifica os termos do acordo homolo","""Altera a Lei nº 7.845, de 10 de março de 2026, que “dispõe sobre as medidas a serem adotadas pelo Distrito Federal, na condição de acionista controlador, para o restabelecimento e fortalecimento das condições econômico-financeiras do Banco de Brasília S.A. – BRB”, ratifica os termos do acordo homologado pelo Supremo Tribunal Federal na Ação Cível Originária nº 3755, autoriza o Poder Executivo do Distrito Federal a celebrar operação de crédito com o Fundo Garantidor de Créditos - FGC, prestar contragarantias e dá o",https://ple.cl.df.gov.br/pleservico/api/public/proposicao/158171/documento/ativas,data/raw/documento-ativas/be992403f31856a5.json
BRB,BRB,CASO,proposição (ementa/payload),proposicao,ementa,REQ 3052/2026,159033,,,,,2026-08-20,"Requer ao Poder Executivo do Distrito Federal, por intermédio da Secretaria de Estado de Economia, e, por seu intermédio, ao Banco de Brasília S.A. – BRB, informações acerca da situação econômico-financeira da instituição, da não divulgação de suas demonstrações financeiras, das penalidades aplicada","Requer ao Poder Executivo do Distrito Federal, por intermédio da Secretaria de Estado de Economia, e, por seu intermédio, ao Banco de Brasília S.A. – BRB, informações acerca da situação econômico-financeira da instituição, da não divulgação de suas demonstrações financeiras, das penalidades aplicadas pela Comissão de Valores Mobiliários – CVM, do pedido de assistência financeira formulado ao Fundo Garantidor d",https://ple.cl.df.gov.br/pleservico/api/public/proposicao/159033/documento/ativas,data/raw/documento-ativas/8e45a870a39d1811.json
BRB,BRB,CASO,proposição (ementa/payload),proposicao,payload,REQ 3052/2026,159033,,,,,2026-08-20,"Requer ao Poder Executivo do Distrito Federal, por intermédio da Secretaria de Estado de Economia, e, por seu intermédio, ao Banco de Brasília S.A. – BRB, informações acerca da situação econômico-financeira da instituição, da não divulgação de suas demonstrações financeiras, das penalidades aplicada","dataLeitura"": ""2026-08-20"", ""dataLimite"": null, ""descricaoProposicao"": ""3052/2026 - Requerimento"", ""ementa"": ""Requer ao Poder Executivo do Distrito Federal, por intermédio da Secretaria de Estado de Economia, e, por seu intermédio, ao Banco de Brasília S.A. – BRB, informações acerca da situação econômico-financeira da instituição, da não divulgação de suas demonstrações financeiras, das penalidades aplicadas pela Comissão de Valores Mobiliários – CVM, do pedido de assistência financeira formulado ao Fundo Garantido",https://ple.cl.df.gov.br/pleservico/api/public/proposicao/159033/documento/ativas,data/raw/documento-ativas/8e45a870a39d1811.json
Master,Master,CASO,proposição (ementa/payload),proposicao,ementa,REQ 1934/2025,151763,,,,,2025-03-31,Requer o CONVITE do Presidente do Banco de Brasília - BRB para comparecer à Câmara Legislativa do Distrito Federal para explicar e debater a compra de parte das ações do Banco Master.  ,Requer o CONVITE do Presidente do Banco de Brasília - BRB para comparecer à Câmara Legislativa do Distrito Federal para explicar e debater a compra de parte das ações do Banco Master.,https://ple.cl.df.gov.br/pleservico/api/public/proposicao/151763/documento/ativas,data/raw/documento-ativas/d11847a502435be1.json
Master,Master,CASO,proposição (ementa/payload),proposicao,payload,REQ 1934/2025,151763,,,,,2025-03-31,Requer o CONVITE do Presidente do Banco de Brasília - BRB para comparecer à Câmara Legislativa do Distrito Federal para explicar e debater a compra de parte das ações do Banco Master.  ,", ""dataLimite"": null, ""descricaoProposicao"": ""1934/2025 - Requerimento"", ""ementa"": ""Requer o CONVITE do Presidente do Banco de Brasília - BRB para comparecer à Câmara Legislativa do Distrito Federal para explicar e debater a compra de parte das ações do Banco Master.\n\n"", ""etapa"": ""Apresentação"", ""habilitadoOnline"": null, ""id"": 151763, ""idAutoria"": null, ""idRelator"": null, ""idTipoProposicao"": null, ""idUnidade"": null, ""idUsuarioAtribuido"": null, ""idUsuarioDisponibilizado"": null, ""idsMarcadores"": [], ""parecer"": null",https://ple.cl.df.gov.br/pleservico/api/public/proposicao/151763/documento/ativas,data/raw/documento-ativas/d11847a502435be1.json
Master,Master,CASO,proposição (ementa/payload),proposicao,ementa,REQ 1938/2025,151794,,,,,2025-04-01,Requer ao Banco de Brasília o encaminhamento de informações sobre os atos e fatos relacionados ao Fato Relevante da Operação junto ao Banco Master.,Requer ao Banco de Brasília o encaminhamento de informações sobre os atos e fatos relacionados ao Fato Relevante da Operação junto ao Banco Master.,https://ple.cl.df.gov.br/pleservico/api/public/proposicao/151794/documento/ativas,data/raw/documento-ativas/41cd5ffa5405c51e.json
Master,Master,CASO,proposição (ementa/payload),proposicao,payload,REQ 1938/2025,151794,,,,,2025-04-01,Requer ao Banco de Brasília o encaminhamento de informações sobre os atos e fatos relacionados ao Fato Relevante da Operação junto ao Banco Master.,""": null, ""dataLeitura"": ""2025-04-01"", ""dataLimite"": null, ""descricaoProposicao"": ""1938/2025 - Requerimento"", ""ementa"": ""Requer ao Banco de Brasília o encaminhamento de informações sobre os atos e fatos relacionados ao Fato Relevante da Operação junto ao Banco Master."", ""etapa"": ""Apresentação"", ""habilitadoOnline"": null, ""id"": 151794, ""idAutoria"": null, ""idRelator"": null, ""idTipoProposicao"": null, ""idUnidade"": null, ""idUsuarioAtribuido"": null, ""idUsuarioDisponibilizado"": null, ""idsMarcadores"": [], ""parecer"": null, ""p",https://ple.cl.df.gov.br/pleservico/api/public/proposicao/151794/documento/ativas,data/raw/documento-ativas/41cd5ffa5405c51e.json
Master,Master,CASO,proposição (ementa/payload),proposicao,ementa,REQ 1965/2025,151905,,,,,2025-04-14,Requer ao Presidente do BRB S.A. informações a respeito da aquisição do Banco Master,Requer ao Presidente do BRB S.A. informações a respeito da aquisição do Banco Master,https://ple.cl.df.gov.br/pleservico/api/public/proposicao/151905/documento/ativas,data/raw/documento-ativas/19417b81d021dc96.json
Master,Master,CASO,proposição (ementa/payload),proposicao,payload,REQ 1965/2025,151905,,,,,2025-04-14,Requer ao Presidente do BRB S.A. informações a respeito da aquisição do Banco Master,"autores"": null, ""autoria"": ""Deputado Fábio Felix"", ""dataAcesso"": null, ""dataLeitura"": ""2025-04-14"", ""dataLimite"": null, ""descricaoProposicao"": ""1965/2025 - Requerimento"", ""ementa"": ""Requer ao Presidente do BRB S.A. informações a respeito da aquisição do Banco Master"", ""etapa"": ""Apresentação"", ""habilitadoOnline"": null, ""id"": 151905, ""idAutoria"": null, ""idRelator"": null, ""idTipoProposicao"": null, ""idUnidade"": null, ""idUsuarioAtribuido"": null, ""idUsuarioDisponibilizado"": null, ""idsMarcadores"": [], ""parecer"": null, ""pe",https://ple.cl.df.gov.br/pleservico/api/public/proposicao/151905/documento/ativas,data/raw/documento-ativas/19417b81d021dc96.json
Master,Master,CASO,proposição (ementa/payload),proposicao,ementa,REQ 2000/2025,152369,,,,,2025-05-06,Requer informações ao Presidente do Banco de Brasília sobre a aquisição do Banco Master. ,Requer informações ao Presidente do Banco de Brasília sobre a aquisição do Banco Master.,https://ple.cl.df.gov.br/pleservico/api/public/proposicao/152369/documento/ativas,data/raw/documento-ativas/57099ca6bf1ac186.json
Master,Master,CASO,proposição (ementa/payload),proposicao,payload,REQ 2000/2025,152369,,,,,2025-05-06,Requer informações ao Presidente do Banco de Brasília sobre a aquisição do Banco Master. ,"s"": null, ""autoria"": ""Deputada Paula Belmonte"", ""dataAcesso"": null, ""dataLeitura"": ""2025-05-06"", ""dataLimite"": null, ""descricaoProposicao"": ""2000/2025 - Requerimento"", ""ementa"": ""Requer informações ao Presidente do Banco de Brasília sobre a aquisição do Banco Master. "", ""etapa"": ""Apresentação"", ""habilitadoOnline"": null, ""id"": 152369, ""idAutoria"": null, ""idRelator"": null, ""idTipoProposicao"": null, ""idUnidade"": null, ""idUsuarioAtribuido"": null, ""idUsuarioDisponibilizado"": null, ""idsMarcadores"": [], ""parecer"": null, """,https://ple.cl.df.gov.br/pleservico/api/public/proposicao/152369/documento/ativas,data/raw/documento-ativas/57099ca6bf1ac186.json
Master,Master,CASO,proposição (ementa/payload),proposicao,ementa,REQ 2001/2025,152374,,,,,2025-05-06,Requer informações ao Presidente do Banco de Brasília sobre a aquisição do Banco Master. ,Requer informações ao Presidente do Banco de Brasília sobre a aquisição do Banco Master.,https://ple.cl.df.gov.br/pleservico/api/public/proposicao/152374/documento/ativas,data/raw/documento-ativas/3a4035e2da770c29.json
Master,Master,CASO,proposição (ementa/payload),proposicao,payload,REQ 2001/2025,152374,,,,,2025-05-06,Requer informações ao Presidente do Banco de Brasília sobre a aquisição do Banco Master. ,"s"": null, ""autoria"": ""Deputada Paula Belmonte"", ""dataAcesso"": null, ""dataLeitura"": ""2025-05-06"", ""dataLimite"": null, ""descricaoProposicao"": ""2001/2025 - Requerimento"", ""ementa"": ""Requer informações ao Presidente do Banco de Brasília sobre a aquisição do Banco Master. "", ""etapa"": ""Apresentação"", ""habilitadoOnline"": null, ""id"": 152374, ""idAutoria"": null, ""idRelator"": null, ""idTipoProposicao"": null, ""idUnidade"": null, ""idUsuarioAtribuido"": null, ""idUsuarioDisponibilizado"": null, ""idsMarcadores"": [], ""parecer"": null, """,https://ple.cl.df.gov.br/pleservico/api/public/proposicao/152374/documento/ativas,data/raw/documento-ativas/3a4035e2da770c29.json
Master,Master,CASO,proposição (ementa/payload),proposicao,ementa,REQ 2189/2025,153759,,,,,2025-08-14,Requer a CONVOCAÇÃO do Presidente do Banco de Brasília - BRB para comparecer à Câmara Legislativa do Distrito Federal para explicar e debater a compra de parte das ações do Banco Master após a decisão proferida em 13 de agosto de 2025 pela 7ª Turma Cível do Tribunal de Justiça do Distrito Federal e ,Requer a CONVOCAÇÃO do Presidente do Banco de Brasília - BRB para comparecer à Câmara Legislativa do Distrito Federal para explicar e debater a compra de parte das ações do Banco Master após a decisão proferida em 13 de agosto de 2025 pela 7ª Turma Cível do Tribunal de Justiça do Distrito Federal e Territórios.,https://ple.cl.df.gov.br/pleservico/api/public/proposicao/153759/documento/ativas,data/raw/documento-ativas/e6407035ccfbfc32.json
Master,Master,CASO,proposição (ementa/payload),proposicao,payload,REQ 2189/2025,153759,,,,,2025-08-14,Requer a CONVOCAÇÃO do Presidente do Banco de Brasília - BRB para comparecer à Câmara Legislativa do Distrito Federal para explicar e debater a compra de parte das ações do Banco Master após a decisão proferida em 13 de agosto de 2025 pela 7ª Turma Cível do Tribunal de Justiça do Distrito Federal e ,"dataLimite"": null, ""descricaoProposicao"": ""2189/2025 - Requerimento"", ""ementa"": ""Requer a CONVOCAÇÃO do Presidente do Banco de Brasília - BRB para comparecer à Câmara Legislativa do Distrito Federal para explicar e debater a compra de parte das ações do Banco Master após a decisão proferida em 13 de agosto de 2025 pela 7ª Turma Cível do Tribunal de Justiça do Distrito Federal e Territórios.\n\n"", ""etapa"": ""Apresentação"", ""habilitadoOnline"": null, ""id"": 153759, ""idAutoria"": null, ""idRelator"": null, ""idTipoProposicao",https://ple.cl.df.gov.br/pleservico/api/public/proposicao/153759/documento/ativas,data/raw/documento-ativas/e6407035ccfbfc32.json
Master,Master,CASO,proposição (ementa/payload),proposicao,ementa,REQ 2249/2025,154193,,,,,2025-09-09,Requer informações ao BRB S.A. sobre a operação de aquisição do Banco Master,Requer informações ao BRB S.A. sobre a operação de aquisição do Banco Master,https://ple.cl.df.gov.br/pleservico/api/public/proposicao/154193/documento/ativas,data/raw/documento-ativas/9a1731fbe5552076.json
Master,Master,CASO,proposição (ementa/payload),proposicao,payload,REQ 2249/2025,154193,,,,,2025-09-09,Requer informações ao BRB S.A. sobre a operação de aquisição do Banco Master,"null, ""autores"": null, ""autoria"": ""Deputado Fábio Felix"", ""dataAcesso"": null, ""dataLeitura"": ""2025-09-09"", ""dataLimite"": null, ""descricaoProposicao"": ""2249/2025 - Requerimento"", ""ementa"": ""Requer informações ao BRB S.A. sobre a operação de aquisição do Banco Master"", ""etapa"": ""Apresentação"", ""habilitadoOnline"": null, ""id"": 154193, ""idAutoria"": null, ""idRelator"": null, ""idTipoProposicao"": null, ""idUnidade"": null, ""idUsuarioAtribuido"": null, ""idUsuarioDisponibilizado"": null, ""idsMarcadores"": [], ""parecer"": null, ""pes",https://ple.cl.df.gov.br/pleservico/api/public/proposicao/154193/documento/ativas,data/raw/documento-ativas/9a1731fbe5552076.json
Master,Master,CASO,proposição (ementa/payload),proposicao,ementa,REQ 2510/2025,155481,,,,,2025-11-19,"Requer-se a CONVOCAÇÃO do Presidente do Banco de Brasília – BRB, Sr. Paulo Henrique, bem como do Diretor Financeiro, Sr. Dario Oswaldo, para que compareçam à Câmara Legislativa do Distrito Federal, a fim de prestarem esclarecimentos acerca das operações realizadas pelo BRB relativas à tentativa de a","bem como do Diretor Financeiro, Sr. Dario Oswaldo, para que compareçam à Câmara Legislativa do Distrito Federal, a fim de prestarem esclarecimentos acerca das operações realizadas pelo BRB relativas à tentativa de aquisição de participação acionária do Banco Master.",https://ple.cl.df.gov.br/pleservico/api/public/proposicao/155481/documento/ativas,data/raw/documento-ativas/67e3d568bd715515.json
Master,Master,CASO,proposição (ementa/payload),proposicao,payload,REQ 2510/2025,155481,,,,,2025-11-19,"Requer-se a CONVOCAÇÃO do Presidente do Banco de Brasília – BRB, Sr. Paulo Henrique, bem como do Diretor Financeiro, Sr. Dario Oswaldo, para que compareçam à Câmara Legislativa do Distrito Federal, a fim de prestarem esclarecimentos acerca das operações realizadas pelo BRB relativas à tentativa de a","bem como do Diretor Financeiro, Sr. Dario Oswaldo, para que compareçam à Câmara Legislativa do Distrito Federal, a fim de prestarem esclarecimentos acerca das operações realizadas pelo BRB relativas à tentativa de aquisição de participação acionária do Banco Master.\n\n"", ""etapa"": ""Apresentação"", ""habilitadoOnline"": null, ""id"": 155481, ""idAutoria"": null, ""idRelator"": null, ""idTipoProposicao"": null, ""idUnidade"": null, ""idUsuarioAtribuido"": null, ""idUsuarioDisponibilizado"": null, ""idsMarcadores"": [], ""parecer"": null,",https://ple.cl.df.gov.br/pleservico/api/public/proposicao/155481/documento/ativas,data/raw/documento-ativas/67e3d568bd715515.json
Master,Master,CASO,proposição (ementa/payload),proposicao,ementa,REQ 2505/2025,155500,,,,,2025-11-19,"Requer a convocação do Senhor Paulo Henrique Costa, presidente afastado do Banco de Brasília - BRB, a esta Câmara Legislativa, para prestar esclarecimentos sobre riscos de crédito e problemas de gestão à frente da presidência  do BRB, relacionados à tentativa de compra do Banco Master, à operação da","do Senhor Paulo Henrique Costa, presidente afastado do Banco de Brasília - BRB, a esta Câmara Legislativa, para prestar esclarecimentos sobre riscos de crédito e problemas de gestão à frente da presidência do BRB, relacionados à tentativa de compra do Banco Master, à operação da Polícia Federal e às decisões judiciais e do Banco Central do Brasil que afastaram o Senhor Paulo Henrique Costa da Presidência do BRB e determinaram a liquidação extrajudicial do Banco Master e o bloqueio de bens do BRB.",https://ple.cl.df.gov.br/pleservico/api/public/proposicao/155500/documento/ativas,data/raw/documento-ativas/632a52c0bc498996.json
Master,Master,CASO,proposição (ementa/payload),proposicao,payload,REQ 2505/2025,155500,,,,,2025-11-19,"Requer a convocação do Senhor Paulo Henrique Costa, presidente afastado do Banco de Brasília - BRB, a esta Câmara Legislativa, para prestar esclarecimentos sobre riscos de crédito e problemas de gestão à frente da presidência  do BRB, relacionados à tentativa de compra do Banco Master, à operação da","do Senhor Paulo Henrique Costa, presidente afastado do Banco de Brasília - BRB, a esta Câmara Legislativa, para prestar esclarecimentos sobre riscos de crédito e problemas de gestão à frente da presidência do BRB, relacionados à tentativa de compra do Banco Master, à operação da Polícia Federal e às decisões judiciais e do Banco Central do Brasil que afastaram o Senhor Paulo Henrique Costa da Presidência do BRB e determinaram a liquidação extrajudicial do Banco Master e o bloqueio de bens do BRB."", ""etapa"": ""Aprese",https://ple.cl.df.gov.br/pleservico/api/public/proposicao/155500/documento/ativas,data/raw/documento-ativas/632a52c0bc498996.json
Master,Master,CASO,proposição (ementa/payload),proposicao,ementa,REQ 2507/2025,155503,,,,,2025-11-19,"Requer a convocação do Senhor Dario Oswaldo Garcia Júnior, diretor afastado do Banco de Brasília - BRB, a esta Câmara Legislativa, para prestar esclarecimentos sobre riscos de crédito e problemas de gestão na direção do BRB, relacionados à tentativa de compra do Banco Master, à operação da Polícia F","convocação do Senhor Dario Oswaldo Garcia Júnior, diretor afastado do Banco de Brasília - BRB, a esta Câmara Legislativa, para prestar esclarecimentos sobre riscos de crédito e problemas de gestão na direção do BRB, relacionados à tentativa de compra do Banco Master, à operação da Polícia Federal e às decisões judiciais e do Banco Central do Brasil que afastaram diretores do BRB e determinaram a liquidação extrajudicial do Banco Master e o bloqueio de bens do BRB.",https://ple.cl.df.gov.br/pleservico/api/public/proposicao/155503/documento/ativas,data/raw/documento-ativas/b2c1effa17ad503d.json
Master,Master,CASO,proposição (ementa/payload),proposicao,payload,REQ 2507/2025,155503,,,,,2025-11-19,"Requer a convocação do Senhor Dario Oswaldo Garcia Júnior, diretor afastado do Banco de Brasília - BRB, a esta Câmara Legislativa, para prestar esclarecimentos sobre riscos de crédito e problemas de gestão na direção do BRB, relacionados à tentativa de compra do Banco Master, à operação da Polícia F","convocação do Senhor Dario Oswaldo Garcia Júnior, diretor afastado do Banco de Brasília - BRB, a esta Câmara Legislativa, para prestar esclarecimentos sobre riscos de crédito e problemas de gestão na direção do BRB, relacionados à tentativa de compra do Banco Master, à operação da Polícia Federal e às decisões judiciais e do Banco Central do Brasil que afastaram diretores do BRB e determinaram a liquidação extrajudicial do Banco Master e o bloqueio de bens do BRB."", ""etapa"": ""Apresentação"", ""habilitadoOnline"": null",https://ple.cl.df.gov.br/pleservico/api/public/proposicao/155503/documento/ativas,data/raw/documento-ativas/b2c1effa17ad503d.json
Master,Master,CASO,proposição (ementa/payload),proposicao,ementa,REQ 2511/2025,155506,,,,,2025-11-19,"Requer informações à presidente em exercício do Banco de Brasília - BRB sobre a real situação do banco em vista das gravíssimas denúncias de fraudes, gestão temerária e riscos associados aos investimentos feitos pelo BRB no recém liquidado Banco Master.","Requer informações à presidente em exercício do Banco de Brasília - BRB sobre a real situação do banco em vista das gravíssimas denúncias de fraudes, gestão temerária e riscos associados aos investimentos feitos pelo BRB no recém liquidado Banco Master.",https://ple.cl.df.gov.br/pleservico/api/public/proposicao/155506/documento/ativas,data/raw/documento-ativas/51e902a8d36cc0a2.json
Master,Master,CASO,proposição (ementa/payload),proposicao,payload,REQ 2511/2025,155506,,,,,2025-11-19,"Requer informações à presidente em exercício do Banco de Brasília - BRB sobre a real situação do banco em vista das gravíssimas denúncias de fraudes, gestão temerária e riscos associados aos investimentos feitos pelo BRB no recém liquidado Banco Master.",""", ""ementa"": ""Requer informações à presidente em exercício do Banco de Brasília - BRB sobre a real situação do banco em vista das gravíssimas denúncias de fraudes, gestão temerária e riscos associados aos investimentos feitos pelo BRB no recém liquidado Banco Master."", ""etapa"": ""Apresentação"", ""habilitadoOnline"": null, ""id"": 155506, ""idAutoria"": null, ""idRelator"": null, ""idTipoProposicao"": null, ""idUnidade"": null, ""idUsuarioAtribuido"": null, ""idUsuarioDisponibilizado"": null, ""idsMarcadores"": [], ""parecer"": null, ""p",https://ple.cl.df.gov.br/pleservico/api/public/proposicao/155506/documento/ativas,data/raw/documento-ativas/51e902a8d36cc0a2.json
Master,Master,CASO,proposição (ementa/payload),proposicao,ementa,REQ 2560/2026,155986,,,,,2026-01-28,Requer a convocação do Presidente do Banco de Brasília S.A. – BRB para esclarecer os prejuízos nas operações com o Banco Master e o plano de aporte,Requer a convocação do Presidente do Banco de Brasília S.A. – BRB para esclarecer os prejuízos nas operações com o Banco Master e o plano de aporte,https://ple.cl.df.gov.br/pleservico/api/public/proposicao/155986/documento/ativas,data/raw/documento-ativas/fd4bed7e2e661647.json
Master,Master,CASO,proposição (ementa/payload),proposicao,payload,REQ 2560/2026,155986,,,,,2026-01-28,Requer a convocação do Presidente do Banco de Brasília S.A. – BRB para esclarecer os prejuízos nas operações com o Banco Master e o plano de aporte,"Felix"", ""dataAcesso"": null, ""dataLeitura"": ""2026-01-28"", ""dataLimite"": null, ""descricaoProposicao"": ""2560/2026 - Requerimento"", ""ementa"": ""Requer a convocação do Presidente do Banco de Brasília S.A. – BRB para esclarecer os prejuízos nas operações com o Banco Master e o plano de aporte"", ""etapa"": ""Apresentação"", ""habilitadoOnline"": null, ""id"": 155986, ""idAutoria"": null, ""idRelator"": null, ""idTipoProposicao"": null, ""idUnidade"": null, ""idUsuarioAtribuido"": null, ""idUsuarioDisponibilizado"": null, ""idsMarcadores"": [], ",https://ple.cl.df.gov.br/pleservico/api/public/proposicao/155986/documento/ativas,data/raw/documento-ativas/fd4bed7e2e661647.json
Master,Master,CASO,proposição (ementa/payload),proposicao,ementa,REQ 2561/2026,156082,,,,,2026-01-28,Requer a convocação do Presidente do Banco de Brasília S.A. – BRB para esclarecer os prejuízos nas operações com o Banco Master e o plano de aporte,Requer a convocação do Presidente do Banco de Brasília S.A. – BRB para esclarecer os prejuízos nas operações com o Banco Master e o plano de aporte,https://ple.cl.df.gov.br/pleservico/api/public/proposicao/156082/documento/ativas,data/raw/documento-ativas/ff85ce3591c8f529.json
Master,Master,CASO,proposição (ementa/payload),proposicao,payload,REQ 2561/2026,156082,,,,,2026-01-28,Requer a convocação do Presidente do Banco de Brasília S.A. – BRB para esclarecer os prejuízos nas operações com o Banco Master e o plano de aporte,"aciel"", ""dataAcesso"": null, ""dataLeitura"": ""2026-01-28"", ""dataLimite"": null, ""descricaoProposicao"": ""2561/2026 - Requerimento"", ""ementa"": ""Requer a convocação do Presidente do Banco de Brasília S.A. – BRB para esclarecer os prejuízos nas operações com o Banco Master e o plano de aporte"", ""etapa"": ""Apresentação"", ""habilitadoOnline"": null, ""id"": 156082, ""idAutoria"": null, ""idRelator"": null, ""idTipoProposicao"": null, ""idUnidade"": null, ""idUsuarioAtribuido"": null, ""idUsuarioDisponibilizado"": null, ""idsMarcadores"": [], ",https://ple.cl.df.gov.br/pleservico/api/public/proposicao/156082/documento/ativas,data/raw/documento-ativas/ff85ce3591c8f529.json
Master,Master,CASO,proposição (ementa/payload),proposicao,ementa,REQ 2564/2026,156126,,,,,2026-02-02, Requer ao Presidente do BRB S.A. as informações relativas às operações com o Banco Master e à tentativa de aquisição societária,Requer ao Presidente do BRB S.A. as informações relativas às operações com o Banco Master e à tentativa de aquisição societária,https://ple.cl.df.gov.br/pleservico/api/public/proposicao/156126/documento/ativas,data/raw/documento-ativas/fa7ff28ec3e047b2.json
Master,Master,CASO,proposição (ementa/payload),proposicao,payload,REQ 2564/2026,156126,,,,,2026-02-02, Requer ao Presidente do BRB S.A. as informações relativas às operações com o Banco Master e à tentativa de aquisição societária,"s"": null, ""autoria"": ""Deputado Fábio Felix"", ""dataAcesso"": null, ""dataLeitura"": ""2026-02-02"", ""dataLimite"": null, ""descricaoProposicao"": ""2564/2026 - Requerimento"", ""ementa"": "" Requer ao Presidente do BRB S.A. as informações relativas às operações com o Banco Master e à tentativa de aquisição societária"", ""etapa"": ""Apresentação"", ""habilitadoOnline"": null, ""id"": 156126, ""idAutoria"": null, ""idRelator"": null, ""idTipoProposicao"": null, ""idUnidade"": null, ""idUsuarioAtribuido"": null, ""idUsuarioDisponibilizado"": null, ""id",https://ple.cl.df.gov.br/pleservico/api/public/proposicao/156126/documento/ativas,data/raw/documento-ativas/fa7ff28ec3e047b2.json
Master,Master,CASO,proposição (ementa/payload),proposicao,ementa,REQ 2607/2026,156364,,,,,2026-02-23,"Requer o convite do Presidente do Banco de Brasília S.A. – BRB para esclarecer os prejuízos nas operações com o Banco Master, o plano de aporte e os resultados apurados com a auditoria contratada.","Requer o convite do Presidente do Banco de Brasília S.A. – BRB para esclarecer os prejuízos nas operações com o Banco Master, o plano de aporte e os resultados apurados com a auditoria contratada.",https://ple.cl.df.gov.br/pleservico/api/public/proposicao/156364/documento/ativas,data/raw/documento-ativas/f01bcd5b934b51b4.json
Master,Master,CASO,proposição (ementa/payload),proposicao,payload,REQ 2607/2026,156364,,,,,2026-02-23,"Requer o convite do Presidente do Banco de Brasília S.A. – BRB para esclarecer os prejuízos nas operações com o Banco Master, o plano de aporte e os resultados apurados com a auditoria contratada.","e Castro"", ""dataAcesso"": null, ""dataLeitura"": ""2026-02-23"", ""dataLimite"": null, ""descricaoProposicao"": ""2607/2026 - Requerimento"", ""ementa"": ""Requer o convite do Presidente do Banco de Brasília S.A. – BRB para esclarecer os prejuízos nas operações com o Banco Master, o plano de aporte e os resultados apurados com a auditoria contratada."", ""etapa"": ""Apresentação"", ""habilitadoOnline"": null, ""id"": 156364, ""idAutoria"": null, ""idRelator"": null, ""idTipoProposicao"": null, ""idUnidade"": null, ""idUsuarioAtribuido"": null, ""id",https://ple.cl.df.gov.br/pleservico/api/public/proposicao/156364/documento/ativas,data/raw/documento-ativas/f01bcd5b934b51b4.json
Master,Master,CASO,proposição (ementa/payload),proposicao,ementa,REQ 2610/2026,156380,,,,,2026-02-23,"Requer a convocação da Diretora-Presidente do Instituto de Previdência dos Servidores do Distrito Federal – Iprev-DF, para prestar esclarecimentos acerca dos investimentos realizados no fundo FIP Venture Brasil Central, bem como sobre outras aplicações vinculadas ao Banco Master.","ocação da Diretora-Presidente do Instituto de Previdência dos Servidores do Distrito Federal – Iprev-DF, para prestar esclarecimentos acerca dos investimentos realizados no fundo FIP Venture Brasil Central, bem como sobre outras aplicações vinculadas ao Banco Master.",https://ple.cl.df.gov.br/pleservico/api/public/proposicao/156380/documento/ativas,data/raw/documento-ativas/3f07b2e359597be3.json
Master,Master,CASO,proposição (ementa/payload),proposicao,payload,REQ 2610/2026,156380,,,,,2026-02-23,"Requer a convocação da Diretora-Presidente do Instituto de Previdência dos Servidores do Distrito Federal – Iprev-DF, para prestar esclarecimentos acerca dos investimentos realizados no fundo FIP Venture Brasil Central, bem como sobre outras aplicações vinculadas ao Banco Master.","ocação da Diretora-Presidente do Instituto de Previdência dos Servidores do Distrito Federal – Iprev-DF, para prestar esclarecimentos acerca dos investimentos realizados no fundo FIP Venture Brasil Central, bem como sobre outras aplicações vinculadas ao Banco Master."", ""etapa"": ""Apresentação"", ""habilitadoOnline"": null, ""id"": 156380, ""idAutoria"": null, ""idRelator"": null, ""idTipoProposicao"": null, ""idUnidade"": null, ""idUsuarioAtribuido"": null, ""idUsuarioDisponibilizado"": null, ""idsMarcadores"": [], ""parecer"": null, ""p",https://ple.cl.df.gov.br/pleservico/api/public/proposicao/156380/documento/ativas,data/raw/documento-ativas/3f07b2e359597be3.json
Master,Master,CASO,proposição (ementa/payload),proposicao,ementa,REQ 2630/2026,156527,,,,,2026-03-03,"Requer a convocação da Diretora-Presidente do Instituto de Previdência dos Servidores do Distrito Federal (IPREV/DF) para prestar esclarecimentos a esta Casa sobre as operações financeiras entre BRB e Banco Master, incluindo a Operação Compliance Zero, e os impactos sobre o patrimônio do servidor pú","Requer a convocação da Diretora-Presidente do Instituto de Previdência dos Servidores do Distrito Federal (IPREV/DF) para prestar esclarecimentos a esta Casa sobre as operações financeiras entre BRB e Banco Master, incluindo a Operação Compliance Zero, e os impactos sobre o patrimônio do servidor público.",https://ple.cl.df.gov.br/pleservico/api/public/proposicao/156527/documento/ativas,data/raw/documento-ativas/735024734ae7f179.json
Master,Master,CASO,proposição (ementa/payload),proposicao,payload,REQ 2630/2026,156527,,,,,2026-03-03,"Requer a convocação da Diretora-Presidente do Instituto de Previdência dos Servidores do Distrito Federal (IPREV/DF) para prestar esclarecimentos a esta Casa sobre as operações financeiras entre BRB e Banco Master, incluindo a Operação Compliance Zero, e os impactos sobre o patrimônio do servidor pú","oProposicao"": ""2630/2026 - Requerimento"", ""ementa"": ""Requer a convocação da Diretora-Presidente do Instituto de Previdência dos Servidores do Distrito Federal (IPREV/DF) para prestar esclarecimentos a esta Casa sobre as operações financeiras entre BRB e Banco Master, incluindo a Operação Compliance Zero, e os impactos sobre o patrimônio do servidor público."", ""etapa"": ""Apresentação"", ""habilitadoOnline"": null, ""id"": 156527, ""idAutoria"": null, ""idRelator"": null, ""idTipoProposicao"": null, ""idUnidade"": null, ""idUsuario",https://ple.cl.df.gov.br/pleservico/api/public/proposicao/156527/documento/ativas,data/raw/documento-ativas/735024734ae7f179.json
Master,Master,CASO,proposição (ementa/payload),proposicao,ementa,REQ 2631/2026,156528,,,,,2026-03-03,"Requer a convocação do ex-Presidente do Banco de Brasília (BRB), Paulo Henrique Costa, para prestar informações a esta Casa sobre as operações financeiras entre BRB e Banco Master e a Operação Compliance Zero.","Requer a convocação do ex-Presidente do Banco de Brasília (BRB), Paulo Henrique Costa, para prestar informações a esta Casa sobre as operações financeiras entre BRB e Banco Master e a Operação Compliance Zero.",https://ple.cl.df.gov.br/pleservico/api/public/proposicao/156528/documento/ativas,data/raw/documento-ativas/8f8f9a14e450318a.json
Master,Master,CASO,proposição (ementa/payload),proposicao,payload,REQ 2631/2026,156528,,,,,2026-03-03,"Requer a convocação do ex-Presidente do Banco de Brasília (BRB), Paulo Henrique Costa, para prestar informações a esta Casa sobre as operações financeiras entre BRB e Banco Master e a Operação Compliance Zero.","03"", ""dataLimite"": null, ""descricaoProposicao"": ""2631/2026 - Requerimento"", ""ementa"": ""Requer a convocação do ex-Presidente do Banco de Brasília (BRB), Paulo Henrique Costa, para prestar informações a esta Casa sobre as operações financeiras entre BRB e Banco Master e a Operação Compliance Zero."", ""etapa"": ""Apresentação"", ""habilitadoOnline"": null, ""id"": 156528, ""idAutoria"": null, ""idRelator"": null, ""idTipoProposicao"": null, ""idUnidade"": null, ""idUsuarioAtribuido"": null, ""idUsuarioDisponibilizado"": null, ""idsMarcado",https://ple.cl.df.gov.br/pleservico/api/public/proposicao/156528/documento/ativas,data/raw/documento-ativas/8f8f9a14e450318a.json
Master,Master,CASO,proposição (ementa/payload),proposicao,ementa,REQ 2632/2026,156529,,,,,2026-03-03,Requer ao Governador do Distrito Federal informações sobre as Operações entre Banco de Brasília (BRB) e Banco Master com foco na Operação Compliance Zero.,Requer ao Governador do Distrito Federal informações sobre as Operações entre Banco de Brasília (BRB) e Banco Master com foco na Operação Compliance Zero.,https://ple.cl.df.gov.br/pleservico/api/public/proposicao/156529/documento/ativas,data/raw/documento-ativas/6b073bf597ee6be1.json
Master,Master,CASO,proposição (ementa/payload),proposicao,payload,REQ 2632/2026,156529,,,,,2026-03-03,Requer ao Governador do Distrito Federal informações sobre as Operações entre Banco de Brasília (BRB) e Banco Master com foco na Operação Compliance Zero.,"do Gabriel Magno"", ""dataAcesso"": null, ""dataLeitura"": ""2026-03-03"", ""dataLimite"": null, ""descricaoProposicao"": ""2632/2026 - Requerimento"", ""ementa"": ""Requer ao Governador do Distrito Federal informações sobre as Operações entre Banco de Brasília (BRB) e Banco Master com foco na Operação Compliance Zero."", ""etapa"": ""Apresentação"", ""habilitadoOnline"": null, ""id"": 156529, ""idAutoria"": null, ""idRelator"": null, ""idTipoProposicao"": null, ""idUnidade"": null, ""idUsuarioAtribuido"": null, ""idUsuarioDisponibilizado"": null, ""id",https://ple.cl.df.gov.br/pleservico/api/public/proposicao/156529/documento/ativas,data/raw/documento-ativas/6b073bf597ee6be1.json
Master,Master,CASO,proposição (ementa/payload),proposicao,ementa,REQ 2652/2026,156584,,,,,2026-03-09,"Requer a criação da ""Subcomissão do BRB-Master"", no âmbito da Comissão de Constituição e Justiça - CCJ, para a apurar as operações entre as instituições, indicar responsabilidades e fiscalizar a execução do plano de capitalização proposto ","Requer a criação da ""Subcomissão do BRB-Master"", no âmbito da Comissão de Constituição e Justiça - CCJ, para a apurar as operações entre as instituições, indicar responsabilidades e fiscalizar a execução do plano de capitalização proposto",https://ple.cl.df.gov.br/pleservico/api/public/proposicao/156584/documento/ativas,data/raw/documento-ativas/e11370cf20bc2073.json
Master,Master,CASO,proposição (ementa/payload),proposicao,payload,REQ 2652/2026,156584,,,,,2026-03-09,"Requer a criação da ""Subcomissão do BRB-Master"", no âmbito da Comissão de Constituição e Justiça - CCJ, para a apurar as operações entre as instituições, indicar responsabilidades e fiscalizar a execução do plano de capitalização proposto ","{""ano"": null, ""autores"": null, ""autoria"": ""Deputado Fábio Felix"", ""dataAcesso"": null, ""dataLeitura"": ""2026-03-09"", ""dataLimite"": null, ""descricaoProposicao"": ""2652/2026 - Requerimento"", ""ementa"": ""Requer a criação da \""Subcomissão do BRB-Master\"", no âmbito da Comissão de Constituição e Justiça - CCJ, para a apurar as operações entre as instituições, indicar responsabilidades e fiscalizar a execução do plano de capitalização proposto "", ""etapa"": ""Apresentação"", ""habilitadoOnline"": null, ""id"": 156584",https://ple.cl.df.gov.br/pleservico/api/public/proposicao/156584/documento/ativas,data/raw/documento-ativas/e11370cf20bc2073.json
Master,Master,CASO,proposição (ementa/payload),proposicao,ementa,REQ 2664/2026,156635,,,,,2026-03-11,"Requer o encaminhamento de pedido de informações ao Governador do Distrito Federal sobre contrato de cessão de direitos firmado entre seu escritório de advocacia e a Reag Gestora, bem como sobre a eventual existência de conflitos de interesses em operações do Banco de Brasília – BRB envolvendo o Ban","ações ao Governador do Distrito Federal sobre contrato de cessão de direitos firmado entre seu escritório de advocacia e a Reag Gestora, bem como sobre a eventual existência de conflitos de interesses em operações do Banco de Brasília – BRB envolvendo o Banco Master e entes coligados.",https://ple.cl.df.gov.br/pleservico/api/public/proposicao/156635/documento/ativas,data/raw/documento-ativas/d6bab849d0b6f93c.json
Master,Master,CASO,proposição (ementa/payload),proposicao,payload,REQ 2664/2026,156635,,,,,2026-03-11,"Requer o encaminhamento de pedido de informações ao Governador do Distrito Federal sobre contrato de cessão de direitos firmado entre seu escritório de advocacia e a Reag Gestora, bem como sobre a eventual existência de conflitos de interesses em operações do Banco de Brasília – BRB envolvendo o Ban","ações ao Governador do Distrito Federal sobre contrato de cessão de direitos firmado entre seu escritório de advocacia e a Reag Gestora, bem como sobre a eventual existência de conflitos de interesses em operações do Banco de Brasília – BRB envolvendo o Banco Master e entes coligados.\n"", ""etapa"": ""Apresentação"", ""habilitadoOnline"": null, ""id"": 156635, ""idAutoria"": null, ""idRelator"": null, ""idTipoProposicao"": null, ""idUnidade"": null, ""idUsuarioAtribuido"": null, ""idUsuarioDisponibilizado"": null, ""idsMarcadores"": [],",https://ple.cl.df.gov.br/pleservico/api/public/proposicao/156635/documento/ativas,data/raw/documento-ativas/d6bab849d0b6f93c.json
Master,Master,CASO,proposição (ementa/payload),proposicao,ementa,REQ 2665/2026,156639,,,,,2026-03-11,"Requer o encaminhamento de pedido de informações à Controladoria-Geral do Distrito Federal acerca de eventual análise de integridade, governança e conflito de interesses envolvendo operações do Banco de Brasília – BRB relacionadas ao Banco Master e estruturas financeiras associadas.","Requer o encaminhamento de pedido de informações à Controladoria-Geral do Distrito Federal acerca de eventual análise de integridade, governança e conflito de interesses envolvendo operações do Banco de Brasília – BRB relacionadas ao Banco Master e estruturas financeiras associadas.",https://ple.cl.df.gov.br/pleservico/api/public/proposicao/156639/documento/ativas,data/raw/documento-ativas/c16ac29988ccfb46.json
Master,Master,CASO,proposição (ementa/payload),proposicao,payload,REQ 2665/2026,156639,,,,,2026-03-11,"Requer o encaminhamento de pedido de informações à Controladoria-Geral do Distrito Federal acerca de eventual análise de integridade, governança e conflito de interesses envolvendo operações do Banco de Brasília – BRB relacionadas ao Banco Master e estruturas financeiras associadas.","imento"", ""ementa"": ""Requer o encaminhamento de pedido de informações à Controladoria-Geral do Distrito Federal acerca de eventual análise de integridade, governança e conflito de interesses envolvendo operações do Banco de Brasília – BRB relacionadas ao Banco Master e estruturas financeiras associadas."", ""etapa"": ""Apresentação"", ""habilitadoOnline"": null, ""id"": 156639, ""idAutoria"": null, ""idRelator"": null, ""idTipoProposicao"": null, ""idUnidade"": null, ""idUsuarioAtribuido"": null, ""idUsuarioDisponibilizado"": null, ""ids",https://ple.cl.df.gov.br/pleservico/api/public/proposicao/156639/documento/ativas,data/raw/documento-ativas/c16ac29988ccfb46.json
Master,Master,CASO,proposição (ementa/payload),proposicao,ementa,REQ 2663/2026,156640,,,,,2026-03-11,"Requer o encaminhamento de pedido de informações ao Banco de Brasília S.A. – BRB acerca de análises de integridade, governança e gestão de riscos relacionadas a operações financeiras envolvendo ativos vinculados ao Banco Master e estruturas financeiras associadas.","Requer o encaminhamento de pedido de informações ao Banco de Brasília S.A. – BRB acerca de análises de integridade, governança e gestão de riscos relacionadas a operações financeiras envolvendo ativos vinculados ao Banco Master e estruturas financeiras associadas.",https://ple.cl.df.gov.br/pleservico/api/public/proposicao/156640/documento/ativas,data/raw/documento-ativas/c656efa561a3b41a.json
Master,Master,CASO,proposição (ementa/payload),proposicao,payload,REQ 2663/2026,156640,,,,,2026-03-11,"Requer o encaminhamento de pedido de informações ao Banco de Brasília S.A. – BRB acerca de análises de integridade, governança e gestão de riscos relacionadas a operações financeiras envolvendo ativos vinculados ao Banco Master e estruturas financeiras associadas.","""2663/2026 - Requerimento"", ""ementa"": ""Requer o encaminhamento de pedido de informações ao Banco de Brasília S.A. – BRB acerca de análises de integridade, governança e gestão de riscos relacionadas a operações financeiras envolvendo ativos vinculados ao Banco Master e estruturas financeiras associadas."", ""etapa"": ""Apresentação"", ""habilitadoOnline"": null, ""id"": 156640, ""idAutoria"": null, ""idRelator"": null, ""idTipoProposicao"": null, ""idUnidade"": null, ""idUsuarioAtribuido"": null, ""idUsuarioDisponibilizado"": null, ""ids",https://ple.cl.df.gov.br/pleservico/api/public/proposicao/156640/documento/ativas,data/raw/documento-ativas/c656efa561a3b41a.json
Master,Master,CASO,proposição (ementa/payload),proposicao,ementa,REQ 2728/2026,157014,,,,,2026-04-07,Requer informações ao Banco de Brasília S.A. – BRB sobre compensações e tentativas de recuperação patrimonial decorrentes da aquisição de ativos originários do Banco Master,Requer informações ao Banco de Brasília S.A. – BRB sobre compensações e tentativas de recuperação patrimonial decorrentes da aquisição de ativos originários do Banco Master,https://ple.cl.df.gov.br/pleservico/api/public/proposicao/157014/documento/ativas,data/raw/documento-ativas/eeb0f77b9e535d84.json
Master,Master,CASO,proposição (ementa/payload),proposicao,payload,REQ 2728/2026,157014,,,,,2026-04-07,Requer informações ao Banco de Brasília S.A. – BRB sobre compensações e tentativas de recuperação patrimonial decorrentes da aquisição de ativos originários do Banco Master,"026-04-07"", ""dataLimite"": null, ""descricaoProposicao"": ""2728/2026 - Requerimento"", ""ementa"": ""Requer informações ao Banco de Brasília S.A. – BRB sobre compensações e tentativas de recuperação patrimonial decorrentes da aquisição de ativos originários do Banco Master"", ""etapa"": ""Apresentação"", ""habilitadoOnline"": null, ""id"": 157014, ""idAutoria"": null, ""idRelator"": null, ""idTipoProposicao"": null, ""idUnidade"": null, ""idUsuarioAtribuido"": null, ""idUsuarioDisponibilizado"": null, ""idsMarcadores"": [], ""parecer"": null, ""pe",https://ple.cl.df.gov.br/pleservico/api/public/proposicao/157014/documento/ativas,data/raw/documento-ativas/eeb0f77b9e535d84.json
Master,Master,CASO,proposição (ementa/payload),proposicao,ementa,REQ 2729/2026,157017,,,,,2026-04-07,"Reque informações acerca de atuação institucional, consultiva e contenciosa, da Procuradoria-Geral do Distrito Federal – PGDF, relacionada às negociações, tentativas de aquisição de ativos e demais operações envolvendo o Banco de Brasília S.A. – BRB e o Banco Master","Reque informações acerca de atuação institucional, consultiva e contenciosa, da Procuradoria-Geral do Distrito Federal – PGDF, relacionada às negociações, tentativas de aquisição de ativos e demais operações envolvendo o Banco de Brasília S.A. – BRB e o Banco Master",https://ple.cl.df.gov.br/pleservico/api/public/proposicao/157017/documento/ativas,data/raw/documento-ativas/f36f7c7e7204de8d.json
Master,Master,CASO,proposição (ementa/payload),proposicao,payload,REQ 2729/2026,157017,,,,,2026-04-07,"Reque informações acerca de atuação institucional, consultiva e contenciosa, da Procuradoria-Geral do Distrito Federal – PGDF, relacionada às negociações, tentativas de aquisição de ativos e demais operações envolvendo o Banco de Brasília S.A. – BRB e o Banco Master","Reque informações acerca de atuação institucional, consultiva e contenciosa, da Procuradoria-Geral do Distrito Federal – PGDF, relacionada às negociações, tentativas de aquisição de ativos e demais operações envolvendo o Banco de Brasília S.A. – BRB e o Banco Master"", ""etapa"": ""Apresentação"", ""habilitadoOnline"": null, ""id"": 157017, ""idAutoria"": null, ""idRelator"": null, ""idTipoProposicao"": null, ""idUnidade"": null, ""idUsuarioAtribuido"": null, ""idUsuarioDisponibilizado"": null, ""idsMarcadores"": [], ""parecer"": null, ""pe",https://ple.cl.df.gov.br/pleservico/api/public/proposicao/157017/documento/ativas,data/raw/documento-ativas/f36f7c7e7204de8d.json
Master,Master,CASO,proposição (ementa/payload),proposicao,ementa,PL 2322/2026,157767,,,,,2026-05-15,"Revoga a Lei nº 7.739, de 20 de agosto de 2025, que ""autoriza a aquisição pelo Banco de Brasília S.A. de 49% das ações ordinárias e de 100% das ações preferenciais do capital social do Banco Master S.A."".","Revoga a Lei nº 7.739, de 20 de agosto de 2025, que ""autoriza a aquisição pelo Banco de Brasília S.A. de 49% das ações ordinárias e de 100% das ações preferenciais do capital social do Banco Master S.A."".",https://ple.cl.df.gov.br/pleservico/api/public/proposicao/157767/documento/ativas,data/raw/documento-ativas/66bc25594da712c9.json
Master,Master,CASO,proposição (ementa/payload),proposicao,payload,PL 2322/2026,157767,,,,,2026-05-15,"Revoga a Lei nº 7.739, de 20 de agosto de 2025, que ""autoriza a aquisição pelo Banco de Brasília S.A. de 49% das ações ordinárias e de 100% das ações preferenciais do capital social do Banco Master S.A."".","ll, ""descricaoProposicao"": ""2322/2026 - Projeto de Lei"", ""ementa"": ""Revoga a Lei nº 7.739, de 20 de agosto de 2025, que \""autoriza a aquisição pelo Banco de Brasília S.A. de 49% das ações ordinárias e de 100% das ações preferenciais do capital social do Banco Master S.A.\""."", ""etapa"": ""Comissões, Retorno(Emenda)"", ""habilitadoOnline"": null, ""id"": 157767, ""idAutoria"": null, ""idRelator"": null, ""idTipoProposicao"": null, ""idUnidade"": null, ""idUsuarioAtribuido"": null, ""idUsuarioDisponibilizado"": null, ""idsMarcadores"": []",https://ple.cl.df.gov.br/pleservico/api/public/proposicao/157767/documento/ativas,data/raw/documento-ativas/66bc25594da712c9.json
Master,Master,CASO,proposição (ementa/payload),proposicao,ementa,REQ 3052/2026,159033,,,,,2026-08-20,"Requer ao Poder Executivo do Distrito Federal, por intermédio da Secretaria de Estado de Economia, e, por seu intermédio, ao Banco de Brasília S.A. – BRB, informações acerca da situação econômico-financeira da instituição, da não divulgação de suas demonstrações financeiras, das penalidades aplicada","a da instituição, da não divulgação de suas demonstrações financeiras, das penalidades aplicadas pela Comissão de Valores Mobiliários – CVM, do pedido de assistência financeira formulado ao Fundo Garantidor de Créditos – FGC e dos ativos relacionados ao Banco Master e instituições correlatas.",https://ple.cl.df.gov.br/pleservico/api/public/proposicao/159033/documento/ativas,data/raw/documento-ativas/8e45a870a39d1811.json
Master,Master,CASO,proposição (ementa/payload),proposicao,payload,REQ 3052/2026,159033,,,,,2026-08-20,"Requer ao Poder Executivo do Distrito Federal, por intermédio da Secretaria de Estado de Economia, e, por seu intermédio, ao Banco de Brasília S.A. – BRB, informações acerca da situação econômico-financeira da instituição, da não divulgação de suas demonstrações financeiras, das penalidades aplicada","a da instituição, da não divulgação de suas demonstrações financeiras, das penalidades aplicadas pela Comissão de Valores Mobiliários – CVM, do pedido de assistência financeira formulado ao Fundo Garantidor de Créditos – FGC e dos ativos relacionados ao Banco Master e instituições correlatas."", ""etapa"": ""Apresentação"", ""habilitadoOnline"": null, ""id"": 159033, ""idAutoria"": null, ""idRelator"": null, ""idTipoProposicao"": null, ""idUnidade"": null, ""idUsuarioAtribuido"": null, ""idUsuarioDisponibilizado"": null, ""idsMarcadores",https://ple.cl.df.gov.br/pleservico/api/public/proposicao/159033/documento/ativas,data/raw/documento-ativas/8e45a870a39d1811.json
BRB,BRB,CASO,votação em plenário,votacao,ementa,,,,,,,2025-08-19,,"AUTORIA: PODER EXECUTIVO AUTORIZA O BRB - BANCO DE BRASÍLIA A ADQUIRIR PARTICIPAÇÃO EM INSTITUIÇÕES FINANCEIRAS SEDIADAS NO BRASIL E NO EXTERIOR, EMPRESAS COM ATIVIDADES PRÓPRIAS OU COMPLEMENTARES ÀS DO SETOR FINANCEIRO, INCLUSIVE NO RAMO DE TECNOLOGIA DA INFORMAÇÃO (TI) E EMPRESAS COM OBJETOS SOCI",,
BRB,BRB,CASO,votação em plenário,votacao,ementa,,,,,,,2025-08-19,,"AUTORIA: PODER EXECUTIVO AUTORIZA O BRB - BANCO DE BRASÍLIA A ADQUIRIR PARTICIPAÇÃO EM INSTITUIÇÕES FINANCEIRAS SEDIADAS NO BRASIL E NO EXTERIOR, EMPRESAS COM ATIVIDADES PRÓPRIAS OU COMPLEMENTARES ÀS DO SETOR FINANCEIRO, INCLUSIVE NO RAMO DE TECNOLOGIA DA INFORMAÇÃO (TI) E EMPRESAS COM OBJETOS SOCI",,
BRB,BRB,CASO,votação em plenário,votacao,ementa,,,,,,,2025-08-19,,"AUTORIA: PODER EXECUTIVO RELATORIAS: ROGÉRIO MORRO DA CRUZ - CDESCTMAT, EDUARDO PEDROSA - CEOF, ROBÉRIO NEGREIROS - CCJ AUTORIZA O BRB - BANCO DE BRASÍLIA A ADQUIRIR PARTICIPAÇÃO EM INSTITUIÇÕES FINANCEIRAS SEDIADAS NO BRASIL E NO EXTERIOR, EMPRESAS COM ATIVIDADES PRÓPRIAS OU COMPLEMENTARES ÀS DO SETOR FINANCEIRO, INCLUSIVE NO RAMO DE TECNOLOGIA DA INFORMAÇÃO (TI) E EMPRESAS COM OBJETOS SOCI",,
BRB,BRB,CASO,votação em plenário,votacao,ementa,,,,,,,2025-08-19,,"AUTORIA: PODER EXECUTIVO RELATORIAS: ROGÉRIO MORRO DA CRUZ - CDESCTMAT, EDUARDO PEDROSA - CEOF, ROBÉRIO NEGREIROS - CCJ AUTORIZA O BRB - BANCO DE BRASÍLIA A ADQUIRIR PARTICIPAÇÃO EM INSTITUIÇÕES FINANCEIRAS SEDIADAS NO BRASIL E NO EXTERIOR, EMPRESAS COM ATIVIDADES PRÓPRIAS OU COMPLEMENTARES ÀS DO SETOR FINANCEIRO, INCLUSIVE NO RAMO DE TECNOLOGIA DA INFORMAÇÃO (TI) E EMPRESAS COM OBJETOS SOCI",,
BRB,BRB,CASO,votação em plenário,votacao,ementa,,,,,,,2026-03-03,,"AUTORIA: PODER EXECUTIVO DISPÕE SOBRE AS MEDIDAS A SEREM ADOTADAS PELO DISTRITO FEDERAL, NA CONDIÇÃO DE ACIONISTA CONTROLADOR, PARA O RESTABELECIMENTO E FORTALECIMENTO DAS CONDIÇÕES ECONÔMICO-FINANCEIRAS DO BANCO DE BRASÍLIA S.A. – BRB, E DÁ OUTRAS PROVIDÊNCIAS.",,
BRB,BRB,CASO,votação em plenário,votacao,ementa,,,,,,,2026-03-03,,"AUTORIA: PODER EXECUTIVO DISPÕE SOBRE AS MEDIDAS A SEREM ADOTADAS PELO DISTRITO FEDERAL, NA CONDIÇÃO DE ACIONISTA CONTROLADOR, PARA O RESTABELECIMENTO E FORTALECIMENTO DAS CONDIÇÕES ECONÔMICO-FINANCEIRAS DO BANCO DE BRASÍLIA S.A. – BRB, E DÁ OUTRAS PROVIDÊNCIAS.",,
BRB,BRB,CASO,votação em plenário,votacao,ementa,,,,,,,2026-03-03,,AUTORIA: THIAGO MANZONI REQUER A CONVOCAÇÃO DO SR. SECRETÁRIO DE ESTADO DE ECONOMIA DO DISTRITO FEDERAL E DO SR. PRESIDENTE DO BANCO DE BRASÍLIA - BRB PARA QUE PRESTEM ESCLARECIMENTOS SOBRE A SITUAÇÃO FINANCEIRA DO BANCO DE BRASÍLIA E SOBRE AS MEDIDAS DE SOCORRO NECESSÁRIAS.,,
BRB,BRB,CASO,votação em plenário,votacao,ementa,,,,,,,2026-03-03,,"AUTORIA: PODER EXECUTIVO DISPÕE SOBRE AS MEDIDAS A SEREM ADOTADAS PELO DISTRITO FEDERAL, NA CONDIÇÃO DE ACIONISTA CONTROLADOR, PARA O RESTABELECIMENTO E FORTALECIMENTO DAS CONDIÇÕES ECONÔMICO-FINANCEIRAS DO BANCO DE BRASÍLIA S.A. – BRB, E DÁ OUTRAS PROVIDÊNCIAS. RELATORIAS: HERMETO - CAF, EDUARDO PEDROSA - CEOF E THIAGO MANZONI - CCJ",,
BRB,BRB,CASO,votação em plenário,votacao,ementa,,,,,,,2026-04-29,,"""ALTERA A LEI Nº 7.845, DE 10 DE MARÇO DE 2026, QUE 'DISPÕE SOBRE AS MEDIDAS A SEREM ADOTADAS PELO DISTRITO FEDERAL, NA CONDIÇÃO DE ACIONISTA CONTROLADOR, PARA O RESTABELECIMENTO E FORTALECIMENTO DAS CONDIÇÕES ECONÔMICO-FINANCEIRAS DO BANCO DE BRASÍLIA S.A. - BRB, E DÁ OUTRAS PROVIDÊNCIAS'"". AUTOR: PODER EXECUTIVO",,
BRB,BRB,CASO,votação em plenário,votacao,ementa,,,,,,,2026-04-29,,"""ALTERA A LEI Nº 7.845, DE 10 DE MARÇO DE 2026, QUE 'DISPÕE SOBRE AS MEDIDAS A SEREM ADOTADAS PELO DISTRITO FEDERAL, NA CONDIÇÃO DE ACIONISTA CONTROLADOR, PARA O RESTABELECIMENTO E FORTALECIMENTO DAS CONDIÇÕES ECONÔMICO-FINANCEIRAS DO BANCO DE BRASÍLIA S.A. - BRB, E DÁ OUTRAS PROVIDÊNCIAS'"". AUTOR: PODER EXECUTIVO",,
BRB,BRB,CASO,votação em plenário,votacao,ementa,,,,,,,2026-04-29,,"""ALTERA A LEI Nº 7.845, DE 10 DE MARÇO DE 2026, QUE 'DISPÕE SOBRE AS MEDIDAS A SEREM ADOTADAS PELO DISTRITO FEDERAL, NA CONDIÇÃO DE ACIONISTA CONTROLADOR, PARA O RESTABELECIMENTO E FORTALECIMENTO DAS CONDIÇÕES ECONÔMICO-FINANCEIRAS DO BANCO DE BRASÍLIA S.A. - BRB, E DÁ OUTRAS PROVIDÊNCIAS'"". AUTOR: PODER EXECUTIVO",,
BRB,BRB,CASO,votação em plenário,votacao,ementa,,,,,,,2026-04-29,,"""ALTERA A LEI Nº 7.845, DE 10 DE MARÇO DE 2026, QUE 'DISPÕE SOBRE AS MEDIDAS A SEREM ADOTADAS PELO DISTRITO FEDERAL, NA CONDIÇÃO DE ACIONISTA CONTROLADOR, PARA O RESTABELECIMENTO E FORTALECIMENTO DAS CONDIÇÕES ECONÔMICO-FINANCEIRAS DO BANCO DE BRASÍLIA S.A. - BRB, E DÁ OUTRAS PROVIDÊNCIAS'"". AUTOR: PODER EXECUTIVO",,
BRB,BRB,CASO,votação em plenário,votacao,ementa,,,,,,,2026-04-29,,"""ALTERA A LEI Nº 7.845, DE 10 DE MARÇO DE 2026, QUE 'DISPÕE SOBRE AS MEDIDAS A SEREM ADOTADAS PELO DISTRITO FEDERAL, NA CONDIÇÃO DE ACIONISTA CONTROLADOR, PARA O RESTABELECIMENTO E FORTALECIMENTO DAS CONDIÇÕES ECONÔMICO-FINANCEIRAS DO BANCO DE BRASÍLIA S.A. - BRB, E DÁ OUTRAS PROVIDÊNCIAS'"". AUTOR: PODER EXECUTIVO",,
BRB,BRB,CASO,votação em plenário,votacao,ementa,,,,,,,2026-06-09,,"""ALTERA A LEI Nº 7.845, DE 10 DE MARÇO DE 2026, QUE “DISPÕE SOBRE AS MEDIDAS A SEREM ADOTADAS PELO DISTRITO FEDERAL, NA CONDIÇÃO DE ACIONISTA CONTROLADOR, PARA O RESTABELECIMENTO E FORTALECIMENTO DAS CONDIÇÕES ECONÔMICO-FINANCEIRAS DO BANCO DE BRASÍLIA S.A. – BRB”, RATIFICA OS TERMOS DO ACORDO HOMOLOGADO PELO SUPREMO TRIBUNAL FEDERAL NA AÇÃO CÍVEL ORIGINÁRIA Nº 3755, AUTORIZA O PODER EXECUTIVO DO DISTRITO FEDERAL A CELEBRAR OPERAÇÃO DE CRÉDITO COM O FUNDO GARANTIDOR DE CRÉDITOS - FGC, PRESTAR CONTRAGARANTIAS E DÁ O",,
BRB,BRB,CASO,votação em plenário,votacao,ementa,,,,,,,2026-06-09,,"""ALTERA A LEI Nº 7.845, DE 10 DE MARÇO DE 2026, QUE “DISPÕE SOBRE AS MEDIDAS A SEREM ADOTADAS PELO DISTRITO FEDERAL, NA CONDIÇÃO DE ACIONISTA CONTROLADOR, PARA O RESTABELECIMENTO E FORTALECIMENTO DAS CONDIÇÕES ECONÔMICO-FINANCEIRAS DO BANCO DE BRASÍLIA S.A. – BRB”, RATIFICA OS TERMOS DO ACORDO HOMOLOGADO PELO SUPREMO TRIBUNAL FEDERAL NA AÇÃO CÍVEL ORIGINÁRIA Nº 3755, AUTORIZA O PODER EXECUTIVO DO DISTRITO FEDERAL A CELEBRAR OPERAÇÃO DE CRÉDITO COM O FUNDO GARANTIDOR DE CRÉDITOS - FGC, PRESTAR CONTRAGARANTIAS E DÁ O",,
BRB,BRB,CASO,votação em plenário,votacao,ementa,,,,,,,2026-06-09,,"""ALTERA A LEI Nº 7.845, DE 10 DE MARÇO DE 2026, QUE “DISPÕE SOBRE AS MEDIDAS A SEREM ADOTADAS PELO DISTRITO FEDERAL, NA CONDIÇÃO DE ACIONISTA CONTROLADOR, PARA O RESTABELECIMENTO E FORTALECIMENTO DAS CONDIÇÕES ECONÔMICO-FINANCEIRAS DO BANCO DE BRASÍLIA S.A. – BRB”, RATIFICA OS TERMOS DO ACORDO HOMOLOGADO PELO SUPREMO TRIBUNAL FEDERAL NA AÇÃO CÍVEL ORIGINÁRIA Nº 3755, AUTORIZA O PODER EXECUTIVO DO DISTRITO FEDERAL A CELEBRAR OPERAÇÃO DE CRÉDITO COM O FUNDO GARANTIDOR DE CRÉDITOS - FGC, PRESTAR CONTRAGARANTIAS E DÁ O",,
BRB,BRB,CASO,votação em plenário,votacao,ementa,,,,,,,2026-06-09,,"""ALTERA A LEI Nº 7.845, DE 10 DE MARÇO DE 2026, QUE “DISPÕE SOBRE AS MEDIDAS A SEREM ADOTADAS PELO DISTRITO FEDERAL, NA CONDIÇÃO DE ACIONISTA CONTROLADOR, PARA O RESTABELECIMENTO E FORTALECIMENTO DAS CONDIÇÕES ECONÔMICO-FINANCEIRAS DO BANCO DE BRASÍLIA S.A. – BRB”, RATIFICA OS TERMOS DO ACORDO HOMOLOGADO PELO SUPREMO TRIBUNAL FEDERAL NA AÇÃO CÍVEL ORIGINÁRIA Nº 3755, AUTORIZA O PODER EXECUTIVO DO DISTRITO FEDERAL A CELEBRAR OPERAÇÃO DE CRÉDITO COM O FUNDO GARANTIDOR DE CRÉDITOS - FGC, PRESTAR CONTRAGARANTIAS E DÁ O",,
BRB,BRB,CASO,votação em plenário,votacao,ementa,,,,,,,2026-06-09,,"""ALTERA A LEI Nº 7.845, DE 10 DE MARÇO DE 2026, QUE “DISPÕE SOBRE AS MEDIDAS A SEREM ADOTADAS PELO DISTRITO FEDERAL, NA CONDIÇÃO DE ACIONISTA CONTROLADOR, PARA O RESTABELECIMENTO E FORTALECIMENTO DAS CONDIÇÕES ECONÔMICO-FINANCEIRAS DO BANCO DE BRASÍLIA S.A. – BRB”, RATIFICA OS TERMOS DO ACORDO HOMOLOGADO PELO SUPREMO TRIBUNAL FEDERAL NA AÇÃO CÍVEL ORIGINÁRIA Nº 3755, AUTORIZA O PODER EXECUTIVO DO DISTRITO FEDERAL A CELEBRAR OPERAÇÃO DE CRÉDITO COM O FUNDO GARANTIDOR DE CRÉDITOS - FGC, PRESTAR CONTRAGARANTIAS E DÁ O",,
BRB,BRB,CASO,votação em plenário,votacao,ementa,,,,,,,2026-06-09,,"""ALTERA A LEI Nº 7.845, DE 10 DE MARÇO DE 2026, QUE “DISPÕE SOBRE AS MEDIDAS A SEREM ADOTADAS PELO DISTRITO FEDERAL, NA CONDIÇÃO DE ACIONISTA CONTROLADOR, PARA O RESTABELECIMENTO E FORTALECIMENTO DAS CONDIÇÕES ECONÔMICO-FINANCEIRAS DO BANCO DE BRASÍLIA S.A. – BRB”, RATIFICA OS TERMOS DO ACORDO HOMOLOGADO PELO SUPREMO TRIBUNAL FEDERAL NA AÇÃO CÍVEL ORIGINÁRIA Nº 3755, AUTORIZA O PODER EXECUTIVO DO DISTRITO FEDERAL A CELEBRAR OPERAÇÃO DE CRÉDITO COM O FUNDO GARANTIDOR DE CRÉDITOS - FGC, PRESTAR CONTRAGARANTIAS E DÁ O",,
BRB,BRB,CASO,votação em plenário,votacao,ementa,,,,,,,2026-06-09,,"""ALTERA A LEI Nº 7.845, DE 10 DE MARÇO DE 2026, QUE “DISPÕE SOBRE AS MEDIDAS A SEREM ADOTADAS PELO DISTRITO FEDERAL, NA CONDIÇÃO DE ACIONISTA CONTROLADOR, PARA O RESTABELECIMENTO E FORTALECIMENTO DAS CONDIÇÕES ECONÔMICO-FINANCEIRAS DO BANCO DE BRASÍLIA S.A. – BRB”, RATIFICA OS TERMOS DO ACORDO HOMOLOGADO PELO SUPREMO TRIBUNAL FEDERAL NA AÇÃO CÍVEL ORIGINÁRIA Nº 3755, AUTORIZA O PODER EXECUTIVO DO DISTRITO FEDERAL A CELEBRAR OPERAÇÃO DE CRÉDITO COM O FUNDO GARANTIDOR DE CRÉDITOS - FGC, PRESTAR CONTRAGARANTIAS E DÁ O",,
BRB,BRB,CASO,votação em plenário,votacao,ementa,,,,,,,2026-03-03,,"AUTORIA: PODER EXECUTIVO DISPÕE SOBRE AS MEDIDAS A SEREM ADOTADAS PELO DISTRITO FEDERAL, NA CONDIÇÃO DE ACIONISTA CONTROLADOR, PARA O RESTABELECIMENTO E FORTALECIMENTO DAS CONDIÇÕES ECONÔMICO-FINANCEIRAS DO BANCO DE BRASÍLIA S.A. – BRB, E DÁ OUTRAS PROVIDÊNCIAS. RELATORIAS: HERMETO - CAF E EDUARDO PEDROSA - CEOF",,
BRB,BRB,CASO,votação em plenário,votacao,ementa,,,,,,,2026-04-29,,"ALTERA A LEI Nº 7.845, DE 10 DE MARÇO DE 2026, QUE ""DISPÕE SOBRE AS MEDIDAS A SEREM ADOTADAS PELO DISTRITO FEDERAL, NA CONDIÇÃO DE ACIONISTA CONTROLADOR, PARA O RESTABELECIMENTO E FORTALECIMENTO DAS CONDIÇÕES ECONÔMICO-FINANCEIRAS DO BANCO DE BRASÍLIA S.A. - BRB, E DÁ OUTRAS PROVIDÊNCIAS"". AUTOR: PODER EXECUTIVO RELATOR: HERMETO - CAF, EDUARDO PEDROSA - CEOF E THIAGO MANZONI - CCJ.",,
BRB,BRB,CASO,votação em plenário,votacao,ementa,,,,,,,2026-04-29,,"ALTERA A LEI Nº 7.845, DE 10 DE MARÇO DE 2026, QUE ""DISPÕE SOBRE AS MEDIDAS A SEREM ADOTADAS PELO DISTRITO FEDERAL, NA CONDIÇÃO DE ACIONISTA CONTROLADOR, PARA O RESTABELECIMENTO E FORTALECIMENTO DAS CONDIÇÕES ECONÔMICO-FINANCEIRAS DO BANCO DE BRASÍLIA S.A. - BRB, E DÁ OUTRAS PROVIDÊNCIAS"". AUTOR: PODER EXECUTIVO",,
BRB,BRB,CASO,votação em plenário,votacao,ementa,,,,,,,2026-06-09,,"""ALTERA A LEI Nº 7.845, DE 10 DE MARÇO DE 2026, QUE “DISPÕE SOBRE AS MEDIDAS A SEREM ADOTADAS PELO DISTRITO FEDERAL, NA CONDIÇÃO DE ACIONISTA CONTROLADOR, PARA O RESTABELECIMENTO E FORTALECIMENTO DAS CONDIÇÕES ECONÔMICO-FINANCEIRAS DO BANCO DE BRASÍLIA S.A. – BRB”, RATIFICA OS TERMOS DO ACORDO HOMOLOGADO PELO SUPREMO TRIBUNAL FEDERAL NA AÇÃO CÍVEL ORIGINÁRIA Nº 3755, AUTORIZA O PODER EXECUTIVO DO DISTRITO FEDERAL A CELEBRAR OPERAÇÃO DE CRÉDITO COM O FUNDO GARANTIDOR DE CRÉDITOS - FGC, PRESTAR CONTRAGARANTIAS E DÁ O",,
BRB,BRB,CASO,votação em plenário,votacao,ementa,,,,,,,2026-06-09,,"""ALTERA A LEI Nº 7.845, DE 10 DE MARÇO DE 2026, QUE “DISPÕE SOBRE AS MEDIDAS A SEREM ADOTADAS PELO DISTRITO FEDERAL, NA CONDIÇÃO DE ACIONISTA CONTROLADOR, PARA O RESTABELECIMENTO E FORTALECIMENTO DAS CONDIÇÕES ECONÔMICO-FINANCEIRAS DO BANCO DE BRASÍLIA S.A. – BRB”, RATIFICA OS TERMOS DO ACORDO HOMOLOGADO PELO SUPREMO TRIBUNAL FEDERAL NA AÇÃO CÍVEL ORIGINÁRIA Nº 3755, AUTORIZA O PODER EXECUTIVO DO DISTRITO FEDERAL A CELEBRAR OPERAÇÃO DE CRÉDITO COM O FUNDO GARANTIDOR DE CRÉDITOS - FGC, PRESTAR CONTRAGARANTIAS E DÁ O",,
BRB,BRB,BRB-OUTRO,contrato,contratacao_contrato,empresa,,,,,,,,,BANCO DE BRASÍLIA S/A - BRB,,
BRB,BRB,BRB-OUTRO,contrato,contratacao_contrato,empresa,,,,,,,,,BANCO DE BRASÍLIA S/A-BRB,,
BRB,BRB,BRB-OUTRO,contrato,contratacao_contrato,empresa,,,,,,,,,BANCO REGIONAL DE BRASÍLIA - BRB,,
BRB,BRB,BRB-OUTRO,contrato,contratacao_contrato,empresa,,,,,,,,,BRB SERVIÇOS S.A,,
BRB,BRB,BRB-OUTRO,contrato,contratacao_contrato,objeto,,,,,,,,,"Para utilização do sistema de controle de margem consignável denominado CONSIGSERV, sendo a BRB serviços S.A a única e exclusiva detentora dos direitos e domínio do sistema em todo o território nacional.",,
Master,MASTER,FORA,contrato,contratacao_contrato,empresa,,,,,,,,,MASTER ENGENHARIA E SEGURANCA PATRIMONIAL LTDA,,
Master,MASTER,FORA,emenda orçamentária,credito_emenda,nome_subtitulo,,,,,,,2021,,ABERTO DE POLO AQUÁTICO MASTER DE BRASÍLIA,,
Master,Master,FORA,emenda orçamentária,credito_emenda,justificativa,,,,,,,2021,,Possibilitar a realização do Aberto de Polo Aquático Master de Brasília.,,
Master,MASTER,FORA,emenda orçamentária,credito_emenda,nome_subtitulo,,,,,,,2021,,ABERTO DE POLO AQUÁTICO MASTER DE BRASILIA,,
Master,Master,FORA,emenda orçamentária,credito_emenda,justificativa,,,,,,,2021,,Possibilitar a realização do Aberto de Polo Aquático Master de Brasília.,,
Master,MASTER,FORA,emenda orçamentária,credito_emenda,nome_subtitulo,,,,,,,2018,,APOIO A EVENTOS - CAMPEONATO MASTER DE VOLEIBOL,,
Master,MASTER,FORA,emenda orçamentária,credito_emenda,nome_subtitulo,,,,,,,2018,,"APOIO AO PROJETO - APOIO A PARTICIPAÇÃO DA BANDA MASTER DA CIDADE DE SÃO SEBASTIÃO/DF, NO CAMPEONATO NACIONAL DE BANDAS DE FANFARRAS PROMOVIDO PELA CNBF.",,
Master,Master,FORA,emenda orçamentária,credito_emenda,justificativa,,,,,,,2022,,"A presente emenda tem o objetivo de alocar recurso financeiro para apoiar a execução do Projetos Brasília 50+, para a participação de uma equipe de voleibol Masculino Master 50+ do Distrito Federal, para representar a Capital Federal nos Campeonatos Master de Vôlei, nacionais e internacionais.",,
Master,MASTER,FORA,emenda orçamentária,credito_emenda,nome_subtitulo,,,,,,,2022,,REALIZAÇÃO DO CAMPEONATO BRASILIENSE DE VOLEIBOL MASTER,,
Master,Master,FORA,emenda orçamentária,credito_emenda,justificativa,,,,,,,2022,,"A presente emenda tem o objetivo de alocar recurso financeiro para apoiar a execução do Projetos Brasília 50+, para a participação de uma equipe de voleibol Masculino Master 50+ do Distrito Federal, para representar a Capital Federal nos Campeonatos Master de Vôlei, nacionais e internacionais.",,
Master,Master,FORA,emenda orçamentária,credito_emenda,justificativa,,,,,,,2022,,"A presente emenda tem o objetivo de alocar recurso financeiro para apoiar a execução do Projetos Brasília 50+, para a participação de uma equipe de voleibol Masculino Master 50+ do Distrito Federal, para representar a Capital Federal nos Campeonatos Master de Vôlei, nacionais e internacionais.",,
Master,Master,FORA,emenda orçamentária,credito_emenda,justificativa,,,,,,,2022,,"Trata-se de projeto para apoiar a participação de uma equipe de voleibol Masculino Master 50+ do Distrito Federal, para representar a Capital Federal nos Campeonatos Master de Vôlei, nacionais e internacionais.",,
Master,MASTER,FORA,emenda orçamentária,credito_emenda,nome_subtitulo,,,,,,,2022,,APOIO AO CAMPEONATO BRASILEIRO MASTER,,
Master,Master,FORA,emenda orçamentária,credito_emenda,justificativa,,,,,,,2022,,"Trata-se de projeto para apoiar a participação de uma equipe de voleibol Masculino Master 50+ do Distrito Federal, para representar a Capital Federal nos Campeonatos Master de Vôlei, nacionais e internacionais.",,
Master,MASTER,FORA,despesa — empenho,despesa_empenho,credor,,,,,,,2023,,MASTER TRAVEL AGENCIA DE VIAGENS E TURISMO LTDA,,
Master,MASTER,FORA,despesa — empenho,despesa_empenho,especificacao,,,,,,,2026,,RENAULT-MASTER. PLACA JKH 5431.,,
Master,MASTER,FORA,despesa — empenho,despesa_empenho,credor,,,,,,,2026,,MASTER ENGENHARIA E SEGURANÇA PATRIMONIAL LTDA,,
Master,MASTER,FORA,despesa — empenho,despesa_empenho,credor,,,,,,,2026,,MASTER ENGENHARIA E SEGURANÇA PATRIMONIAL LTDA,,
Master,MASTER,FORA,despesa — empenho,despesa_empenho,credor,,,,,,,2026,,MASTER ENGENHARIA E SEGURANÇA PATRIMONIAL LTDA,,
Master,MASTER,FORA,despesa — empenho,despesa_empenho,credor,,,,,,,2026,,MASTER ENGENHARIA E SEGURANÇA PATRIMONIAL LTDA,,
BRB,BRB,BRB-OUTRO,despesa — pagamento,despesa_pagamento,credor_nome,,,,,,,,,BRB - BANCO DE BRASILIA S/A,,
BRB,BRB,BRB-OUTRO,despesa — pagamento,despesa_pagamento,credor_nome,,,,,,,,,BRB - BANCO DE BRASILIA S/A,,
BRB,BRB,BRB-OUTRO,despesa — pagamento,despesa_pagamento,credor_nome,,,,,,,,,BRB - BANCO DE BRASILIA S/A,,
BRB,BRB,BRB-OUTRO,despesa — pagamento,despesa_pagamento,credor_nome,,,,,,,,,BRB - BANCO DE BRASILIA S/A,,
Master,MASTER,FORA,despesa — pagamento,despesa_pagamento,credor_nome,,,,,,,,,MASTER TRAVEL AGENCIA DE VIAGENS E TURISMO LTDA,,
Master,MASTER,FORA,despesa — pagamento,despesa_pagamento,credor_nome,,,,,,,,,MASTER ENGENHARIA E SEGURANÇA PATRIMONIAL LTDA,,
Master,MASTER,FORA,despesa — pagamento,despesa_pagamento,credor_nome,,,,,,,,,MASTER ENGENHARIA E SEGURANÇA PATRIMONIAL LTDA,,
BRB,BRB,BRB-OUTRO,documento,documento,texto,REQ 3023/2022,6175,32581,43007,Requerimento,GAB DEP LEANDRO GRASS,2022-01-19T16:07:46,Requer à Secretaria de Estado de Economia do Distrito Federal informações sobre o pagamento da 3ª Parcela do reajuste aos servidores do GDF.,"ento Interno da Câmara Legislativa do DF, requeiro a Vossa Excelência, ouvida a Mesa Diretora, que sejam solicitadas as seguintes informações, à Secretaria de Estado de Economia do Distrito Federal: a) A Secretaria considera abater dívidas de servidores com o BRB utilizando o valor da 3ª parcela do reajuste das categorias do funcionalismo público que, ao menos em tese, deveria ter sido recebido desde 2015? b) Há algum cronograma de pagamento dos valores retroativos, ou seja, desde o momento em que o reajuste deveri",https://ple.cl.df.gov.br/pleservico/api/public/proposicao/6175/documento/ativas,data/raw/documento-ativas/4c390dfbc084c5ea.json
BRB,BRB,BRB-OUTRO,documento,documento,texto,IND 8210/2022,6765,34212,46285,Indicação,GAB DEP ROBÉRIO NEGREIROS,2022-02-15T17:26:01,"Sugere ao Poder Executivo do Distrito Federal, por intermédio da Secretaria de Estado de Educação do Distrito Federal, que proceda à regularização da distribuição do cartão material escolar aos alunos da rede pública de educação do Distrito Federal.","os matriculados na rede pública de ensino do Distrito Federal, entre 04 e 17 anos. Além disso, que em 2022 a previsão de atendimento é de aproximadamente 100 mil estudantes. Ademais, sobre os novos créditos e cartões, que a Secretaria está em tratativas com o BRB. Entretanto, não apontou a data que o benefício será efetivamente concedido. Desse modo, a situação em tela é grave e exige a atuação imediata da Secretaria de Estado de Educação do Distrito Federal, no sentido de envidar todos os esforços necessários para",https://ple.cl.df.gov.br/pleservico/api/public/proposicao/6765/documento/ativas,data/raw/documento-ativas/338711689288e95b.json
BRB,BRB,BRB-OUTRO,documento,documento,texto,IND 8320/2022,7114,36014,49763,Indicação,GAB DEP AGACIEL MAIA,2022-03-15T10:42:12,"Sugere ao Poder Executivo, por intermédio do Banco de Brasília – BRB, a criação de uma linha de crédito especial para taxistas. ","CÂMARA LEGISLATIVA DO DISTRITO FEDERAL Gabinete do Deputado Agaciel Maia - Gab 07 Indicação Nº , DE 2022 (Autoria: Deputado Agaciel Maia) Sugere ao Poder Executivo, por intermédio do Banco de Brasília – BRB, a criação de uma linha de crédito especial para taxistas. A CÂMARA LEGISLATIVA DO DISTRITO FEDERAL, nos termos do art. 143, do Regimento Interno da Câmara Legislativa do Distrito Federal, sugere ao Poder Executivo, por intermédio do Banco de Brasília – BRB,",https://ple.cl.df.gov.br/pleservico/api/public/proposicao/7114/documento/ativas,data/raw/documento-ativas/f3e6fec4eae93641.json
BRB,BRB,BRB-OUTRO,documento,documento,texto,PL 2518/2022,6575,42088,59639,Parecer,GAB DEP ARLETE SAMPAIO,2022-05-10T17:29:53,"Dispõe sobre a obrigatoriedade dos postos de distribuição de medicamentos da rede pública de saúde do Distrito Federal de realizarem o cadastro de celular dos pacientes, para informar previamente sobre a disponibilidade dos medicamentos para a retirada.","itante, quanto das pessoas autorizadas por ele a representá-lo diante do serviço. Ainda a respeito das farmácias de alto custo, repercutiu recentemente, na página do Governo distrital, o resultado de um programa conduzido em parceria com o Banco de Brasília – BRB: Programa Entregas de Medicamentos em Casa. Com ele, todas as pessoas inscritas nas farmácias de alto custo são beneficiadas. Atualmente, segundo o Governo, há 37 mil cidadãos cadastrados e 18 mil recebem regularmente os medicamentos no domicílio. O Progra",https://ple.cl.df.gov.br/pleservico/api/public/proposicao/6575/documento/ativas,data/raw/documento-ativas/77a0e58615b3e275.json
BRB,BRB,BRB-OUTRO,documento,documento,texto,MO 1590/2022,8347,43456,62529,Moção,GAB DEP MARTINS MACHADO,2022-05-24T09:48:49,"Manifesta votos de Louvor e homenageia mulheres do DF, que especifica, pelos excelentes serviços prestados à população do Distrito Federal, em razão da 3ª Semana Legislativa pela Mulher, ","(ICTDF) em setembro do ano passado. Com grande experiência em administração de empresas, liderança de equipes, planejamento estratégico e relacionamento com o mercado público e privado, Valda já atuou no segmento financeiro de grandes empresas nacionais, como BRB e Correio Brasiliense, outras entidades do terceiro setor e no Instituto de Gestão Estratégica de Saúde do DF (IGESDF). De forma a reconhecer a notoriedade dessas autoridades e por elas engrandecer todas as mulheres do DF, é que solicito o apoio dos nobres",https://ple.cl.df.gov.br/pleservico/api/public/proposicao/8347/documento/ativas,data/raw/documento-ativas/15e35ebca943cadd.json
BRB,BRB,BRB-OUTRO,documento,documento,texto,REQ 3364/2022,8486,44278,63267,Requerimento,GAB DEP CHICO VIGILANTE,2022-05-31T14:51:36,Requer a Transformação da Sessão Ordinária do dia 04 de agosto de 2022 em Comissão Geral para debater a situação dos servidores superendividados do Branco de Brasília - BRB.,"ado Chico Vigilante - Gab 09 Requerimento Nº , DE 2022 (Autoria: Deputado Chico Vigilante) Requer a Transformação da Sessão Ordinária do dia 04 de agosto de 2022 em Comissão Geral para debater a situação dos servidores superendividados do Branco de Brasília - BRB. Excelentíssimo Senhor Presidente da Câmara Legislativa do Distrito Federal: Nos termos do art. 125, I, do Regimento Interno, requeiro a transformação da Sessão Ordinária do dia 05 de agosto de 2022 em Comissão Geral, para debater a situação dos servidores",https://ple.cl.df.gov.br/pleservico/api/public/proposicao/8486/documento/ativas,data/raw/documento-ativas/908e57344c0bea6b.json
BRB,BRB,BRB-OUTRO,documento,documento,texto,PL 2749/2022,8181,44981,64449,Redação Final,CCJ,2022-06-08T16:29:01,Dispõe sobre o programa de acesso à justiça e fomento ao advogado iniciante.,"gênere entre o Poder Executivo, por intermédio da secretaria de Estado de que trata o art. 2º, e outros órgãos e entidades, públicos ou privados, inclusive: I – a Defensoria Pública do Distrito Federal; II – a OAB/DF; III – o TJDFT; IV – o Banco de Brasília – BRB; V – o Instituto de Defesa do Consumidor – Procon/DF. Art. 32. O Poder Executivo deve regulamentar esta Lei. Art. 33. Esta Lei entra em vigor na data de sua publicação. Sala das Sessões, 7 de junho de 2022. Praça Municipal, Quadra 2, Lote 5, 1º Andar, Sala",https://ple.cl.df.gov.br/pleservico/api/public/proposicao/8181/documento/ativas,data/raw/documento-ativas/e69eae8e3add0b81.json
BRB,BRB,BRB-OUTRO,documento,documento,texto,REQ 3400/2022,8611,45026,65043,Requerimento,GAB DEP RAFAEL PRUDENTE,2022-06-09T15:47:22,"Requer a realização de Sessão Solene em comemoração aos 20 anos do Na Hora, a realizar-se no dia 22 de junho de 2022, às 19 horas, no Plenário da CLDF.","mento da população, as unidades do Na Hora estão no Plano Piloto (Rodoviária e Perícia Médica Federal), Taguatinga, Ceilândia, Sobradinho, Gama, Riacho Fundo e Brazlândia. Nestes endereços, a população poderá encontrar grande parte dos serviços ofertados pelo BRB, CAESB, Corpo de Bombeiros do Distrito Federal, Correios, Detran, Defensoria Pública do Distrito Federal, INSS, Neoenergia, Polícia Civil do Distrito Federal, Procon, Receita Federal, Tribunal Regional Eleitoral, entre vários outros. A presente preposição ",https://ple.cl.df.gov.br/pleservico/api/public/proposicao/8611/documento/ativas,data/raw/documento-ativas/649d9dbcf07028c0.json
BRB,BRB,BRB-OUTRO,documento,documento,texto,MO 1648/2022,8685,45541,65798,Moção,GAB DEP RAFAEL PRUDENTE,2022-06-20T15:27:05,"Manifesta votos de louvor aos servidores do Na Hora e parceiros da Associação dos Servidores e Empregados do Serviço de Atendimento Imediato ao Cidadão Na Hora - AssoseHora, pelos relevantes serviços prestados à população do Distrito Federal.","de serviços públicos de alto padrão de qualidade, eficiência e rapidez. Sua primeira unidade, Na Hora Rodoviária, foi inaugurada em 20 de junho de 2022, completando neste ano 20 anos de funcionamento. O Na Hora conta hoje com 24 órgãos parceiros, sendo eles: BRB Conveniência BRB Mobilidade Companhia Brasileira de Correios e Telégrafos - CORREIOS Companhia de Desenvolvimento Habitacional do Distrito Federal - CODHAB Companhia de Saneamento do Distrito Federal – CAESB Defensoria Pública do Distrito Federal – DPDF Def",https://ple.cl.df.gov.br/pleservico/api/public/proposicao/8685/documento/ativas,data/raw/documento-ativas/0d1dae9e4f223827.json
BRB,BRB,BRB-OUTRO,documento,documento,texto,MO 1661/2022,8731,45930,66062,Moção,GAB DEP RAFAEL PRUDENTE,2022-06-22T11:10:24,"Manifesta votos de louvor aos servidores do Na Hora e parceiros da Associação dos Servidores e Empregados do Serviço de Atendimento Imediato ao Cidadão Na Hora - AssoseHora, pelos relevantes serviços prestados à população do Distrito Federal.","de serviços públicos de alto padrão de qualidade, eficiência e rapidez. Sua primeira unidade, Na Hora Rodoviária, foi inaugurada em 20 de junho de 2022, completando neste ano 20 anos de funcionamento. O Na Hora conta hoje com 24 órgãos parceiros, sendo eles: BRB Conveniência BRB Mobilidade Companhia Brasileira de Correios e Telégrafos - CORREIOS Companhia de Desenvolvimento Habitacional do Distrito Federal - CODHAB Companhia de Saneamento do Distrito Federal – CAESB Defensoria Pública do Distrito Federal – DPDF Def",https://ple.cl.df.gov.br/pleservico/api/public/proposicao/8731/documento/ativas,data/raw/documento-ativas/edac469920c3e48d.json
BRB,BRB,BRB-OUTRO,documento,documento,texto,PL 2886/2022,8759,46090,67004,Projeto de Lei,GAB DEP ROOSEVELT VILELA,2022-06-23T16:15:40,"Estabelece o crédito responsável e assegura a garantia do mínimo existencial para os endividados do Distrito Federal, com medidas necessárias para dar cumprimento e efetividade aos artigos 6º, XI, e XII, 52, §2º, 54-D da Lei 8.078, de 11 de setembro de 1990.","a federação, ao que tudo indica, conforme apurado pela Defensoria Pública do Distrito Federal. O Distrito Federal apresenta uma condição muito própria, com os milhares de superendividados que se acumulam por conta de particular condição do Banco de Brasília - BRB. Do mesmo modo, importa deixar assentado, de forma bastante direta e sem controvérsias, que o problema do superendividamento do Distrito Federal jaz em sua esmagadora maioria dentre os funcionários públicos e pensionistas do Distrito Federal correntistas d",https://ple.cl.df.gov.br/pleservico/api/public/proposicao/8759/documento/ativas,data/raw/documento-ativas/2fb82ce13529f504.json
BRB,BRB,BRB-OUTRO,documento,documento,texto,REQ 3432/2022,8776,46223,66847,Requerimento,GAB DEP CHICO VIGILANTE,2022-06-27T14:42:39,"Requer a realização de Audiência Pública para debater sobre a gestão do Banco de Brasília - BRB, bem como  a sua expansão para outros Estados, no dia 24 de agosto de 2022.","CÂMARA LEGISLATIVA DO DISTRITO FEDERAL Gabinete do Deputado Chico Vigilante - Gab 09 Requerimento Nº , DE 2022 (Autoria: Deputado Chico Vigilante Lula da Silva) Requer a realização de Audiência Pública para debater sobre a gestão do Banco de Brasília - BRB e a sua expansão para outros Estados, no dia 24 de agosto de 2022. Excelentíssimo Senhor Presidente Da Câmara Legislativa Do Distrito Federal: Requeiro, nos termos dos arts. 85, 145, VIII, e 239 do Regimento Interno da Câmara Legislativa do Distrito Federal,",https://ple.cl.df.gov.br/pleservico/api/public/proposicao/8776/documento/ativas,data/raw/documento-ativas/21394e8c2ff94fd1.json
BRB,BRB,BRB-OUTRO,documento,documento,texto,MO 1682/2022,8794,46426,66779,Moção,GAB DEP RAFAEL PRUDENTE,2022-06-27T22:52:49,"Manifesta votos de louvor aos servidores do Na Hora e parceiros da Associação dos Servidores e Empregados do Serviço de Atendimento Imediato ao Cidadão Na Hora - AssoseHora, pelos relevantes serviços prestados à população do Distrito Federal.","de serviços públicos de alto padrão de qualidade, eficiência e rapidez. Sua primeira unidade, Na Hora Rodoviária, foi inaugurada em 20 de junho de 2022, completando neste ano 20 anos de funcionamento. O Na Hora conta hoje com 24 órgãos parceiros, sendo eles: BRB Conveniência BRB Mobilidade Companhia Brasileira de Correios e Telégrafos - CORREIOS Companhia de Desenvolvimento Habitacional do Distrito Federal - CODHAB Companhia de Saneamento do Distrito Federal – CAESB Defensoria Pública do Distrito Federal – DPDF Def",https://ple.cl.df.gov.br/pleservico/api/public/proposicao/8794/documento/ativas,data/raw/documento-ativas/d790bfe2007e91d4.json
BRB,BRB,BRB-OUTRO,documento,documento,texto,REQ 3432/2022,8776,46582,66956,Requerimento,GAB DEP CHICO VIGILANTE,2022-06-28T14:45:16,"Requer a realização de Audiência Pública para debater sobre a gestão do Banco de Brasília - BRB, bem como  a sua expansão para outros Estados, no dia 24 de agosto de 2022.","CÂMARA LEGISLATIVA DO DISTRITO FEDERAL Gabinete do Deputado Chico Vigilante - Gab 09 Requerimento Nº , DE 2022 (Autoria: Deputado Chico Vigilante Lula da Silva) Requer a realização de Audiência Pública para debater sobre a gestão do Banco de Brasília - BRB, bem como a sua expansão para outros Estados, no dia 24 de agosto de 2022. Excelentíssimo Senhor Presidente Da Câmara Legislativa Do Distrito Federal: Requeiro, nos termos dos arts. 85, 145, VIII, e 239 do Regimento Interno da Câmara Legislativa do Distrito F",https://ple.cl.df.gov.br/pleservico/api/public/proposicao/8776/documento/ativas,data/raw/documento-ativas/21394e8c2ff94fd1.json
BRB,BRB,BRB-OUTRO,documento,documento,texto,REQ 3434/2022,8812,46587,67131,Requerimento,GAB DEP LEANDRO GRASS,2022-06-28T15:04:44,Requer informações ao Banco de Brasília acerca da função de advogado exercida na referida instituição financeira.,"etudo em razão do que fora decidido na Ação Civil Pública nº 0012800-73.2007.5.10.0014 e cujo cumprimento está sendo debatido no cumprimento de sentença nº 0000463-33.2022.5.10.0012? Há escriturários ainda em atividades advocatícias no Banco de Brasília S/A - BRB? JUSTIFICAÇÃO O presente requerimento tem por escopo obter informações acerca da função de advogado exercida no Banco de Brasília S/A - BRB. Com efeito, o Banco de Brasília, além de possuir corpo jurídico próprio, conta com a terceirização de serviços advo",https://ple.cl.df.gov.br/pleservico/api/public/proposicao/8812/documento/ativas,data/raw/documento-ativas/df4d98f7931be4ed.json
BRB,BRB,BRB-OUTRO,documento,documento,texto,IND 8756/2022,8843,46818,67326,Indicação,GAB DEP ROBÉRIO NEGREIROS,2022-06-29T17:26:21,"Sugere ao Poder Executivo, por intermédio do Banco de Brasília (BRB), que providencie a instalação de uma Conveniência, na Quadra 225 e 425, em Samambaia Norte.   ","CÂMARA LEGISLATIVA DO DISTRITO FEDERAL Gabinete do Deputado Robério Negreiros - Gab 19 Indicação Nº , DE 2022 (Autoria: Deputado Robério Negreiros) Sugere ao Poder Executivo, por intermédio do Banco de Brasília (BRB), que providencie a instalação de uma Conveniência, na Quadra 225 e 425, em Samambaia Norte. A Câmara Legislativa do Distrito Federal, nos termos do artigo 143, de seu Regimento Interno, sugere ao Poder Executivo, por intermédio do Banco de Brasília (BRB), qu",https://ple.cl.df.gov.br/pleservico/api/public/proposicao/8843/documento/ativas,data/raw/documento-ativas/e0c784e0acae74d6.json
BRB,BRB,BRB-OUTRO,documento,documento,texto,PL 2943/2022,8844,46832,68086,Projeto de Lei,GAB DEP DELMASSO,2022-06-29T17:47:24,Determina o reajustamento anual  da Tabela de Remuneração paga aos proprietários das agências BRB Conveniência e dá outras providências.,"CÂMARA LEGISLATIVA DO DISTRITO FEDERAL Gabinete do Deputado Delmasso - Gab 04 Projeto de Lei Nº , DE 2022 (Do Senhor Deputado DELMASSO - REPUBLICANOS/DF) Determina o reajustamento anual da Tabela de Remuneração paga aos proprietários das agências BRB Conveniência. A CÂMARA LEGISLATIVA DO DISTRITO FEDERAL decreta: Art. 1º Fica determinado o reajustamento anual da Tabela de Remuneração paga aos proprietários das agências BRB Conveniência. Parágrafo único. O reajuste anual da Tabela de Remuneração se dará pe",https://ple.cl.df.gov.br/pleservico/api/public/proposicao/8844/documento/ativas,data/raw/documento-ativas/32206ed9452ac88d.json
BRB,BRB,BRB-OUTRO,documento,documento,texto,PL 2912/2022,8919,47435,68176,Projeto de Lei,GAB DEP FÁBIO FÉLIX,2022-07-06T15:11:34,Dá ao autódromo do Complexo Poliesportivo Ayrton Senna a denominação “Autódromo de Brasília” ,"em perfeitas condições. Embora este relatório técnico tenha recomendando a retomada do uso do autódromo, desde então, nenhuma outra competição profissional se realizou no Autódromo. Neste ano, foi noticiado que o GDF assinou Acordo de Cooperação Técnica com o BRB e Terracap, a fim de investir no terreno cerca de R$ 60 milhões de reais, o que permitiria a retomada das competições nacionais e internacionais no local. Ainda não foi anunciada data para reinauguração. É inadmissível, por essas razões, que um equipamento",https://ple.cl.df.gov.br/pleservico/api/public/proposicao/8919/documento/ativas,data/raw/documento-ativas/87bd432646f7f2f7.json
BRB,BRB,BRB-OUTRO,documento,documento,texto,REQ 3443/2022,8928,47444,68262,Requerimento,GAB DEP LEANDRO GRASS,2022-07-07T15:07:50,Requer informações ao Banco de Brasília (BRB) acerca de perdas operacionais em 2022.,"CÂMARA LEGISLATIVA DO DISTRITO FEDERAL Gabinete do Deputado Leandro Grass - Gab 13 Requerimento Nº , DE 2022 (Autoria: Deputado Leandro Grass) Requer informações ao Banco de Brasília (BRB) acerca de perdas operacionais em 2022. Excelentíssimo Senhor Presidente da Câmara Legislativa do Distrito Federal: Com amparo nos art. 60, XXXIII, da Lei Orgânica do Distrito Federal combinado com o art. 15, inciso III, art. 39, § 2º inciso XII e art. 40 do",https://ple.cl.df.gov.br/pleservico/api/public/proposicao/8928/documento/ativas,data/raw/documento-ativas/ccaa0a08a72b4f97.json
BRB,BRB,BRB-OUTRO,documento,documento,texto,PL 2946/2022,9109,48029,69647,Projeto de Lei,GAB DEP RAFAEL PRUDENTE,2022-08-08T16:15:13,Amplia a utilização dos créditos do Bilhete Único de Brasília e dá outras providências.,"réditos do Bilhete Único de Brasília e dá outras providências. Art. 1º Os usuários do sistema bilhete único, ficam autorizados a utilizar os créditos dos cartões para pagamentos de tributos e taxas devidos ao Distrito Federal. Art. 2º As agências bancárias do BRB e as lojas de conveniências vinculadas ao Banco Regional de Brasília, ficam autorizadas a debitar, no cartão bilhete único, os pagamentos dos seguintes tributos: I - Conta de água, II - Conta de luz, III - Taxa de limpeza urbana – TLP, IV - Imposto predial",https://ple.cl.df.gov.br/pleservico/api/public/proposicao/9109/documento/ativas,data/raw/documento-ativas/3c748fa8ee6b0896.json
BRB,BrB,BRB-OUTRO,documento,documento,texto,REQ 3478/2022,9142,48262,70058,Requerimento,GAB DEP LEANDRO GRASS,2022-08-10T14:53:03,"Requer a aprovação, pela Mesa Diretora da Câmara Legislativa do Distrito Federal, de requisição de auditoria ao Tribunal de Contas do Distrito Federal, acerca dos contratos entabulados pela Terracap com a Arena BsB e do contrato entabulado entre o Banco de Brasília e a mesma Arena BsB, acerca da con","ensejou na paralisação de diversos serviços ali prestados, uma vez que, até os dias atuais, não se tem conhecimento da disponibilização dos equipamentos em outro local; d) aspectos de economicidade do contrato para denominar o Estádio Mané Garrincha de Arena BrB, à luz do contrato, não disponibilizado no sítio eletrônico da concessionária, especialmente pelo fato de que o valor divulgado era de R$ 2,5 milhões por três anos, o que demonstra que o poder público, para além da concessão realizada, paga para dar nome ao",https://ple.cl.df.gov.br/pleservico/api/public/proposicao/9142/documento/ativas,data/raw/documento-ativas/c8701934286c410c.json
BRB,BRB,BRB-OUTRO,documento,documento,texto,PL 2943/2022,8844,48477,70657,Emenda,GAB DEP DELMASSO,2022-08-16T15:09:52,Determina o reajustamento anual  da Tabela de Remuneração paga aos proprietários das agências BRB Conveniência e dá outras providências.,"O DISTRITO FEDERAL Gabinete do Deputado Delmasso - Gab 04 emenda SUBSTITUTIVA SUBSTITUTIVO N.º /2022 (Do Senhor Deputado DELMASSO) Ao Projeto de Lei nº 2943/2022 que “Determina o reajustamento anual da Tabela de Remuneração paga aos proprietários das agências BRB Conveniência e dá outras providências. Dê-se ao Projeto de Lei n° 2.943/2022, a seguinte redação: PROJETO DE LEI N.º 2.943/2022 (Do Senhor Deputado DELMASSO) Determina o reajustamento anual da Tabela de Remuneração paga aos proprietários das unidades BRB C",https://ple.cl.df.gov.br/pleservico/api/public/proposicao/8844/documento/ativas,data/raw/documento-ativas/32206ed9452ac88d.json
BRB,BRB,BRB-OUTRO,documento,documento,texto,IND 8915/2022,9406,49453,72416,Indicação,GAB DEP CLAUDIO ABRANTES,2022-09-13T13:14:06,"Sugere ao Excelentíssimo Senhor Governador do Distrito Federal que interceda junto ao Senhor Presidente do Banco de Brasília - BRB - para que  seja providenciada a abertura de linha de crédito, junto à mencionada instituição financeira, visando o financiamento de maquinários e insumos necessários pa","TIVA DO DISTRITO FEDERAL Gabinete do Deputado Claudio Abrantes - Gab 17 Indicação Nº , DE 2022 (Do Senhor Deputado CLAUDIO ABRANTES) Sugere ao Excelentíssimo Senhor Governador do Distrito Federal que interceda junto ao Senhor Presidente do Banco de Brasília - BRB - para que seja providenciada a abertura de linha de crédito, junto à mencionada instituição financeira, visando o financiamento de maquinários e insumos necessários para o exercício da profissão dos chaveiros (CBO 5231-15 e CNAE 9529-1/02), atuantes no Di",https://ple.cl.df.gov.br/pleservico/api/public/proposicao/9406/documento/ativas,data/raw/documento-ativas/192516048e57ae90.json
BRB,BRB,BRB-OUTRO,documento,documento,texto,PL 2682/2022,7772,49549,72597,Parecer,GAB DEP CHICO VIGILANTE,2022-09-16T11:04:04,Estabelece direitos e deveres do consumidor dos serviços do Sistema de Transporte Público Coletivo do Distrito Federal (STPC/DF) em todo o território do Distrito Federal e dá outras providências.,"âmbito do Metrô, uma das metas de 2022 seria tanto a possibilidade de pagamento pelo protocolo EMV (diretamente na catraca), quanto nas bilheterias, para compra de crédito[7]. Nesse sentido, em dezembro de 2021, foi assinado Acordo Operacional entre o Metrô e BRB para a instalação de um projeto piloto com o objetivo de possibilitar a “aceitação de cartões de crédito e de débito com tecnologia contactless diretamente nas catracas das estações do Metrô/DF”[8]. Inclusive, em entrevista do dia 09/08/2022, o Secretário ",https://ple.cl.df.gov.br/pleservico/api/public/proposicao/7772/documento/ativas,data/raw/documento-ativas/5697fc389c946a38.json
BRB,brb,BRB-OUTRO,documento,documento,texto,REQ 3542/2022,9619,50312,74103,Requerimento,GAB DEP LEANDRO GRASS,2022-10-24T16:02:48,Requer informações ao Banco de Brasília acerca de investimentos na cultura no Distrito Federal.,"t. 40 do Regimento Interno da Câmara Legislativa do DF, requeiro a Vossa Excelência, ouvida a Mesa Diretora, que sejam solicitadas, ao Banco de Brasília, as seguintes informações: a) Segundo noticiado pela mídia local (https://jornaldebrasilia.com.br/brasilia/brb-cultural-banco-preve-investimentos-na-cultura-do-df/), o Banco de Brasília prevê investimentos na cultura do Distrito Federal. Diante disso, indaga-se, de que forma será feito esse investimento? Será via patrocínio? Ou será investimento direto do Banco? b)",https://ple.cl.df.gov.br/pleservico/api/public/proposicao/9619/documento/ativas,data/raw/documento-ativas/c92f5d49c7dc26be.json
BRB,brb,BRB-OUTRO,documento,documento,texto,REQ 3543/2022,9620,50313,74105,Requerimento,GAB DEP LEANDRO GRASS,2022-10-24T16:28:24,Requer informações à Secretaria de Estado de Cultura acerca de investimentos do Banco de Brasília na cultura no Distrito Federal.,"ento Interno da Câmara Legislativa do DF, requeiro a Vossa Excelência, ouvida a Mesa Diretora, que sejam solicitadas, à Secretaria de Estado de Brasília, as seguintes informações: a) Segundo noticiado pela mídia local (https://jornaldebrasilia.com.br/brasilia/brb-cultural-banco-preve-investimentos-na-cultura-do-df/), o Banco de Brasília prevê investimentos na cultura do Distrito Federal. Diante disso, indaga-se, de que forma será feito esse investimento? Será via patrocínio? Ou será investimento direto do Banco? b)",https://ple.cl.df.gov.br/pleservico/api/public/proposicao/9620/documento/ativas,data/raw/documento-ativas/5db3629f93df5725.json
BRB,BRB,BRB-OUTRO,documento,documento,texto,PL 3031/2022,9689,50690,74871,Projeto de Lei,GAB DEP DELMASSO,2022-11-01T12:06:24,"Dispõe sobre a concessão de auxílio financeiro aos jovens com idade entre 18 a 29 anos, desempregados, em situação de vulnerabilidade social, que não estão sendo atendidos por programas sociais do Governo do Distrito Federal.","ntude do Distrito Federal, mediante requerimento e comprovação das condições estabelecidas no § 2º do art. 1º. Art. 3º O auxílio financeiro de que trata esta lei será financiado com recursos do Tesouro Distrital, ficando estabelecido o Banco de Brasília S.A – BRB seu agente financeiro. Art. 4º Esta Lei entra em vigor na data de sua publicação, revogadas as disposições em contrário. JUSTIFICAÇÃO O presente projeto de lei busca instituir concessão de auxílio financeiro aos jovens com idade entre 18 a 29 anos, desempr",https://ple.cl.df.gov.br/pleservico/api/public/proposicao/9689/documento/ativas,data/raw/documento-ativas/dc9540760b3b5dde.json
BRB,BRB,BRB-OUTRO,documento,documento,texto,IND 9077/2022,9814,51737,76473,Indicação,GAB DEP JAQUELINE SILVA,2022-11-17T15:52:16,"Sugere ao Poder Executivo que, por intermédio do Departamento de Transito do Distrito Federal – DETRAN/DF, promova a repintura das faixas no Setor de Industrias Gráficas, na altura do Banco BRB e Posto Petrobras, na Região Administrativa do Sudoeste/Octogonal – RA XXII. ","a - Gab 03 Indicação Nº , DE 2022 (Autoria: Deputada Jaqueline Silva) Sugere ao Poder Executivo que, por intermédio do Departamento de Transito do Distrito Federal – DETRAN/DF, promova a repintura das faixas no Setor de Industrias Gráficas, na altura do Banco BRB e Posto Petrobras, na Região Administrativa do Sudoeste/ Octogonal – RA XXII. A CÂMARA LEGISLATIVA DO DISTRITO FEDERAL, nos termos do art. 143 do Regimento Interno, sugere ao Poder Executivo que, por intermédio do Departamento de Transito do Distrito Feder",https://ple.cl.df.gov.br/pleservico/api/public/proposicao/9814/documento/ativas,data/raw/documento-ativas/995f876c3bb9e4cc.json
BRB,BRB,BRB-OUTRO,documento,documento,texto,PR 87/2022,9844,52481,78005,Projeto de Resolução,GPVP,2022-11-23T16:13:08,Regulamenta o funcionamento e a estrutura do Fundo de Assistência à Saúde dos Deputados Distritais e dos Servidores da Câmara Legislativa do Distrito Federal – Fascal e dá outras providências.,"razo máximo de 24 meses. § 3º O valor da contribuição mensal e da participação nas despesas a que se refere o art. 5º deve ser recolhido até o quinto dia útil do mês subsequente por uma das seguintes formas: I – débito em conta-corrente do Banco de Brasília – BRB, autorizado pelo associado titular optante, sendo que eventuais despesas decorrentes de tarifa bancária correm por conta do associado; II – pagamento por meio de boleto bancário emitido pelo Fascal, cuja tarifa de emissão é cobrada do associado; III – cons",https://ple.cl.df.gov.br/pleservico/api/public/proposicao/9844/documento/ativas,data/raw/documento-ativas/38bd28a51ce31b11.json
BRB,BRB,BRB-OUTRO,documento,documento,texto,PR 87/2022,9844,54634,79660,Redação Final,CCJ,2022-12-16T12:05:51,Regulamenta o funcionamento e a estrutura do Fundo de Assistência à Saúde dos Deputados Distritais e dos Servidores da Câmara Legislativa do Distrito Federal – Fascal e dá outras providências.,"razo máximo de 24 meses. § 3º O valor da contribuição mensal e da participação nas despesas a que se refere o art. 5º deve ser recolhido até o quinto dia útil do mês subsequente por uma das seguintes formas: I – débito em conta-corrente do Banco de Brasília – BRB, autorizado pelo associado titular optante, sendo que eventuais despesas decorrentes de tarifa bancária correm por conta do associado; II – pagamento por meio de boleto bancário emitido pelo Fascal, cuja tarifa de emissão é cobrada do associado; III – cons",https://ple.cl.df.gov.br/pleservico/api/public/proposicao/9844/documento/ativas,data/raw/documento-ativas/38bd28a51ce31b11.json
BRB,BRB,BRB-OUTRO,documento,documento,texto,PL 27/2023,10041,55212,80466,Projeto de Lei,GAB DEP CHICO VIGILANTE,2023-01-04T13:53:00,"Dá nova denominação ao Complexo Esportivo de Brasília: Arena BRB Mané Garrincha, Arena BRB Nilson Nelson e Complexo Aquático Claudio Coutinho.","CÂMARA LEGISLATIVA DO DISTRITO FEDERAL Gabinete do Deputado Chico Vigilante - Gab 09 Projeto de Lei Nº , DE 2023 (Do Sr. Deputado Chico Vigilante Lula da Silva) Dá nova denominação ao Complexo Esportivo de Brasília: Arena BRB Mané Garrincha, Arena BRB Nilson Nelson e Complexo Aquático Claudio Coutinho. A CÂMARA LEGISLATIVA DO DISTRITO FEDERAL decreta: Art. 1º O Complexo Esportivo de Brasília: Arena BRB Mané Garrincha, Arena BRB Nilson Nelson e Complexo Aquático Claudio Coutinho, p",https://ple.cl.df.gov.br/pleservico/api/public/proposicao/10041/documento/ativas,data/raw/documento-ativas/d9d6923db1e2094d.json
BRB,BRB,BRB-OUTRO,documento,documento,texto,PL 971/2024,10281,56375,82612,Projeto de Lei,GAB DEP PR DANIEL DE CASTRO,2023-01-24T15:53:01,"Dispõe sobre a instalação de elevadores em blocos de habitação coletiva do Plano Piloto, RA I.","ssembleia que aprovou a decisão no âmbito do condomínio. Parágrafo Único. Nos locais em que se fizer necessário o remanejamento de redes, as concessionárias de serviço público procederão à execução do serviço. Art. 3º Fica criada, junto ao Banco de Brasília - BRB, linha de crédito especial, destinada a atender financiamento para construção das instalações prediais referidas no caput do art. 1º desta Lei. Parágrafo Único. O Banco de BrasÍlia - BRB estabelecerá as normas a serem cumpridas pelos proponentes ao financi",https://ple.cl.df.gov.br/pleservico/api/public/proposicao/10281/documento/ativas,data/raw/documento-ativas/743708814d508fe3.json
BRB,BRB,BRB-OUTRO,documento,documento,texto,PDL 4/2023,10392,57116,84421,Projeto de Decreto Legislativo,GAB DEP PAULA BELMONTE,2023-02-02T11:55:31,"Susta os efeitos da Portaria nº 35, de 23 de janeiro de 2023, da Secretaria de Estado de Transporte e Mobilidade, na forma que especifica. ","e fevereiro de 1995. Parágrafo único. Quando do resgate dos valores expirados para a manutenção do equilíbrio econômico financeiro do STPC/DF, a Secretaria de Estado de Transporte e Mobilidade do Distrito Federal - SEMOB deverá repassar ao Banco de Brasília - BRB, o percentual a que se refere o artigo 1°, § 2° e artigo 2°, ambos, do Decreto Nº 39.994, de 06 de agosto de 2019. Art. 3º O Secretário de Estado de Transporte e Mobilidade do Distrito Federal estabelecerá, em ato próprio, as normas complementares relativa",https://ple.cl.df.gov.br/pleservico/api/public/proposicao/10392/documento/ativas,data/raw/documento-ativas/d37ca59131c1130a.json
BRB,BRB,BRB-OUTRO,documento,documento,texto,PL 100/2023,10427,57512,85081,Projeto de Lei,GAB DEP RICARDO VALE,2023-02-05T10:16:02,"Altera a Lei nº 4.011, de 12 de setembro de 2007, que dispõe sobre os serviços de transporte público coletivo integrantes do Sistema de Transporte do Distrito Federal, instituído pela Lei Orgânica do Distrito Federal, e dá outras providências. ","e fevereiro de 1995. Parágrafo único. Quando do resgate dos valores expirados para a manutenção do equilíbrio econômico financeiro do STPC/DF, a Secretaria de Estado de Transporte e Mobilidade do Distrito Federal - SEMOB deverá repassar ao Banco de Brasília - BRB, o percentual a que se refere o artigo 1°, § 2° e artigo 2°, ambos, do Decreto Nº 39.994, de 06 de agosto de 2019. Art. 3º O Secretário de Estado de Transporte e Mobilidade do Distrito Federal estabelecerá, em ato próprio, as normas complementares relativa",https://ple.cl.df.gov.br/pleservico/api/public/proposicao/10427/documento/ativas,data/raw/documento-ativas/95ea4eaf7d8365ae.json
BRB,BRB,BRB-OUTRO,documento,documento,texto,PL 126/2023,10504,58108,87718,Projeto de Lei,GAB DEP FÁBIO FÉLIX,2023-02-08T11:21:49,Dispõe sobre validade dos créditos adquiridos para uso no Sistema de Transporte Público Coletivo do Distrito Federal - STPC/DF.,"réditos após o prazo de vencimento, para conciliar os direitos dos usuários ao interesse público. No Distrito Federal, o cartão de transporte que integra o sistema de bilhetagem automática, chamado Cartão Mobilidade é operacionalizado pelo Banco de Brasília - BRB, e permite a recarga de valores para utilização do sistema de transporte público e integração entre modais de transporte no Distrito Federal. A título informativo, segundo o sítio do BRB, “a recarga pode ser feita pelo aplicativo BRB Mobilidade disponível ",https://ple.cl.df.gov.br/pleservico/api/public/proposicao/10504/documento/ativas,data/raw/documento-ativas/bb1b74c341e593d1.json
BRB,BRB,BRB-OUTRO,documento,documento,texto,REQ 155/2023,10590,58686,87326,Requerimento,GAB DEP GABRIEL MAGNO,2023-02-13T17:47:56,Requer a transformação da Sessão Ordinária do dia 23 de fevereiro de 2023 em Comissão Geral para debater o endividamento dos servidores públicos do Distrito Federal com o Banco de Brasília – BRB.,"- Gab 16 Requerimento Nº , DE 2023 (Autoria: Deputado Gabriel Magno) Requer a transformação da Sessão Ordinária do dia 23 de fevereiro de 2023 em Comissão Geral para debater o endividamento dos servidores públicos do Distrito Federal com o Banco de Brasília – BRB. Excelentíssimo Senhor Presidente Da Câmara Legislativa Do Distrito Federal: Requeiro a Vossa Excelência, à luz do disposto no art. 125, I, do Regimento Interno da Câmara Legislativa, a transformação da Sessão Ordinária do dia 23 de fevereiro de 2023 em Co",https://ple.cl.df.gov.br/pleservico/api/public/proposicao/10590/documento/ativas,data/raw/documento-ativas/07b9c504bbded42c.json
BRB,BRB,BRB-OUTRO,documento,documento,texto,PL 125/2023,10592,58699,87392,Projeto de Lei,GAB DEP MAX MACIEL,2023-02-13T23:16:33,Dispõe sobre os créditos armazenados na forma de valores monetários do Sistema de Bilhetagem Automática - SBA/DF do Sistema de Transporte Público Coletivo do Distrito Federal - STPC/DF e da outras providências.,"bilidade deverá disponibilizar em seu sítio na internet os valores monetários não utilizados, de forma discriminada, para atender a demanda de informações sobre a gestão pública e determinações constitucionais. § 1º A Secretaria de Transporte e Mobilidade e o BRB Mobilidade deverão utilizar de todos canais de comunicação para divulgar os efeitos dessa lei. § 2º Os beneficiários do Sistema de Bilhetagem Automática - SBA/DF do Sistema de Transporte Público Coletivo do Distrito Federal - STPC/DF deverão ser notificado",https://ple.cl.df.gov.br/pleservico/api/public/proposicao/10592/documento/ativas,data/raw/documento-ativas/7c7b4d41abda584c.json
BRB,BRB,BRB-OUTRO,documento,documento,texto,IND 250/2023,10647,59042,88188,Indicação,GAB DEP JAQUELINE SILVA,2023-02-15T17:41:10,"Sugere ao Poder Executivo que, por intermédio da Administração Regional de Ceilândia, e da Companhia Urbanizadora da Nova Capital – NOVACAP, promovam a construção de estacionamento em frente ao BRB na ADE do P Sul, Região Administrativa de Ceilândia – RA IX.","Gab 03 Indicação Nº , DE 2023 (Autoria: Deputada Jaqueline Silva) Sugere ao Poder Executivo que, por intermédio da Administração Regional de Ceilândia, e da Companhia Urbanizadora da Nova Capital – NOVACAP, promovam a construção de estacionamento em frente ao BRB na ADE do P Sul, Região Administrativa de Ceilândia – RA IX. A CÂMARA LEGISLATIVA DO DISTRITO FEDERAL, nos termos do art. 143 do Regimento Interno, sugere ao Poder Executivo que, por intermédio da Administração Regional de Ceilândia, e da Companhia Urbaniz",https://ple.cl.df.gov.br/pleservico/api/public/proposicao/10647/documento/ativas,data/raw/documento-ativas/1df0aff18973f1e0.json
BRB,BRB,BRB-OUTRO,documento,documento,texto,PL 155/2023,10880,59833,90166,Projeto de Lei,GAB DEP THIAGO MANZONI,2023-02-27T11:42:26,Institui o Estatuto de Defesa dos Direitos dos Usuários do Banco de Brasília. ,"stitui o Estatuto de Defesa dos Direitos dos Usuários do Banco de Brasília. A CÂMARA LEGISLATIVA DO DISTRITO FEDERAL DECRETA: CAPÍTULO I DAS DISPOSIÇÕES PRELIMINARES Art. 1º Fica instituído o Estatuto de Defesa dos Direitos dos Usuários do Banco de Brasília - BRB, destinado a estabelecer orientações normativas que garantam ao usuário a prestação eficiente dos serviços, o exercício do crédito responsável e o cumprimento das funções institucionais de fomento à economia do Distrito Federal. Art. 2º Para os efeitos des",https://ple.cl.df.gov.br/pleservico/api/public/proposicao/10880/documento/ativas,data/raw/documento-ativas/46c2f9c594b124be.json
BRB,BRB,BRB-OUTRO,documento,documento,texto,PL 202/2023,11162,61519,94152,Projeto de Lei,GAB DEP PAULA BELMONTE,2023-03-09T16:38:49,"Dispõe sobre a implementação da transparência nas informações sobre os usuários beneficiários da gratuidade do transporte público coletivo do Distrito Federal, na forma que especifica.","ações ora solicitadas e que deverá ser dado publicidade, já estão disponíveis tanto à Secretaria de Estado de Mobilidade do Distrito Federal, como também à instituição financeira que operacionaliza o Sistema de Bilhetagem que, in casu, é o Banco de Brasília - BRB e empresas do conglomerado, conforme dispõe o art. 11, da Lei 4.011, de 12 de setembro de 2007. Vejamos: “Art. 11. A confecção e manutenção de cadastros, a geração, distribuição e comercialização dos cartões e dos créditos de viagem do Sistema de Bilhetage",https://ple.cl.df.gov.br/pleservico/api/public/proposicao/11162/documento/ativas,data/raw/documento-ativas/730c70b409ac7f15.json
BRB,BRB,BRB-OUTRO,documento,documento,texto,MO 75/2023,11860,65377,104114,Moção,GAB DEP GABRIEL MAGNO,2023-03-28T11:07:27,"Manifesta Votos de Louvor e Aplausos aos/às servidores,  gestores, usuários e instituições pelos relevantes trabalhos e contribuições desenvolvidos em prol da saúde do Distrito Federal comemorando o Dia Mundial da Saúde. ",de pacientes com respeito e acolhimento compreendendo a dificuldade da família ao solicitar um transporte público de urgência e emergência. Daniela Carneiro Bianchi Lisboa - É Usuária Educadora Social. Atuou na empresa CTIS porém como terceirizada dos Seguros BRB. Atualmente dedica-se ao trabalho voluntário nas Obras Sociais do Centro Espírita Irmão Áureo junto à juventude. É fundadora e administra o Grupo de Mães Imunos DF criado para que junto a outras mães e portadores de EII (Erro inato da imunidade) possa luta,https://ple.cl.df.gov.br/pleservico/api/public/proposicao/11860/documento/ativas,data/raw/documento-ativas/83e6b56266ae2785.json
BRB,BRB,BRB-OUTRO,documento,documento,texto,IND 876/2023,11909,65516,104411,Indicação,GAB DEP WELLINGTON LUIZ,2023-03-28T15:11:02,"Sugere ao Poder Executivo, por intermédio do Banco de Brasília – BRB, a criação de uma linha de crédito especial para produtores rurais de micro, pequenas e médias propriedades situadas na Região Administrativa de Ceilândia – RA IX.","CÂMARA LEGISLATIVA DO DISTRITO FEDERAL Gabinete do Deputado Wellington Luiz - Gab 17 Indicação Nº , DE 2023 (Autoria: Deputado Wellington Luiz) Sugere ao Poder Executivo, por intermédio do Banco de Brasília – BRB, a criação de uma linha de crédito especial para produtores rurais de micro, pequenas e médias propriedades situadas na Região Administrativa de Ceilândia – RA IX. A CÂMARA LEGISLATIVA DO DISTRITO FEDERAL, nos termos do art. 143 do Regimento Interno, Sugere a",https://ple.cl.df.gov.br/pleservico/api/public/proposicao/11909/documento/ativas,data/raw/documento-ativas/3c0bcc21d7a18a9b.json
BRB,BRB,BRB-OUTRO,documento,documento,texto,PL 258/2023,11952,65803,104978,Projeto de Lei,GAB DEP JORGE VIANNA,2023-03-29T14:38:46,"Concede gratuidade no transporte público para participantes do Programa Mãe Nutriz, no âmbito da rede pública de saúde do Distrito Federal.","torista do ônibus ou agente de estação do Metrô. Art. 3º Para obtenção do cartão de identificação de acesso gratuito, a participante do Programa Mãe Nutriz, ou terceiro munido de autorização assinada em formulário próprio, deverá dirigir-se a um dos postos do BRB Mobilidade e apresentar: I – documento de identificação oficial, com foto e número de CPF; II – certidão emitida pelo hospital no qual esteja internado o recém-nascido, atestando essa condição para fins de obtenção do benefício; III – endereço de correspon",https://ple.cl.df.gov.br/pleservico/api/public/proposicao/11952/documento/ativas,data/raw/documento-ativas/8ebc3fa99b09ad39.json
BRB,BRB,BRB-OUTRO,documento,documento,texto,IND 995/2023,12140,67128,107748,Indicação,GAB DEP IOLANDO,2023-04-05T15:13:12,"Sugere ao Poder Executivo, por intermédio do Banco de Brasília - BRB,  providências tendentes a concessão de linha de crédito destinada a pessoas com deficiência e ás entidades que trabalhem na sua promoção e na defesa de seu direitos.","CÂMARA LEGISLATIVA DO DISTRITO FEDERAL Gabinete do Deputado Iolando - Gab 21 Indicação Nº , DE 2023 (Do Sr.Deputado Iolando) Sugere ao Poder Executivo, por intermédio do Banco de Brasília - BRB, providências tendentes a concessão linha de crédito especial destinada às pessoas com deficiência e às entidades que trabalhem na sua promoção e na defesa de seus direitos A CÂMARA LEGISLATIVA DO DISTRITO FEDERAL, nos termos do art. 143 do Regimento Interno,",https://ple.cl.df.gov.br/pleservico/api/public/proposicao/12140/documento/ativas,data/raw/documento-ativas/7e210c200f40fe91.json
BRB,BRB,BRB-OUTRO,documento,documento,texto,REQ 420/2023,12296,67900,110112,Requerimento,GAB DEP FÁBIO FÉLIX,2023-04-13T15:11:40,Requer informações à Secretaria de Estado de Governo do Distrito Federal (SEGOV) sobre o procedimento de concessão de licenças aos ambulantes no Distrito Federal. ,"emorativas aos ambulantes no Distrito Federal? Qual a diferença entre a concessão de licenças provisórias e especiais no plano piloto e de outras Regiões Administrativas? Como é classificada, por essa Secretaria de Governo, a área circundante ao Estádio Arena BRB, compreendidas as áreas de gramado e estacionamento em termos de exploração de atividade comercial por ambulantes? Como se dá o procedimento de concessão de licenças para ambulantes nas proximidades do atual complexo esportivo Arena BRB? Qual a diferença e",https://ple.cl.df.gov.br/pleservico/api/public/proposicao/12296/documento/ativas,data/raw/documento-ativas/194be3feccc306db.json
BRB,BRB,BRB-OUTRO,documento,documento,texto,IND 1147/2023,12475,69068,115665,Indicação,GAB DEP JOÃO CARDOSO,2023-04-25T09:59:56,"Sugere ao Governador do Distrito Federal a elaboração de um termo de acordo técnico entre os órgãos de proteção e fiscalização do Distrito Federal (PMDF, CBMDF, DF LEGAL, AGEFIS, SAMU, VIGILANCIA SANITÀRIA, DETRAN), para que os mesmos atuem de forma integrada ao prestarem os serviços indispensáveis ","s órgãos de proteção e fiscalização do Distrito Federal (PMDF, CBMDF, DF LEGAL, SAMU, VIGILANCIA SANITÁRIA e DETRAN) para que os mesmos atuem de forma integrada ao prestarem os serviços indispensáveis de segurança e manutenção da ordem pública no ESPAÇO ARENA BRB MANÉ GARRINCHA. A CÂMARA LEGISLATIVA DO DISTRITO FEDERAL, nos termos do art. 143 do Regimento Interno, sugere ao Governador do Distrito Federal a elaboração de Ação Integrada e Cooperação Técnico-Operacional entre os órgãos de proteção e administração do D",https://ple.cl.df.gov.br/pleservico/api/public/proposicao/12475/documento/ativas,data/raw/documento-ativas/260b7132d63e4522.json
BRB,BRB,BRB-OUTRO,documento,documento,texto,IND 1160/2023,12636,70107,116290,Indicação,GAB DEP PR DANIEL DE CASTRO,2023-05-02T17:16:18,Sugere ao Excelentíssimo Senhor Governador do Distrito Federal a criação do Centro Integrado de Apoio Empresarial  - Na Hora Empresarial.,"riação de novas empresas, gerando, assim, mais emprego e renda para a população do Distrito Federal. Com o objetivo de promover essa simplificação, propõe-se a criação do Centro Integrado Na Hora Empresarial, reunindo em um único espaço serviços exclusivos do BRB, Junta Comercial, Agência do Trabalhador, Secretaria de Desenvolvimento Econômico e Secretaria da Fazenda. Esse centro atenderia às demandas de empresários, microempresários, microempreendedores individuais e de outros agentes econômicos. Por fim, cabe des",https://ple.cl.df.gov.br/pleservico/api/public/proposicao/12636/documento/ativas,data/raw/documento-ativas/9d4baa22fc012a91.json
BRB,BRB,BRB-OUTRO,documento,documento,texto,REQ 545/2023,12756,70452,118746,Requerimento,CFGTC,2023-05-04T17:32:03,Requer ao Banco de Brasília (BRB) informações acerca do cumprimento da Lei 7.239/2023.,"CÂMARA LEGISLATIVA DO DISTRITO FEDERAL Comissão de Fiscalização Governança Transparência e Controle Requerimento Nº , DE 2023 (Autoria: Comissão de Fiscalização, Governança, Transparência e Controle) Requer ao Banco de Brasília (BRB) informações acerca do cumprimento da Lei 7.239/2023. Excelentíssimo Senhor Presidente da Câmara Legislativa do Distrito Federal: Nos termos dos incisos XVI e XXXIII do art. 60 da Lei Orgânica do Distrito Federal, c/c art. 40 e art. 69-C- I, todos do Regiment",https://ple.cl.df.gov.br/pleservico/api/public/proposicao/12756/documento/ativas,data/raw/documento-ativas/87aaf27b657d4bb2.json
BRB,BRB,BRB-OUTRO,documento,documento,texto,PL 381/2023,12978,70994,118733,Projeto de Lei,GAB DEP HERMETO,2023-05-09T17:30:22,"Institui o programa DF Renovável, com a promoção de medidas voltadas para a ampliação da eficiência energética e o uso de energia a partir de fontes renováveis de acordo com os princípios, diretrizes, objetivos, metas e estratégias para a Política de Mudança Climática no âmbito do Distrito Federal i","do de Desenvolvimento Econômico do Distrito Federal – FUNDEFE -, na forma da legislação e regulamentação específica, a quem cabe os riscos operacionais decorrentes da contratação desses financiamentos; II - outros recursos. Art. 10. O Banco de Brasília S.A. – BRB - será o agente financeiro do financiamento especial para o desenvolvimento, ficando responsável pela cobrança, inclusive judicial, de inadimplência decorrente da concessão do referido financiamento. Parágrafo único. A concessão do financiamento para o des",https://ple.cl.df.gov.br/pleservico/api/public/proposicao/12978/documento/ativas,data/raw/documento-ativas/5c385983b93d7ec3.json
BRB,BRB,BRB-OUTRO,documento,documento,texto,REQ 545/2023,12756,71012,118810,Folha de Votação,CFGTC,2023-05-09T18:26:19,Requer ao Banco de Brasília (BRB) informações acerca do cumprimento da Lei 7.239/2023.,CÂMARA LEGISLATIVA DO DISTRITO FEDERAL Comissão de Fiscalização Governança Transparência e Controle Folha de votação - CFGTC Requerimento nº PROVISÓRIO: 16945/2023 Requer ao Banco de Brasília (BRB) informações acerca do cumprimento da Lei 7.239/2023. Autoria: Comissão de Fiscalização Governança Transparência Controle TITULARES Presidente ACOMPANHAMENTO Favorável Contrário Abstenção Deputada Paula Belmonte P X Deputado Ricardo Vale Deputado Robério Negr,https://ple.cl.df.gov.br/pleservico/api/public/proposicao/12756/documento/ativas,data/raw/documento-ativas/87aaf27b657d4bb2.json
BRB,BRB,BRB-OUTRO,documento,documento,texto,IND 1516/2023,13136,71901,120374,Indicação,GAB DEP EDUARDO PEDROSA,2023-05-12T14:05:38,"Sugere ao Poder Executivo do Distrito Federal, por intermédio do Banco de Brasília – BRB, a instalação de Agência Bancária na Região Administrativa do Sol Nascente e Pôr do Sol - RA XXXII.","CÂMARA LEGISLATIVA DO DISTRITO FEDERAL Gabinete do Deputado Eduardo Pedrosa - Gab 20 Indicação Nº , DE 2023 (Autoria: Deputado Eduardo Pedrosa) Sugere ao Poder Executivo do Distrito Federal, por intermédio do Banco de Brasília – BRB, a instalação de Agência Bancária na Região Administrativa do Sol Nascente e Pôr do Sol - RA XXXII. A CÂMARA LEGISLATIVA DO DISTRITO FEDERAL, nos termos do art. 143 do Regimento Interno, vem por meio desta proposição sugerir ao Poder Executivo do Distrito Fed",https://ple.cl.df.gov.br/pleservico/api/public/proposicao/13136/documento/ativas,data/raw/documento-ativas/e1b0f5fc77fb3312.json
BRB,BRB,BRB-OUTRO,documento,documento,texto,PL 155/2023,10880,72135,120992,Despacho,GAB DEP PAULA BELMONTE,2023-05-15T16:27:24,Institui o Estatuto de Defesa dos Direitos dos Usuários do Banco de Brasília. ,"rço de 2023, “a matéria tramitará, em análise de mérito e admissibilidade, na CEOF (RICL, art. 64, II, “a” e “c”) e, em análise de admissibilidade, na CCJ (RICL, art. 63, I)”. O projeto em análise visa estabelecer orientações normativas ao Banco de Brasília – BRB para assegurar a seus usuários a “prestação eficiente dos serviços, o exercício do crédito responsável e o cumprimento das funções institucionais de fomento à economia do Distrito Federal”. Preliminarmente, esclareça-se que o Código de Defesa do Consumidor",https://ple.cl.df.gov.br/pleservico/api/public/proposicao/10880/documento/ativas,data/raw/documento-ativas/46c2f9c594b124be.json
BRB,BRB,BRB-OUTRO,documento,documento,texto,IND 1608/2023,13259,72801,122923,Indicação,GAB DEP JOÃO CARDOSO,2023-05-17T16:35:24,"Sugere ao Governador do Distrito Federal que apresente à Câmara Legislativa do Distrito Federal Projeto de Lei Complementar que dispõe sobre a possibilidade de utilização, por servidores públicos distritais, dos créditos decorrentes da conversão de licença prêmio em pecúnia para pagamento de dívidas","a do Distrito Federal Projeto de Lei Complementar que dispõe sobre a possibilidade de utilização, por servidores públicos distritais, dos créditos decorrentes da conversão de licença prêmio em pecúnia para pagamento de dívidas junto ao Banco de Brasília S/A - BRB. A CÂMARA LEGISLATIVA DO DISTRITO FEDERAL, nos termos do art. 143 do Regimento Interno, Sugere ao Governador do Distrito Federal que apresente à Câmara Legislativa do Distrito Federal medidas que Projeto de Lei Complementar que dispõe sobre a possibilidade",https://ple.cl.df.gov.br/pleservico/api/public/proposicao/13259/documento/ativas,data/raw/documento-ativas/4521c343ba22ae51.json
BRB,BRB,BRB-OUTRO,documento,documento,texto,IND 1740/2023,13561,76091,127794,Indicação,GAB DEP EDUARDO PEDROSA,2023-05-30T13:58:14,"Sugere ao Poder Executivo do Distrito Federal, por intermédio do Banco de Brasília – BRB, a instalação de Agência Bancária no Núcleo Rural Café sem Troco, Região Administrativa do Paranoá - RA VII.","CÂMARA LEGISLATIVA DO DISTRITO FEDERAL Gabinete do Deputado Eduardo Pedrosa - Gab 20 Indicação Nº DE 2023 (Autoria: Deputado Eduardo Pedrosa) Sugere ao Poder Executivo do Distrito Federal, por intermédio do Banco de Brasília – BRB, a instalação de Agência Bancária no Núcleo Rural Café sem Troco, Região Administrativa do Paranoá - RA VII. A CÂMARA LEGISLATIVA DO DISTRITO FEDERAL, nos termos do art. 143 do Regimento Interno, vem por meio desta proposição sugerir ao Poder Executivo do Dis",https://ple.cl.df.gov.br/pleservico/api/public/proposicao/13561/documento/ativas,data/raw/documento-ativas/01168cd81c170da7.json
BRB,BRB,BRB-OUTRO,documento,documento,texto,IND 1730/2023,13671,76862,129391,Indicação,GAB DEP JAQUELINE SILVA,2023-06-02T12:22:49,"Sugere ao Poder Executivo, por intermédio do Banco de Brasília - BRB, a instalação de uma agência do BRB na Região Administrativa do Riacho Fundo II - RA XXI.","CÂMARA LEGISLATIVA DO DISTRITO FEDERAL Gabinete da Deputada Jaqueline Silva - Gab 03 Indicação Nº DE 2023 (Da Sra. Deputada Jaqueline Silva) Sugere ao Poder Executivo, por intermédio do Banco de Brasília - BRB, a instalação de uma agência do BRB na Região Administrativa do Riacho Fundo II - RA XXI. A CÂMARA LEGISLATIVA DO DISTRITO FEDERAL, nos termos do art. 143 do Regimento Interno, Sugere ao Poder Executivo, por intermédio do Banco de Brasília - BRB, a instalação",https://ple.cl.df.gov.br/pleservico/api/public/proposicao/13671/documento/ativas,data/raw/documento-ativas/09cbf099f9e5b231.json
BRB,BRB,BRB-OUTRO,documento,documento,texto,PL 219/2023,11418,76869,130511,Parecer,GAB DEP PAULA BELMONTE,2023-06-02T13:38:28,"Altera as Leis Distritais nºs 6.468, de 27 de dezembro de 2019, 7.153, de 06 de junho de 2022, 4.169, de 08 de julho de 2008, 4.269, de 15 de dezembro de 2008, 6.251, de 27 de dezembro de 2018, e dá outras providências.","5.018/2015-e. A gestão desses programas achava-se centralizada na Secretaria de Estado de Economia e Desenvolvimento Sustentável – SEDS, com aspectos operacionais também a cargo da Terracap, da Secretaria de Estado de Fazenda – SEF/DF e do Banco de Brasília – BRB. Em tal auditoria, verificou-se a inexistência de planejamento estratégico e de definição de diretrizes e objetivos de curto, médio e longo prazos para nortear a implantação das políticas públicas voltadas ao desenvolvimento econômico local. Foi constatado",https://ple.cl.df.gov.br/pleservico/api/public/proposicao/11418/documento/ativas,data/raw/documento-ativas/3c8540933bcfae35.json
BRB,BRB,BRB-OUTRO,documento,documento,texto,PL 371/2023,13189,77908,132441,Emenda,GAB DEP GABRIEL MAGNO,2023-06-12T16:35:40,Dispõe sobre as diretrizes orçamentárias para o exercício financeiro de 2024 e dá outras providências.,"..... XIII – promover programas de crédito aos consumidores superendividados, na forma da Lei Nacional 14.181, de 1º de julho de 2023, que permitam efetivamente garantir o mínimo existencial aos cidadãos. JUSTIFICAÇÃO A emenda objetiva efetivamente promover o BRB como agente de fomento aos consumidores superendividados, permitindo que possam renegociar as respectivas dívidas, mas garantindo o mínimo existencial constitucional. Nesse sentido, conclamo aos nobres pares a aprovação da presente Emenda. Sala das Sessões",https://ple.cl.df.gov.br/pleservico/api/public/proposicao/13189/documento/ativas,data/raw/documento-ativas/55d95221e8ec0474.json
BRB,BRB,BRB-OUTRO,documento,documento,texto,REQ 654/2023,14072,78733,135668,Requerimento,GAB DEP ROOSEVELT VILELA,2023-06-15T16:08:28,Solicita informar a quantidade de servidores clientes do BRB endividados e com a renda comprometida.,"CÂMARA LEGISLATIVA DO DISTRITO FEDERAL Gabinete do Deputado Roosevelt - Gab 14 Requerimento Nº DE 2023 (Do Sr. Deputado ROOSEVELT) Requer o encaminhamento de solicitação de informações ao Presidente do Banco de Brasília – BRB acerca da quantidade de servidores públicos correntistas. Excelentíssimo Senhor Presidente da Câmara Legislativa do Distrito Federal: Requeiro à Vossa Excelência, nos termos do artigo 60, inciso XXXIII, da Lei Orgânica do Distrito Federal, e dos artigos 15, i",https://ple.cl.df.gov.br/pleservico/api/public/proposicao/14072/documento/ativas,data/raw/documento-ativas/6276f42cbf51cd4e.json
BRB,BRB,BRB-OUTRO,documento,documento,texto,PL 371/2023,13189,78766,134603,Emenda,GAB DEP GABRIEL MAGNO,2023-06-15T16:59:51,Dispõe sobre as diretrizes orçamentárias para o exercício financeiro de 2024 e dá outras providências.,"..... XIII – promover programas de crédito aos consumidores superendividados, na forma da Lei Nacional 14.181, de 1º de julho de 2023, que permitam efetivamente garantir o mínimo existencial aos cidadãos. JUSTIFICAÇÃO A emenda objetiva efetivamente promover o BRB como agente de fomento aos consumidores superendividados, permitindo que possam renegociar as respectivas dívidas, mas garantindo o mínimo existencial constitucional. Nesse sentido, conclamo aos nobres pares a aprovação da presente Emenda. Sala das Sessões",https://ple.cl.df.gov.br/pleservico/api/public/proposicao/13189/documento/ativas,data/raw/documento-ativas/55d95221e8ec0474.json
BRB,BRB,BRB-OUTRO,documento,documento,texto,REQ 743/2023,14121,79424,140698,Requerimento,GAB DEP MAX MACIEL,2023-06-20T18:12:20,Requer o encaminhamento de requerimento de informação à Secretaria de Estado de Educação sobre a gestão dos recursos do Cartão PDAF nas unidades escolares e nas regionais de ensino do Distrito Federal.,"previsão para solucionar os problemas identificados na regional piloto, especialmente em relação à aleatoriedade na escolha das empresas, ao mal funcionamento do GPS e à dificuldade de cadastramento das empresas no sistema; e j) dada a taxa de 2% cobrada pelo BRB nas transações realizadas pelo cartão, quais medidas serão tomadas para que a oneração do valor não seja indiretamente transferida para as escolas? JUSTIFICAÇÃO As informações requeridas destinam-se a subsidiar o exercício da função de fiscalização e contr",https://ple.cl.df.gov.br/pleservico/api/public/proposicao/14121/documento/ativas,data/raw/documento-ativas/420cc1ba7b539f96.json
BRB,BRB,BRB-OUTRO,documento,documento,texto,IND 2121/2023,14183,80004,137640,Indicação,GAB DEP JORGE VIANNA,2023-06-23T15:33:02,"Sugere ao Excelentíssimo Senhor Governador do Distrito Federal, a criação de incentivos fiscais e de acesso à crédito junto ao Banco de Brasília-BRB às empresas que possuírem o Selo Empresa Boa Pagadora no Distrito Federal, conforme Lei Distrital n° 6.298/2019.","DISTRITO FEDERAL Gabinete do Deputado Jorge Vianna - Gab 01 Indicação Nº DE 2023 (Do Sr. Deputado Jorge Vianna) Sugere ao Excelentíssimo Senhor Governador do Distrito Federal, a criação de incentivos fiscais e de acesso à crédito junto ao Banco de Brasília - BRB às empresas que possuírem o Selo Empresa Boa Pagadora no Distrito Federal, conforme Lei Distrital n° 6.298/2019. A CÂMARA LEGISLATIVA DO DISTRITO FEDERAL, nos termos do art. 143 do Regimento Interno, Sugere ao Excelentíssimo Senhor Governador do Distrito Fe",https://ple.cl.df.gov.br/pleservico/api/public/proposicao/14183/documento/ativas,data/raw/documento-ativas/a885fe0d294e2f7c.json
BRB,BRB,BRB-OUTRO,documento,documento,texto,REQ 726/2023,14555,82631,143004,Requerimento,GAB DEP HERMETO,2023-08-01T12:21:23,"Requer a retirada de tramitação do Projeto de Lei 1105/2020 que, Dispõe sobre medidas de mitigação dos efeitos do Covid-19 para clientes do Banco Regional de Brasília - BRB, e dá outras providências","AL Gabinete do Deputado Hermeto - Gab 11 Requerimento Nº DE 2023 (Do Sr. Deputado HERMETO) Requer a retirada de tramitação do Projeto de Lei 1105/2020 que, Dispõe sobre medidas de mitigação dos efeitos do Covid-19 para clientes do Banco Regional de Brasília - BRB, e dá outras providências. Excelentíssimo Senhor Presidente da Câmara Legislativa do Distrito Federal: Requeiro, nos termos do art. 136, do Regimento Interno da Câmara Legislativa do Distrito Federal, a retirada de tramitação do projeto: Projeto de Lei 110",https://ple.cl.df.gov.br/pleservico/api/public/proposicao/14555/documento/ativas,data/raw/documento-ativas/63a9b222428e9ae8.json
BRB,BRB,BRB-OUTRO,documento,documento,texto,PL 505/2023,14604,82802,143515,Projeto de Lei,GAB DEP RICARDO VALE,2023-08-03T13:10:26,"Institui o Programa Uniforme Escolar no Distrito Federal, destinado à concessão de uniformes escolares aos alunos da rede pública de ensino do Distrito Federal.","e em estabelecimento credenciado pela Secretaria de Educação. § 1º A concessão do auxílio financeiro previsto nesta Lei é efetivada por meio de cartão magnético ou outra tecnologia, que funcione como cartão de débito, operacionalizado pelo Banco de Brasília - BRB, exclusivamente para aquisição dos uniformes escolares, a ser fornecido aos pais ou responsável pelo aluno. § 2º O valor do auxílio financeiro corresponde à soma dos custos da quantidade de peças de uniforme determinada em regulamento. § 3º Considera-se fr",https://ple.cl.df.gov.br/pleservico/api/public/proposicao/14604/documento/ativas,data/raw/documento-ativas/380c260dd7f1f7db.json
BRB,BRB,BRB-OUTRO,documento,documento,texto,IND 2496/2023,14906,83797,146259,Indicação,GAB DEP ROBÉRIO NEGREIROS,2023-08-11T11:39:21,"SUGERE AO PODER EXECUTIVO DO DISTRITO FEDERAL, A REESTRUTURAÇÃO DO SETOR DE OFICINA DE PLANALTINA – SOF, NA REGIÃO ADMINISTRATIVA DE PLANALTINA","por finalidade atender aos anseios dos moradores de Planaltina, com a reestruturação do SOF - Setor de Oficinas de Planaltina. Segundo a comunidade, a área em que o SOF está implantado, precisa de uma revitalização, com a implantação de um autoatendimento do BRB – Banco de Brasília, com a instalação de uma loja de conveniências, além da reforma dos estacionamentos, com nova demarcação de vagas, troca de meios fios, operação tapa buracos e um calçamento para pedestres. Levando em consideração que essa região é de gr",https://ple.cl.df.gov.br/pleservico/api/public/proposicao/14906/documento/ativas,data/raw/documento-ativas/a7e7b3096c9e8d55.json
BRB,BRB,BRB-OUTRO,documento,documento,texto,PL 505/2023,14604,84599,148411,Manifestação,GAB DEP RICARDO VALE,2023-08-16T09:21:27,"Institui o Programa Uniforme Escolar no Distrito Federal, destinado à concessão de uniformes escolares aos alunos da rede pública de ensino do Distrito Federal.","e em estabelecimento credenciado pela Secretaria de Educação. § 1º A concessão do auxílio financeiro previsto nesta Lei é efetivada por meio de cartão magnético ou outra tecnologia, que funcione como cartão de débito, operacionalizado pelo Banco de Brasília - BRB, exclusivamente para aquisição dos uniformes escolares, a ser fornecido aos pais ou responsável pelo aluno. § 2º O valor do auxílio financeiro corresponde à soma dos custos da quantidade de peças de uniforme determinada em regulamento. § 3º Considera-se fr",https://ple.cl.df.gov.br/pleservico/api/public/proposicao/14604/documento/ativas,data/raw/documento-ativas/380c260dd7f1f7db.json
BRB,BRB,BRB-OUTRO,documento,documento,texto,PL 646/2023,15301,84945,164703,Projeto de Lei,GAB DEP JOAQUIM RORIZ NETO,2023-08-18T10:02:31,Dispõe sobre a inclusão do ensino de educação financeira como conteúdo transversal do currículo da rede pública de ensino do Distrito Federal.,"ssoas. Trata-se de um projeto revolucionário, uma vez que adapta os alunos a uma nova realidade de ensino, ao mesmo tempo que os prepara para o enfrentamento dos problemas do cotidiano na fase adulta, com planejamento da vida financeira. Por meio do Instituto BRB, o Banco de Brasília realizou um projeto de educação financeira para estudantes da Rede Pública de Ensino do DF até junho de 2020, cujo objetivo foi de preparar futuras gerações para que, desde cedo, aprendessem a gerir as suas finanças de modo consciente.",https://ple.cl.df.gov.br/pleservico/api/public/proposicao/15301/documento/ativas,data/raw/documento-ativas/3b872be541a49b2f.json
BRB,BRB,BRB-OUTRO,documento,documento,texto,PL 125/2023,10592,86000,151401,Parecer,GAB DEP GABRIEL MAGNO,2023-08-27T06:28:38,Dispõe sobre os créditos armazenados na forma de valores monetários do Sistema de Bilhetagem Automática - SBA/DF do Sistema de Transporte Público Coletivo do Distrito Federal - STPC/DF e da outras providências.,"s e informações inerentes a esse sistema, bem como o repasse dos valores devidos de forma individualizada aos delegatários do serviço de transporte público coletivo, excluída a parcela relativa a eventual subsídio, são realizados pelo Banco de Brasília S.A. - BRB e empresas do conglomerado, como organismo de fomento regional, nos termos do art. 144, § 1º, da Lei Orgânica do Distrito Federal. [...] Seção II Do Sistema de Bilhetagem Automática Art. 43. Fica instituído o Sistema de Bilhetagem Automática — SBA no STPC/",https://ple.cl.df.gov.br/pleservico/api/public/proposicao/10592/documento/ativas,data/raw/documento-ativas/7c7b4d41abda584c.json
BRB,BRB,BRB-OUTRO,documento,documento,texto,PDL 170/2024,15760,89270,155633,Projeto de Decreto Legislativo,GAB DEP IOLANDO,2023-09-05T12:18:24,Concede o Título de Cidadão Honorário de Brasília ao Senhor  Edison Garcia.      ,"do mercado de capitais. Exerceu cargos de destaque na Comissão de Valores Mobiliários (CVM), na Associação de Investidores no Mercado de Capitais (AMEC), na Advocacia Geral da União (AGU), no Instituto Nacional do Seguro Social (INSS) e no Banco de Brasília (BRB). Em sua trajetória profissional, Edison Garcia se destacou por sua capacidade de liderança, seu compromisso com a ética e sua dedicação ao bem público. Foi responsável por conduzir importantes projetos, como o leilão da CEB Distribuidora, que rendeu altíss",https://ple.cl.df.gov.br/pleservico/api/public/proposicao/15760/documento/ativas,data/raw/documento-ativas/615482d66afe33fb.json
BRB,BRB,BRB-OUTRO,documento,documento,texto,PL 596/2023,15772,89295,155736,Projeto de Lei,GAB DEP DOUTORA JANE,2023-09-05T16:51:44,"Institui o Programa de Descentralização Financeira para Ações de Segurança Pública - PDFASP por meio de transferência de recursos financeiros do Governo do Distrito Federal, aos termos da Lei Federal nº 14.133, de 1º de abril de 2021, e dá outras providências.","s para os recursos destinados às despesas correntes. § 1º Os recursos do PDFASP serão liberados mediante transferência autorizada pelo da Polícia Civil do Distrito Federal por ordem bancária, em conta bancária que será aberta junto ao Banco de Brasília S.A. – BRB, em nome da UEx. § 2º Os recursos do PDFASP deverão ser movimentados, exclusivamente, por meio do Cartão PDFASP, cuja utilização será restrita aos fornecedores de bens ou prestadores de serviços cadastrados. § 3º Os recursos disponíveis serão obrigatoriame",https://ple.cl.df.gov.br/pleservico/api/public/proposicao/15772/documento/ativas,data/raw/documento-ativas/d2c1c6b7ad3737be.json
BRB,BRB,BRB-OUTRO,documento,documento,texto,REQ 918/2023,15952,89790,165746,Requerimento,GAB DEP PAULA BELMONTE,2023-09-12T17:03:05,"Requer a realização de Audiência Pública no dia 10 de outubro de 2023, às 19 horas, no Plenário, para debater sobre o superendividamento dos servidores públicos do Distrito Federal junto ao Banco de Brasília - BRB.","a Senhora Deputada PAULA BELMONTE – CIDADANIA/DF) Requer a realização de Audiência Pública no dia 10 de outubro de 2023, às 19 horas, no Plenário, para debater sobre o superendividamento dos servidores públicos do Distrito Federal junto ao Banco de Brasília - BRB. Excelentíssimo Senhor Presidente da Câmara Legislativa do Distrito Federal: Requeiro, nos termos dos artigos 85; 135, inciso III, alínea ""d"", e 239 do Regimento Interno da Câmara Legislativa do Distrito Federal, a realização de Audiência Pública no dia 10",https://ple.cl.df.gov.br/pleservico/api/public/proposicao/15952/documento/ativas,data/raw/documento-ativas/d36f3e1b173a7f45.json
BRB,BRB,BRB-OUTRO,documento,documento,texto,PL 604/2023,15964,89930,157485,Projeto de Lei,GAB DEP PAULA BELMONTE,2023-09-13T11:09:15,"Altera a redação do art. 2º e do § 3º do art. 4º da Lei nº 7.239, de 19 de abril de 2023, que “Estabelece o crédito responsável e assegura a garantia do mínimo existencial para os endividados do Distrito Federal, com medidas necessárias para dar cumprimento e efetividade aos arts. 6º, XI e XII; 52, ","i nº 7.239, de 19 de abril de 2023, de forma a não deixar margem de dúvidas quanto aos descontos que as instituições financeiras vem realizando nas contas correntes e salário dos servidores públicos do Distrito Federal, principalmente pelo Banco de Brasília - BRB, que em muitos dos casos relatados, constantemente, promovem a retenção INTEGRAM da remuneração dos servidores em face de elevado grau de endividamento que possuem em face das linhas de créditos ofertadas. Sobre o assunto, ressaltamos que diariamente receb",https://ple.cl.df.gov.br/pleservico/api/public/proposicao/15964/documento/ativas,data/raw/documento-ativas/300cd3d830d3b5fa.json
BRB,BRB,BRB-OUTRO,documento,documento,texto,IND 3342/2023,16159,91365,160166,Indicação,GAB DEP JAQUELINE SILVA,2023-09-19T14:48:12,"Sugere ao Poder Executivo que, por intermédio do Departamento de Estradas de Rodagem do DF - DER, promova a instalação de uma Barreira Eletrônica na quadra 102 próximo ao BRB,  localizado na Região Administrativa do Recanto das Emas - RA XV","eputada Jaqueline Silva - Gab 03 Indicação Nº DE 2023 (Da Sr.ª Deputada Jaqueline Silva) Sugere ao Poder Executivo que, por intermédio do Departamento de Estradas de Rodagem do DF - DER, promova a instalação de uma Barreira Eletrônica na quadra 102 próximo ao BRB, localizado na Região Administrativa do Recanto das Emas - RA XV A CÂMARA LEGISLATIVA DO DISTRITO FEDERAL, nos termos do art. 143 do Regimento Interno, Sugere ao Poder Executivo que, por intermédio do Departamento de Estradas de Rodagem do DF - DER, promov",https://ple.cl.df.gov.br/pleservico/api/public/proposicao/16159/documento/ativas,data/raw/documento-ativas/1fe5dedf9fe5a2ff.json
BRB,BRB,BRB-OUTRO,documento,documento,texto,PL 689/2023,16818,97629,171428,Projeto de Lei,GAB DEP DOUTORA JANE,2023-10-17T15:21:04,"Institui o Programa de Descentralização Financeira para Ações de Segurança Pública - PDFASP por meio de transferência de recursos financeiros do Governo do Distrito Federal, aos termos da Lei Federal nº 14.133, de 1º de abril de 2021, e dá outras providências.","s para os recursos destinados às despesas correntes. § 1º Os recursos do PDFASP serão liberados mediante transferência autorizada pelo da Polícia Civil do Distrito Federal por ordem bancária, em conta bancária que será aberta junto ao Banco de Brasília S.A. – BRB, em nome da UEx. § 2º Os recursos do PDFASP deverão ser movimentados, exclusivamente, por meio do Cartão PDFASP, cuja utilização será restrita aos fornecedores de bens ou prestadores de serviços cadastrados. § 3º Os recursos disponíveis serão obrigatoriame",https://ple.cl.df.gov.br/pleservico/api/public/proposicao/16818/documento/ativas,data/raw/documento-ativas/a6638b6e18efde6d.json
BRB,BRB,BRB-OUTRO,documento,documento,texto,REQ 973/2023,16897,97985,173576,Requerimento,GAB DEP PAULA BELMONTE,2023-10-19T10:54:54,Requer informações do Instituto de Defesa do Consumidor do Distrito Federal - PROCON/DF.,"ações, ao Instituto de Defesa do Consumidor do Distrito Federal - PROCON/DF: 1. Quantas ações de fiscalização o Instituto de Defesa do Consumidor do Distrito Federal - PROCON/DF já realizou em face de eventuais descumprimentos por parte do Banco de Brasília - BRB da Lei nº 7.239 de 19 de abril de 2023, após publicada no DCL nº 86 de 24/04/2023? 2. Quantos procedimentos administrativos encontram-se autuados no PROCON/DF que apuram eventuais descumprimentos por parte do Banco de Brasília - BRB da Lei nº 7.239 de 19 d",https://ple.cl.df.gov.br/pleservico/api/public/proposicao/16897/documento/ativas,data/raw/documento-ativas/eb4106d73725edb2.json
BRB,BRB,BRB-OUTRO,documento,documento,texto,IND 3931/2023,17067,98488,173504,Indicação,GAB DEP EDUARDO PEDROSA,2023-10-24T09:53:43,"Sugere ao Poder Executivo do Distrito Federal, por intermédio do Banco de Brasília – BRB, a instalação de Agência Bancária na Região Administrativa do Sol Nascente e Pôr do Sol - RA XXXII.","CÂMARA LEGISLATIVA DO DISTRITO FEDERAL Gabinete do Deputado Eduardo Pedrosa - Gab 20 Indicação Nº , DE 2023 (Autoria: Deputado Eduardo Pedrosa) Sugere ao Poder Executivo do Distrito Federal, por intermédio do Banco de Brasília – BRB, a instalação de Agência Bancária na Região Administrativa do Sol Nascente e Pôr do Sol - RA XXXII. A CÂMARA LEGISLATIVA DO DISTRITO FEDERAL, nos termos do art. 143 do Regimento Interno, vem por meio desta proposição sugerir ao Poder Executivo do Distrito Fed",https://ple.cl.df.gov.br/pleservico/api/public/proposicao/17067/documento/ativas,data/raw/documento-ativas/5480a1effab8385d.json
BRB,BRB,BRB-OUTRO,documento,documento,texto,PL 258/2023,11952,100979,177780,Parecer,GAB DEP FÁBIO FÉLIX,2023-11-01T11:32:58,"Concede gratuidade no transporte público para participantes do Programa Mãe Nutriz, no âmbito da rede pública de saúde do Distrito Federal.","de estação do metrô, de documento de identificação pessoal com foto e de cartão de identificação de acesso gratuito. O art. 3º, caput, determina que a obtenção do cartão de identificação de acesso gratuito ocorrerá mediante a apresentação, em um dos postos do BRB Mobilidade, de: i) documento oficial com foto e número de CPF; ii) certidão emitida pelo hospital em que se encontre o recém-nascido, atestando sua condição para fins de obtenção do benefício; e iii) endereço de email. Na sequência, seus §§ 1º a 3º dispõem",https://ple.cl.df.gov.br/pleservico/api/public/proposicao/11952/documento/ativas,data/raw/documento-ativas/8ebc3fa99b09ad39.json
BRB,BRB,BRB-OUTRO,documento,documento,texto,REQ 1020/2023,17301,101036,180540,Requerimento,CFGTC,2023-11-01T15:07:12,"Requer a realização de Audiência Pública, no âmbito da Comissão de Fiscalização, Governança, Transparência e Controle, com a finalidade de debater a gestão do Banco de Brasília - BRB.","E 2023 (Autoria: Comissão de Fiscalização, Governança, Transparência e Controle) Requer a realização de Audiência Pública, no âmbito da Comissão de Fiscalização, Governança, Transparência e Controle, com a finalidade de debater a gestão do Banco de Brasília - BRB. Excelentíssimo Senhor Presidente da Câmara Legislativa do Distrito Federal: Nos termos dos artigos 85, 239 e 240, do Regimento Interno desta Câmara Legislativa (RICLDF), vimos requerer a realização de Audiência Pública com a finalidade de debater a gestão",https://ple.cl.df.gov.br/pleservico/api/public/proposicao/17301/documento/ativas,data/raw/documento-ativas/92ded665ab59bdb8.json
BRB,BRB,BRB-OUTRO,documento,documento,texto,REQ 1020/2023,17301,102933,180481,Folha de Votação,CFGTC,2023-11-13T15:22:12,"Requer a realização de Audiência Pública, no âmbito da Comissão de Fiscalização, Governança, Transparência e Controle, com a finalidade de debater a gestão do Banco de Brasília - BRB.","ência e Controle Folha de votação - CFGTC Requerimento nº PROVISÓRIO: 22411/2023 Requer a realização de Audiência Pública, no âmbito da Comissão de Fiscalização, Governança, Transparência e Controle, com a finalidade de debater a gestão do Banco de Brasília - BRB. Autoria: Comissão de Fiscalização, Governança, Transparência e Controle TITULARES Presidente ACOMPANHAMENTO Favorável Contrário Abstenção Deputada Paula Belmonte P X Deputado Ricardo Vale Deputado Robério Negreiros Deputada Dayse Amarilio X Deputado Max M",https://ple.cl.df.gov.br/pleservico/api/public/proposicao/17301/documento/ativas,data/raw/documento-ativas/92ded665ab59bdb8.json
BRB,BRB,BRB-OUTRO,documento,documento,texto,PL 613/2023,16070,103097,181729,Parecer,GAB DEP JORGE VIANNA,2023-11-13T16:02:34,Estima a receita e fixa a despesa do Distrito Federal para o exercício financeiro de 2024.,"tribuição de analisar as unidades orçamentárias abaixo: QUADRO 1. UNIDADES ORÇAMENTÁRIAS OBJETO DESTE PARECER PARCIAL UO UNIDADE ORÇAMENTÁRIA 19101SECRETARIA DE ESTADO DE PLANEJAMENTO, ORÇAMENTO E ADMINISTRAÇÃO DO DISTRITO FEDERAL 19202BANCO DE BRASILIA S/A – BRB 19204BRB CRÉDITO, FINANCIAMENTO E INVESTIMENTO S/A 19205BRB DISTRIBUIDORA DE TÍTULOS E VALORES 19206CARTÃO BRB S/A 19207BRB ADMINSTRADORA E CORRETORA DE SEGUROS S/A 19208BRB SERVIÇOS S.A 23202FUNDAÇÃO HEMOCENTRO DE BRASÍLIA 23203FUNDAÇÃO DE ENSINO E PESQUI",https://ple.cl.df.gov.br/pleservico/api/public/proposicao/16070/documento/ativas,data/raw/documento-ativas/9e236a5887248395.json
BRB,BRB,BRB-OUTRO,documento,documento,texto,PL 155/2023,10880,104944,184840,Parecer,GAB DEP DANIEL DONIZET,2023-11-27T14:17:56,Institui o Estatuto de Defesa dos Direitos dos Usuários do Banco de Brasília. ,"o Manzoni RELATOR(A): Deputado Daniel Donizet I - RELATÓRIO Submete-se à Comissão de Defesa do Consumidor o Projeto de Lei nº 155/2023, de autoria do Deputado Thiago Manzoni. O PL “institui o Estatuto de Defesa dos Direitos dos Usuários do Banco de Brasília – BRB”, de acordo com o disposto no art. 1º, caput, com o objetivo de assegurar a eficiência na prestação de serviços, promover o uso responsável do crédito e apoiar o desenvolvimento econômico do Distrito Federal. O art. 2º define como usuário qualquer pessoa q",https://ple.cl.df.gov.br/pleservico/api/public/proposicao/10880/documento/ativas,data/raw/documento-ativas/46c2f9c594b124be.json
BRB,BRB,BRB-OUTRO,documento,documento,texto,REQ 1049/2023,17746,106444,187080,Requerimento,GAB DEP PAULA BELMONTE,2023-12-05T16:01:44,"Requer a transformação da Sessão Ordinária do dia 7 de dezembro de 2023 em Comissão Geral para apresentação do Programa Crédito na Medida, realizado através do grupo de trabalho da Comissão de Fiscalização, Governança, Transparência e Controle e do Banco de Brasília.","Banco de Brasília. JUSTIFICAÇÃO A realização da comissão geral para debater sobre a apresentação do Programa Crédito na Medida, realizado através do grupo de trabalho da Comissão de Fiscalização, Governança, Transparência e Controle e do Banco de Brasília. O BRB lançou, nesta segunda-feira (4/12), um novo programa de combate ao superendividamento. Batizado de “Crédito na Medida”, o programa vai atender servidores com comprometimento de renda mensal superior a 40%. A busca por uma solução viável e aceitável nas reun",https://ple.cl.df.gov.br/pleservico/api/public/proposicao/17746/documento/ativas,data/raw/documento-ativas/9e77bc794ac0f450.json
BRB,BRB,BRB-OUTRO,documento,documento,texto,PL 612/2023,16068,107274,189290,Emenda,GAB DEP GABRIEL MAGNO,2023-12-12T16:11:41,Dispõe sobre o Plano Plurianual do Distrito Federal para o quadriênio 2024-2027.,"e realizar o cancelamento da matrícula do beneficiário, sob pena de descredenciamento do PBES. PROBLEMAS Demora por parte da SEE/DF, em encaminhar os alunos para as instituições; Atraso no pagamento, por parte da SEE/DF; Falha no sistema de matrícula - FEG do BRB; • Demora na confecção dos cartões dos beneficiários; e Atraso nas visitas técnicas da SEE/DF. DESAFIOS Facilitar o acesso às linhas de crédito; e Substituir o número de creches credenciadas no Programa por Centros de Educação da Primeira Infância pública,",https://ple.cl.df.gov.br/pleservico/api/public/proposicao/16068/documento/ativas,data/raw/documento-ativas/011ccf0dbfb95383.json
BRB,BRB,BRB-OUTRO,documento,documento,texto,PL 689/2023,16818,107476,189588,Emenda,GAB DEP ROOSEVELT VILELA,2023-12-13T17:23:54,"Institui o Programa de Descentralização Financeira para Ações de Segurança Pública - PDFASP por meio de transferência de recursos financeiros do Governo do Distrito Federal, aos termos da Lei Federal nº 14.133, de 1º de abril de 2021, e dá outras providências.","destinados às despesas correntes. § 1º Os recursos do PDFASP serão liberados mediante transferência autorizada pelas Instituições de Segurança Pública do Distrito Federal por ordem bancária, em conta bancária que será aberta junto ao Banco de Brasília S.A. – BRB, em nome da UEx. § 2º Os recursos do PDFASP deverão ser movimentados, exclusivamente, por meio do Cartão PDFASP, cuja utilização será restrita aos fornecedores de bens ou prestadores de serviços cadastrados. § 3º Os recursos disponíveis serão obrigatoriamen",https://ple.cl.df.gov.br/pleservico/api/public/proposicao/16818/documento/ativas,data/raw/documento-ativas/a6638b6e18efde6d.json
BRB,BRB,BRB-OUTRO,documento,documento,texto,PL 689/2023,16818,107484,189600,Emenda,GAB DEP ROOSEVELT VILELA,2023-12-13T17:36:50,"Institui o Programa de Descentralização Financeira para Ações de Segurança Pública - PDFASP por meio de transferência de recursos financeiros do Governo do Distrito Federal, aos termos da Lei Federal nº 14.133, de 1º de abril de 2021, e dá outras providências.","destinados às despesas correntes. § 1º Os recursos do PDFASP serão liberados mediante transferência autorizada pelas Instituições de Segurança Pública do Distrito Federal por ordem bancária, em conta bancária que será aberta junto ao Banco de Brasília S.A. – BRB, em nome da UEx. § 2º Os recursos do PDFASP deverão ser movimentados, exclusivamente, por meio do Cartão PDFASP, cuja utilização será restrita aos fornecedores de bens ou prestadores de serviços cadastrados. § 3º Os recursos disponíveis serão obrigatoriamen",https://ple.cl.df.gov.br/pleservico/api/public/proposicao/16818/documento/ativas,data/raw/documento-ativas/a6638b6e18efde6d.json
BRB,BRB,BRB-OUTRO,documento,documento,texto,PL 689/2023,16818,108581,191238,Redação Final,CCJ,2023-12-21T00:38:27,"Institui o Programa de Descentralização Financeira para Ações de Segurança Pública - PDFASP por meio de transferência de recursos financeiros do Governo do Distrito Federal, aos termos da Lei Federal nº 14.133, de 1º de abril de 2021, e dá outras providências.","os recursos destinados às despesas correntes. § 1º Os recursos do PDFASP são liberados mediante transferência autorizada pelas instituições de segurança pública do Distrito Federal por ordem bancária, em conta bancária aberta junto ao Banco de Brasília S.A. – BRB, em nome da UEx. § 2º Os recursos do PDFASP devem ser movimentados, exclusivamente, por meio do Cartão PDFASP, cuja utilização é restrita aos fornecedores de bens ou prestadores de serviços cadastrados. § 3º Os recursos disponíveis são obrigatoriamente apl",https://ple.cl.df.gov.br/pleservico/api/public/proposicao/16818/documento/ativas,data/raw/documento-ativas/a6638b6e18efde6d.json
BRB,BRB,BRB-OUTRO,documento,documento,texto,IND 4260/2024,17926,108865,191630,Indicação,GAB DEP EDUARDO PEDROSA,2024-01-12T14:18:23,"Sugere ao Poder Executivo do Distrito Federal, por intermédio do Banco de Brasília – BRB, a instalação de Agência Bancária na Região Administrativa de Água Quente – RA XXXV. ","CÂMARA LEGISLATIVA DO DISTRITO FEDERAL Gabinete do Deputado Eduardo Pedrosa - Gab 20 Indicação Nº , DE 2023 (Autoria: Deputado Eduardo Pedrosa) Sugere ao Poder Executivo do Distrito Federal, por intermédio do Banco de Brasília – BRB, a instalação de Agência Bancária na Região Administrativa de Água Quente – RA XXXV. A CÂMARA LEGISLATIVA DO DISTRITO FEDERAL, nos termos do art. 143 do Regimento Interno, vem por meio desta proposição sugerir ao Poder Executivo do Distrito Federal, por inter",https://ple.cl.df.gov.br/pleservico/api/public/proposicao/17926/documento/ativas,data/raw/documento-ativas/a7cd9813750d3cc8.json
BRB,BRB,BRB-OUTRO,documento,documento,texto,PLC 5/2023,10520,111366,219360,Parecer,GAB DEP JORGE VIANNA,2024-02-26T08:09:57,"Altera a Complementar nº 840, de 23 de dezembro de 2011.   ","res variam de R$ 2.743 (órgão de 1º grau) e R$ 1.371 (órgão de 3º graus). A exceção são as empresas independentes do orçamento fiscal, onde os servidores do alto escalão participam dos colegiados e podem receber vantajosas remunerações, pro exemplo, em 2022 o BRB pagou R$ 1,44 milhão aos 9 membros do Conselho de Administração. Quanto às emendas, a Emenda 1, visa alterar o caput do art. 54 do estatuto do servidor do DF para possibilitar a vacância e retorno do servidor estável, quando da posse em cargo efetivo nas c",https://ple.cl.df.gov.br/pleservico/api/public/proposicao/10520/documento/ativas,data/raw/documento-ativas/9a558a726994ff94.json
BRB,BRB,BRB-OUTRO,documento,documento,texto,PLC 45/2024,18846,115569,205074,Projeto de Lei Complementar,GAB DEP JOAQUIM RORIZ NETO,2024-03-22T10:14:20,"Dispõe sobre a utilização do saldo de licença-prêmio para a aquisição de imóvel residencial, por meio de financiamento imobiliário, pelos servidores do Distrito Federal.",ser proprietário de outro imóvel residencial no Distrito Federal; II - o imóvel deve estar localizado no Distrito Federal e ser adquirido mediante financiamento imobiliário; III - o agente financeiro do financiamento imobiliário deve ser o Banco de Brasília - BRB; IV - o valor a ser utilizado do saldo de licença-prêmio não pode ser superior ao valor do financiamento solicitado junto ao Banco de Brasília. Parágrafo único. A restrição do inciso I aplica-se apenas aos imóveis regularizados e matriculados no Cartório d,https://ple.cl.df.gov.br/pleservico/api/public/proposicao/18846/documento/ativas,data/raw/documento-ativas/793eb4e4ccf8e0d8.json
BRB,BRB,BRB-OUTRO,documento,documento,texto,IND 4757/2024,19051,116393,207144,Indicação,GAB DEP MAX MACIEL,2024-04-02T18:08:52,"Sugere ao Poder Executivo que, por intermédio da Secretaria de Estado de Transporte e Mobilidade do Distrito Federal - SEMOB/DF, em parceria com a Secretaria de Estado de Educação do Distrito Federal - SEEDF, implemente ferramentas que auxiliem a disseminação de informações, nos estabelecimentos edu","ém disso, na Comissão Geral sobre o Sistema de Bilhetagem Automática - SBA, realizada em 14 de março de 2024, as dificuldades dos discentes foram destacadas novamente, desta vez em debate junto às autoridades representantes da SEMOB/DF, do Banco de Brasília - BRB e da Companhia do Metropolitano do Distrito Federal - Metrô/DF. Assim, a presente Indicação sugere que a SEMOB/DF, em parceria com a SEEDF, lance mão de ferramentas informativas (a exemplo de campanhas, cartilhas e outros materiais de divulgação) que escla",https://ple.cl.df.gov.br/pleservico/api/public/proposicao/19051/documento/ativas,data/raw/documento-ativas/52367c68ad7e785d.json
BRB,BRB,BRB-OUTRO,documento,documento,texto,IND 4758/2024,19052,116396,207155,Indicação,GAB DEP MAX MACIEL,2024-04-02T18:15:31,"Sugere ao Poder Executivo que, por intermédio da Secretaria de Estado de Transporte e Mobilidade do Distrito Federal - SEMOB/DF, elabore regramento que contemple os períodos de intervalos entre os anos letivos, para que seja autorizada a liberação dos cartões do Passe Livre Estudantil neste interstí","ício e de retomada das aulas, os discentes têm severas dificuldades no uso de seu benefício, em razão da necessidade de que as respectivas instituições de ensino realizem o registro e a atualização de seus bancos de dados para enviá-los ao Banco de Brasília - BRB (agente operador do Sistema de Bilhetagem Automática - SBA). Esse atraso procedimental, embora necessário para a higidez do próprio sistema e legalidade no usufruto da gratuidade, acaba por punir os estudantes, que não conseguem utilizar seu cartão do Pass",https://ple.cl.df.gov.br/pleservico/api/public/proposicao/19052/documento/ativas,data/raw/documento-ativas/0df293b1e5bb3505.json
BRB,BRB,BRB-OUTRO,documento,documento,texto,PL 1078/2024,19338,119321,212399,Projeto de Lei,GAB DEP PR DANIEL DE CASTRO,2024-04-19T11:49:17,"Institui o Programa ""Minha Casa Linda""","l e execução da despesa de serviço necessária à consecução do Programa, nos critérios estabelecidos por esta Lei; II - da Secretaria de Estado de Economia, quanto à utilização do crédito previsto no inciso I do art. 2º desta Lei; e III - do Banco de Brasilia (BRB) como agente financeiro do Programa e depositário de seus recursos financeiros, em conta e subconta de movimento ou de outra natureza que lhe forem ajustadas objetivando o crédito bancário ao beneficiário do Programa. Art. 4º Para efeito de enquadramento d",https://ple.cl.df.gov.br/pleservico/api/public/proposicao/19338/documento/ativas,data/raw/documento-ativas/87ffd057f26e32cd.json
BRB,BRB,BRB-OUTRO,documento,documento,texto,IND 4843/2024,19378,119663,213195,Indicação,GAB DEP MAX MACIEL,2024-04-23T17:27:34,"Sugere ao Poder Executivo do Distrito Federal, por intermédio do Banco de Brasília – BRB, a instalação de unidade do BRB Conveniência no Engenho das Lajes, no Gama - RA II.","CÂMARA LEGISLATIVA DO DISTRITO FEDERAL Gabinete do Deputado Max Maciel - Gab 02 Indicação Nº DE 2024 (Do Sr. Deputado Max Maciel) Sugere ao Poder Executivo do Distrito Federal, por intermédio do Banco de Brasília – BRB, a instalação de unidade do BRB Conveniência no Engenho das Lajes, no Gama - RA II. A CÂMARA LEGISLATIVA DO DISTRITO FEDERAL, nos termos do art. 143 do Regimento Interno, sugere ao Poder Executivo do Distrito Federal, por intermédio do Banco de Brasília – BRB",https://ple.cl.df.gov.br/pleservico/api/public/proposicao/19378/documento/ativas,data/raw/documento-ativas/fcc6d7501a90b9fd.json
BRB,BRB,BRB-OUTRO,documento,documento,texto,PL 1081/2024,19560,120557,216001,Parecer,CEOF,2024-05-07T11:42:24,"Altera a Lei nº 7.155, de 10 de junho de 2022, que dispõe sobre o Serviço Público de Loteria do Distrito Federal, e dá outras providências.","2024 - GAG/CJo, de 30/04/2024, o Projeto de Lei nº 1081/2024, que altera a Lei nº 7.155, de 10 de junho de 2022, que dispõe sobre o Serviço Público de Loteria do Distrito Federal, e dá outras providências. O Projeto de Lei autoriza a criação de subsidiária do BRB para exercer as atividades operacionais inerentes à exploração dos jogos lotéricos e similares, incluindo - se o jogo eletrônico por meio físico e digital, conforme transcrição abaixo: Art. 1º A Lei nº 7.155, de 10 de junho de 2022, passa a vigorar com as ",https://ple.cl.df.gov.br/pleservico/api/public/proposicao/19560/documento/ativas,data/raw/documento-ativas/2c551e56278f6f19.json
BRB,BRB,BRB-OUTRO,documento,documento,texto,IND 5000/2024,19648,120558,216000,Indicação,GAB DEP JAQUELINE SILVA,2024-05-07T11:42:48,"Sugere ao Poder Executivo, por intermédio do Banco de Brasília - BRB, a instalação de uma agência do BRB próximo ao Fórum, na Região Administrativa do Itapoã - RA XXVIII.","CÂMARA LEGISLATIVA DO DISTRITO FEDERAL Gabinete da Deputada Jaqueline Silva - Gab 03 Indicação Nº, DE 2024 (Autoria: Deputada Jaqueline Silva) Sugere ao Poder Executivo, por intermédio do Banco de Brasília - BRB, a instalação de uma agência do BRB próximo ao Fórum, na Região Administrativa do Itapoã - RA XXVIII. A CÂMARA LEGISLATIVA DO DISTRITO FEDERAL, nos termos do art. 143 do Regimento Interno, Sugere ao Poder Executivo, por intermédio do Banco de Brasília - BRB,",https://ple.cl.df.gov.br/pleservico/api/public/proposicao/19648/documento/ativas,data/raw/documento-ativas/8f1fc40ede06e934.json
BRB,BRB,BRB-OUTRO,documento,documento,texto,PL 831/2023,15988,121228,217841,Parecer,GAB DEP JOAQUIM RORIZ NETO,2024-05-15T15:31:55,Institui a Política Distrital de Incentivo do Crédito Jovem Empreendedor no âmbito do Distrito Federal.,"endimentos e tem como principal traço caracterizador a dificuldade de acesso a investimentos e ao crédito. Vale destacar que a atuação do poder público no mercado de crédito, especialmente por meio dos bancos públicos, como é o caso do Banco de Brasília S.A – BRB, é justificada[2] em razão das “falhas de mercado” do setor financeiro, como a disponibilidade de crédito para certa parte da população ou setores da economia em níveis socialmente inferiores ao desejado. Além disso, essa atuação no mercado de crédito poss",https://ple.cl.df.gov.br/pleservico/api/public/proposicao/15988/documento/ativas,data/raw/documento-ativas/7a63999aba049258.json
BRB,BRB,BRB-OUTRO,documento,documento,texto,IND 5132/2024,19860,121746,218907,Indicação,GAB DEP JOAQUIM RORIZ NETO,2024-05-20T12:33:24,"Sugere ao Poder Executivo a reinstalação de uma agência do BRB no P. Sul, em Ceilândia.  ","CÂMARA LEGISLATIVA DO DISTRITO FEDERAL Gabinete do Deputado Joaquim Roriz Neto - Gab 04 Indicação Nº DE 2024 (Do Sr. Deputado Joaquim Roriz Neto) Sugere ao Poder Executivo a reinstalação de uma agência do BRB no P. Sul, em Ceilândia. A CÂMARA LEGISLATIVA DO DISTRITO FEDERAL, nos termos do disposto no art. 143 do Regimento Interno, sugere ao Poder Executivo a reinstalação de uma agência do BRB no P. Sul, em Ceilândia. JUSTIFICAÇÃO Trata-se de reivindicação da popul",https://ple.cl.df.gov.br/pleservico/api/public/proposicao/19860/documento/ativas,data/raw/documento-ativas/a0c7a5f821938618.json
BRB,BRB,BRB-OUTRO,documento,documento,texto,REQ 1395/2024,19872,121827,219296,Requerimento,GAB DEP JAQUELINE SILVA,2024-05-20T16:24:49,Requer ao Banco de Brasília (BRB) informações acerca do Aviso de Consulta Pública nº 03/24.,"CÂMARA LEGISLATIVA DO DISTRITO FEDERAL Gabinete da Deputada Jaqueline Silva - Gab 03 Requerimento Nº, DE 2024 (Autoria: Deputada Jaqueline Silva) Requer o encaminhamento de solicitação de informações ao Presidente do Banco de Brasília-BRB. Excelentíssimo Senhor Presidente da Câmara Legislativa do Distrito Federa: Requeiro, nos termos do Art. 40 do Regimento Interno, que sejam solicitadas ao Presidente do Banco de Brasília-BRB as seguintes informações, e: Considerando o Aviso de Consulta Públic",https://ple.cl.df.gov.br/pleservico/api/public/proposicao/19872/documento/ativas,data/raw/documento-ativas/95f3ecc84e040500.json
BRB,BRB,BRB-OUTRO,documento,documento,texto,PLC 45/2024,18846,122155,222674,Parecer,GAB DEP PR DANIEL DE CASTRO,2024-05-22T11:28:45,"Dispõe sobre a utilização do saldo de licença-prêmio para a aquisição de imóvel residencial, por meio de financiamento imobiliário, pelos servidores do Distrito Federal.","itar a aquisição da casa própria para os servidores públicos, utilizando um recurso já disponível e acumulado, sem impactar diretamente no orçamento familiar dos servidores. A exigência de que o financiamento imobiliário seja realizado pelo Banco de Brasília (BRB) reforça o apoio ao banco de fomento distrital, promovendo o desenvolvimento econômico local. O projeto de lei complementar apresenta-se como uma medida inovadora e socialmente relevante, proporcionando aos servidores públicos uma opção concreta para a aqu",https://ple.cl.df.gov.br/pleservico/api/public/proposicao/18846/documento/ativas,data/raw/documento-ativas/793eb4e4ccf8e0d8.json
BRB,BRB,BRB-OUTRO,documento,documento,texto,PL 1081/2024,19560,122177,219892,Redação Final,CCJ,2024-05-22T15:27:31,"Altera a Lei nº 7.155, de 10 de junho de 2022, que dispõe sobre o Serviço Público de Loteria do Distrito Federal, e dá outras providências.","gos lotéricos e similares, incluindo-se o jogo eletrônico por meio físico e digital, observada a legislação federal, ressalvadas as atividades de autorização, credenciamento, controle e fiscalização, devem ser exercidas exclusivamente pelo Banco de Brasília – BRB ou sua subsidiária constituída especificamente para esse fim. Art. 3º-A Fica o Banco de Brasília – BRB autorizado a criar subsidiária para exercer as atividades operacionais inerentes à exploração dos jogos lotéricos e similares, incluindo-se o jogo eletrô",https://ple.cl.df.gov.br/pleservico/api/public/proposicao/19560/documento/ativas,data/raw/documento-ativas/2c551e56278f6f19.json
BRB,BRB,BRB-OUTRO,documento,documento,texto,REQ 1419/2024,19995,122556,220908,Requerimento,GAB DEP FÁBIO FÉLIX,2024-05-27T13:31:16,Requer a criação de Comissão Parlamentar de Inquérito - CPI da Saúde ,"fim de não trazer prejuízos imediatos aos usuários cadastrados nos Núcleos do Componente Especializado – NFCE (Farmácias de Alto Custo), que excepcionalmente a Secretaria de Estado de Saúde do Distrito Federal mantenha a requisição administrativa à sociedade BRB Serviços S/A até a finalização do referido procedimento licitatório no prazo legal, com pagamento de indenização a posteriori. Fica estabelecido o prazo de 30 ( trinta) dias para o encaminhamento ao Ministério Público do Distrito Federal e Territórios das p",https://ple.cl.df.gov.br/pleservico/api/public/proposicao/19995/documento/ativas,data/raw/documento-ativas/113cfdb9354772e8.json
BRB,BRB,BRB-OUTRO,documento,documento,texto,PLC 5/2023,10520,122596,221281,Parecer,GAB DEP JORGE VIANNA,2024-05-28T09:41:34,"Altera a Complementar nº 840, de 23 de dezembro de 2011.   ","res variam de R$ 2.743 (órgão de 1º grau) e R$ 1.371 (órgão de 3º graus). A exceção são as empresas independentes do orçamento fiscal, onde os servidores do alto escalão participam dos colegiados e podem receber vantajosas remunerações, por exemplo, em 2022 o BRB pagou R$ 1,44 milhão aos 9 membros do Conselho de Administração. Quanto às emendas, a Emenda 1, visa alterar o caput do art. 54 do estatuto do servidor do DF para possibilitar a vacância e retorno do servidor estável, quando da posse em cargo efetivo nas c",https://ple.cl.df.gov.br/pleservico/api/public/proposicao/10520/documento/ativas,data/raw/documento-ativas/9a558a726994ff94.json
BRB,BRB,BRB-OUTRO,documento,documento,texto,PL 1108/2024,19809,125100,226337,Emenda,GAB DEP GABRIEL MAGNO,2024-06-18T15:59:46,Dispõe sobre as diretrizes orçamentárias para o exercício financeiro de 2025 e dá outras providências. ,"O A emenda objetiva efetivamente promover as despesas relacionadas ao enfrentamento à violência à Pessoa Idosa como prioridade ao financiamento por meio do agente de fomento oficial do Distrito Federal. Além disso, tem por objeto também a promoção por meio do BRB como agente de fomento aos consumidores superendividados, permitindo que possam renegociar as respectivas dívidas, mas garantindo o mínimo existencial constitucional inclusão Nesse sentido, conclamo aos nobres pares a aprovação Sala das Sessões ...........",https://ple.cl.df.gov.br/pleservico/api/public/proposicao/19809/documento/ativas,data/raw/documento-ativas/d6b675a10ee17c2c.json
BRB,BRB,BRB-OUTRO,documento,documento,texto,REQ 1481/2024,20438,125781,227647,Requerimento,GAB DEP DAYSE AMARILIO,2024-06-21T18:36:03,"Requer informações ao Banco de Brasília acerca do cumprimento da Lei 7.239/2023 e sobre o programa de renegociação, lançado em 4.12.2023.","rograma ou não? Senão diminuíram, qual é a medida que o Banco pretende tomar para tanto? c) Qual é o resultado atual do programa? Qual é o montante que o Banco arrecadou até o momento? JUSTIFICAÇÃO Serve o presente requerimento para obter informações junto ao BRB acerca da lei 7.239/2023, que trata do superendividamento de empregados públicos. Com efeito, tenho recebido denúncias no âmbito da Comissão de Assuntos Sociais desta Casa, que informam que o Banco estaria retendo parcelas remuneratórias de forma ilegítima",https://ple.cl.df.gov.br/pleservico/api/public/proposicao/20438/documento/ativas,data/raw/documento-ativas/7fdf4b24d0eb06b0.json
BRB,BrB,BRB-OUTRO,documento,documento,texto,PL 1187/2024,20716,127162,230360,Projeto de Lei,GAB DEP PR DANIEL DE CASTRO,2024-07-23T16:29:56,"Estabelece que, no mínimo, 5% dos ingressos de eventos organizados no Estádio Nacional de Brasília – Mané Garrincha sejam reservados e disponibilizados gratuitamente a pessoas de baixa renda, na forma que especifica.","do Distrito Federal pelos habitantes desta Unidade da Federação. Não é segredo que os custos para a construção do Estádio Nacional de Brasília – Mané Garrincha foram, à época, segundo a consultoria KPMG, em torno de US$ 830 milhões. Isso coloca a atual Arena BrB como o terceiro estádio mais caro do mundo e o segundo mais caro por assento construído. Assim, importante parcela da população, as pessoas de baixa renda, apesar de ser “proprietária” desse bem público do Distrito Federal, se encontra alijada do direito de",https://ple.cl.df.gov.br/pleservico/api/public/proposicao/20716/documento/ativas,data/raw/documento-ativas/801b3afb1506c9e9.json
BRB,BRB,BRB-OUTRO,documento,documento,texto,PL 1192/2024,20808,127362,230911,Projeto de Lei,GAB DEP MARTINS MACHADO,2024-07-31T17:35:43,Institui o Programa Bolsa Técnico no âmbito do Distrito Federal. ,"primeira parcela do pagamento do benefício, em acordo com a atualização monetária estabelecida pelo INPC/IBGE (Índice Nacional de Preços ao Consumidor). § 2° Os pagamentos mensais a título de benefício serão depositas em conta corrente do Banco de Brasília - BRB, tendo o técnico como correntista. Art. 11° Cada técnico poderá pleitear ser beneficiário de uma única modalidade e de uma única categoria de bolsa. Art. 12° Para fins de contrapartida, os técnicos disponibilizarão quatro datas no ano de exercício em que re",https://ple.cl.df.gov.br/pleservico/api/public/proposicao/20808/documento/ativas,data/raw/documento-ativas/46feddcecbc68e08.json
BRB,BRB,BRB-OUTRO,documento,documento,texto,PLC 7/2023,10816,128378,233515,Parecer,GAB DEP IOLANDO,2024-08-12T17:47:02,"Adequa o Fundo de Defesa dos Direitos do Consumidor, criado pela Lei Complementar nº 50, de 23 de dezembro de 1997, para garantir o mínimo existencial aos superendividados.","=39416. Acesso em 10/10/2023. [2] Arquivo disponível em https://www.serasa.com.br/assets/cms/2022/Mapa-da-inadimplencia-Janeiro.pdf. Acesso em 25/9/2023. [3]Comissão Geral: “O endividamento dos servidores públicos do Distrito Federal com o Banco de Brasília – BRB”, Plenário da CLDF, 23 de fevereiro de 2023. Ver Notícia/Agência CLDF, “Distritais buscam solução para servidores superendividados com o BRB” (23/02/2023), disponível em https://www.cl.df.gov.br/-/comissao-geral-debate-o-endividamento-de-servidores-do-df-c",https://ple.cl.df.gov.br/pleservico/api/public/proposicao/10816/documento/ativas,data/raw/documento-ativas/701db3ff7ad21901.json
BRB,BRB,BRB-OUTRO,documento,documento,texto,PL 1078/2024,19338,131586,240570,Parecer,CAF,2024-09-09T10:23:53,"Institui o Programa ""Minha Casa Linda""","l e execução da despesa de serviço necessária à consecução do Programa, nos critérios estabelecidos por esta Lei; II - da Secretaria de Estado de Economia, quanto à utilização do crédito previsto no inciso I do art. 2º desta Lei; e III - do Banco de Brasília (BRB) como agente financeiro do Programa e depositário de seus recursos financeiros, em conta e subconta de movimento ou de outra natureza que lhe forem ajustadas objetivando o crédito bancário ao beneficiário do Programa. Lei distrital 5.485 /2015 – Art. 2º II",https://ple.cl.df.gov.br/pleservico/api/public/proposicao/19338/documento/ativas,data/raw/documento-ativas/87ffd057f26e32cd.json
BRB,BRB,BRB-OUTRO,documento,documento,texto,IND 6282/2024,21957,133480,244175,Indicação,GAB DEP PR DANIEL DE CASTRO,2024-09-19T12:54:07,"Sugere ao Poder Executivo, por intermédio do Banco de Brasília - BRB, providências tendentes a concessão de linha de crédito especial destinada às famílias rurais que perderam suas moradias em decorrência das queimadas no Distrito Federal.  ","CÂMARA LEGISLATIVA DO DISTRITO FEDERAL Gabinete do Deputado Pastor Daniel de Castro - Gab 07 Indicação Nº, DE 2024 (Autoria: Deputado Pastor Daniel de Castro) Sugere ao Poder Executivo, por intermédio do Banco de Brasília - BRB, providências tendentes a concessão de linha de crédito especial destinada às famílias rurais que perderam suas moradias em decorrência das queimadas no Distrito Federal. A CÂMARA LEGISLATIVA DO DISTRITO FEDERAL, nos termos do art. 143 do Regimento Interno, S",https://ple.cl.df.gov.br/pleservico/api/public/proposicao/21957/documento/ativas,data/raw/documento-ativas/76c2f371d88755bb.json
BRB,BRB,BRB-OUTRO,documento,documento,texto,IND 6320/2024,22125,134748,246515,Indicação,GAB DEP JAQUELINE SILVA,2024-09-30T10:46:57,"Sugere ao Poder Executivo, por intermédio do Banco de Brasília - BRB, a instalação de uma agência do BRB no Setor Habitacional Torto, na Região Administrativa do Plano Piloto - RA I.  ","CÂMARA LEGISLATIVA DO DISTRITO FEDERAL Gabinete da Deputada Jaqueline Silva - Gab 03 Indicação Nº, DE 2024 (Autoria: Deputada Jaqueline Silva) Sugere ao Poder Executivo, por intermédio do Banco de Brasília - BRB, a instalação de uma agência do BRB no Setor Habitacional Torto, na Região Administrativa do Plano Piloto - RA I. A CÂMARA LEGISLATIVA DO DISTRITO FEDERAL, nos termos do art. 143 do Regimento Interno, Sugere ao Poder Executivo, por intermédio do Banco de Bras",https://ple.cl.df.gov.br/pleservico/api/public/proposicao/22125/documento/ativas,data/raw/documento-ativas/87bc94dbc03b9164.json
BRB,BRB,BRB-OUTRO,documento,documento,texto,PL 1360/2024,22244,135262,248114,Projeto de Lei,GAB DEP GABRIEL MAGNO,2024-10-07T12:40:42,Institui as Diretrizes para a Política de Assistência Estudantil no âmbito da Universidade do Distrito Federal Professor Jorge Amaury Maia Nunes.,"os de que trata esta Lei deverá ocorrer nos limites das transferências de dotações orçamentárias e financeiras a serem realizadas à Universidade do Distrito Federal e ao Fundo da Universidade do Distrito Federal – FunDF. Parágrafo único. O Banco de Brasília - BRB figurará, preferencialmente, como o agente financeiro responsável pelo pagamento, bem como pelo suporte operacional necessário, nos limites de sua competência legal. CAPÍTULO VI DA EXECUÇÃO Art. 18. A PAE da UnDF será desenvolvida por meio de uma política ",https://ple.cl.df.gov.br/pleservico/api/public/proposicao/22244/documento/ativas,data/raw/documento-ativas/7efdc04e0b275fa7.json
BRB,BRB,BRB-OUTRO,documento,documento,texto,IND 6502/2024,22503,138472,252084,Indicação,GAB DEP ROBÉRIO NEGREIROS,2024-10-21T14:34:46,"SUGERE AO PODER EXECUTIVO DO DISTRITO FEDERAL, QUE ATRAVÉS DO BANCO REGIONAL DE BRASÍLIA (BRB), SEJA INSTALADA UMA AGÊNCIA BANCÁRIA DO BRB OU UMA UNIDADE DO BRB CONVENIÊNCIA NA COLÔNIA AGRÍCOLA 26 DE SETEMBRO NA REGIÃO ADMINISTRATIVA VICENTE PIRES.","CÂMARA LEGISLATIVA DO DISTRITO FEDERAL Gabinete do Deputado Robério Negreiros - Gab 19 Indicação Nº, DE 2024 (Autoria: Deputado ROBÉRIO NEGREIROS) SUGERE AO PODER EXECUTIVO DO DISTRITO FEDERAL, QUE ATRAVÉS DO BANCO REGIONAL DE BRASÍLIA (BRB), SEJA INSTALADA UMA AGÊNCIA BANCÁRIA DO BRB OU UMA UNIDADE DO BRB CONVENIÊNCIA NA COLÔNIA AGRÍCOLA 26 DE SETEMBRO NA REGIÃO ADMINISTRATIVA VICENTE PIRES. A CÂMARA LEGISLATIVA DO DISTRITO FEDERAL, nos termos do artigo 143 de seu Regimento Interno, sugere ao P",https://ple.cl.df.gov.br/pleservico/api/public/proposicao/22503/documento/ativas,data/raw/documento-ativas/15c3095645cc890a.json
BRB,BRB,BRB-OUTRO,documento,documento,texto,IND 6561/2024,22628,139749,254618,Indicação,GAB DEP JOAQUIM RORIZ NETO,2024-10-25T14:16:54,"Sugere ao Poder Executivo a revitalização do Ponto de Encontro Comunitário - PEC no canteiro central da 1ª Avenida Norte, em frente ao BRB, em Samambaia.  ","DISTRITO FEDERAL Gabinete do Deputado Joaquim Roriz Neto - Gab 04 Indicação Nº DE 2024 (Do Sr. Deputado Joaquim Roriz Neto) Sugere ao Poder Executivo a revitalização do Ponto de Encontro Comunitário - PEC no canteiro central da 1ª Avenida Norte, em frente ao BRB, em Samambaia. A CÂMARA LEGISLATIVA DO DISTRITO FEDERAL, nos termos do art. 143 do Regimento Interno, sugere ao Poder Executivo a revitalização do Ponto de Encontro Comunitário - PEC no canteiro central da 1ª Avenida Norte, em frente ao BRB, em Samambaia. J",https://ple.cl.df.gov.br/pleservico/api/public/proposicao/22628/documento/ativas,data/raw/documento-ativas/5808364c250e090c.json
BRB,BRB,BRB-OUTRO,documento,documento,texto,PL 1294/2024,21825,275740,259815,Parecer,GAB DEP JORGE VIANNA,2024-11-05T15:08:11,Estima a receita e fixa a despesa do Distrito Federal para o exercício financeiro de 2025.,"s orçamentárias abaixo: QUADRO 1. UNIDADES ORÇAMENTÁRIAS OBJETO DESTE PARECER PARCIAL UOUNIDADE ORÇAMENTÁRIA 10101GABINETE DO VICE-GOVERNADOR 19101SECRETARIA DE ESTADO DE PLANEJAMENTO, ORÇAMENTO E ADMINISTRAÇÃO DO DISTRITO FEDERAL 19202BANCO DE BRASILIA S/A – BRB 19204BRB CRÉDITO, FINANCIAMENTO E INVESTIMENTO S/A 19205BRB DISTRIBUIDORA DE TÍTULOS E VALORES 19206CARTÃO BRB S/A 19207BRB ADMINSTRADORA E CORRETORA DE SEGUROS S/A 19208BRB SERVIÇOS S.A 23202FUNDAÇÃO HEMOCENTRO DE BRASÍLIA 23203FUNDAÇÃO DE ENSINO E PESQUI",https://ple.cl.df.gov.br/pleservico/api/public/proposicao/21825/documento/ativas,data/raw/documento-ativas/7cf68a7d73c5b5cb.json
BRB,BRB,BRB-OUTRO,documento,documento,texto,PDL 236/2024,150248,279230,263574,Projeto de Decreto Legislativo,GAB DEP HERMETO,2024-11-29T13:45:16,Concede Título de Cidadão Honorário de Brasília ao Sr. Paulo Henrique Bezerra Rodrigues Costa.,"ty, mestrado em Administração de Empresas pela Universidade de Birmingham, na Inglaterra, e mestrado executivo em administração na Kellogg School of Management, nos Estados Unidos. Com mais de 20 anos de experiência no mercado financeiro, o novo presidente do BRB exerceu diversas posições gerenciais no conglomerado Caixa Econômica Federal entre 2001 e 2018, entre elas as de Diretor Executivo de Controladoria, Diretor de Administração, Finanças e Relações com Investidores na Caixa Seguridade, Superintendente Naciona",https://ple.cl.df.gov.br/pleservico/api/public/proposicao/150248/documento/ativas,data/raw/documento-ativas/1e6da77615362485.json
BRB,BRB,BRB-OUTRO,documento,documento,texto,IND 6927/2024,150299,279411,263971,Indicação,GAB DEP JAQUELINE SILVA,2024-12-02T12:26:27,"Sugere ao Poder Executivo, por intermédio do Banco de Brasília - BRB, a instalação de uma agência do BRB na QR 512 Conjunto 4 Samambaia Sul, na Região Administrativa de Samambaia - RA XII.  ","CÂMARA LEGISLATIVA DO DISTRITO FEDERAL Gabinete da Deputada Jaqueline Silva - Gab 03 Indicação Nº, DE 2024 (Autoria: Deputada Jaqueline Silva) Sugere ao Poder Executivo, por intermédio do Banco de Brasília - BRB, a instalação de uma agência do BRB na QR 512 Conjunto 4 Samambaia Sul, na Região Administrativa de Samambaia - RA XII. A CÂMARA LEGISLATIVA DO DISTRITO FEDERAL, nos termos do art. 143 do Regimento Interno, Sugere ao Poder Executivo, por intermédio do Banco d",https://ple.cl.df.gov.br/pleservico/api/public/proposicao/150299/documento/ativas,data/raw/documento-ativas/e1c93bf123923bdc.json
BRB,BRB,BRB-OUTRO,documento,documento,texto,PL 1455/2024,150171,280779,266460,Emenda,GAB DEP FÁBIO FÉLIX,2024-12-10T10:57:47,"Autoriza o Poder Executivo a ceder, onerosamente, direitos creditórios originados de créditos tributários e não tributários, inscritos ou não em dívida ativa, a pessoas jurídicas de direito privado ou a fundos de investimento regulamentados pela Comissão de Valores Mobiliários (CVM), e dá outras pro","s, inscritos ou não em dívida ativa, a pessoas jurídicas de direito privado ou a fundos de investimento regulamentados pela Comissão de Valores Mobiliários (CVM), e dá outras providências.” Suprima-se o §2º do art. 4º. JUSTIFICAÇÃO O dispositivo permite que o BRB, como instituição financeira encarregada de prestar o serviço de estruturação da operação de cessão do crédito, inclua os créditos por ele negociados em fundos de investimentos privados por ele próprio geridos ou administrados. O permissivo viola frontalme",https://ple.cl.df.gov.br/pleservico/api/public/proposicao/150171/documento/ativas,data/raw/documento-ativas/91608a5a6fb5eeb0.json
BRB,BRB,BRB-OUTRO,documento,documento,texto,PL 1455/2024,150171,281208,267064,Redação Final,CCJ,2024-12-11T16:05:10,"Autoriza o Poder Executivo a ceder, onerosamente, direitos creditórios originados de créditos tributários e não tributários, inscritos ou não em dívida ativa, a pessoas jurídicas de direito privado ou a fundos de investimento regulamentados pela Comissão de Valores Mobiliários (CVM), e dá outras pro","tempo, com o devedor ou contribuinte. CAPÍTULO IV DA ESTRUTURAÇÃO DA OPERAÇÃO E DA EMISSÃO DE VALORES MOBILIÁRIOS LASTREADOS NO FLUXO DE CRÉDITOS CEDIDOS EM DEFINITIVO Art. 4º Fica o Governo do Distrito Federal autorizado a contratar o Banco de Brasília S/A – BRB para atuar na estruturação e implementação de operações que envolvam a emissão e distribuição de valores mobiliários, ou outra forma de obtenção de recursos junto ao mercado de capitais, lastreadas nos direitos creditórios a que se refere esta Lei. § 1º Ao",https://ple.cl.df.gov.br/pleservico/api/public/proposicao/150171/documento/ativas,data/raw/documento-ativas/91608a5a6fb5eeb0.json
BRB,BRB,BRB-OUTRO,documento,documento,texto,IND 6979/2025,150566,281459,267505,Indicação,GAB DEP MAX MACIEL,2024-12-16T14:46:28,"Sugere ao Poder Executivo que, por intermédio da Secretaria de Transporte e Mobilidade do Distrito Federal e do BRB Mobilidade, implemente e/ou facilite o pagamento por meio dos cartões de banco físicos, na função débito, no Sistema de Bilhetagem Automática (SBA) adotado no Sistema de Transporte Púb","CÂMARA LEGISLATIVA DO DISTRITO FEDERAL Gabinete do Deputado Max Maciel - Gab 02 Indicação Nº, DE 2024 (Autoria: Deputado Max Maciel) Sugere ao Poder Executivo que, por intermédio da Secretaria de Transporte e Mobilidade do Distrito Federal e do BRB Mobilidade, implemente e/ou facilite o pagamento por meio dos cartões de banco físicos, na função débito, no Sistema de Bilhetagem Automática (SBA) adotado no Sistema de Transporte Público Coletivo do Distrito Federal (STPC/DF). A CÂMARA LEGISLATIVA DO DISTRI",https://ple.cl.df.gov.br/pleservico/api/public/proposicao/150566/documento/ativas,data/raw/documento-ativas/f1f12656d48a73f4.json
BRB,BRB,BRB-OUTRO,documento,documento,texto,PDL 236/2024,150248,284564,274612,Parecer,GAB DEP MARTINS MACHADO,2025-02-17T14:54:42,Concede Título de Cidadão Honorário de Brasília ao Sr. Paulo Henrique Bezerra Rodrigues Costa.,"troladoria, Diretor de Administração, Finanças e Relações com Investidores na Caixa Seguridade, Superintendente Nacional de Administração de Risco Corporativo e Gerente Nacional de Risco e Modelagem, funções das quais se desligou para assumir a presidência do BRB. Nesse contexto e por esses fundamentos, vê-se que a proposição é conveniente e oportuna, de modo a caracterizar seu caráter meritório. Pelo exposto, manifestamos voto pela APROVAÇÃO do Projeto de Decreto Legislativo nº 236/2024 no âmbito da Comissão de As",https://ple.cl.df.gov.br/pleservico/api/public/proposicao/150248/documento/ativas,data/raw/documento-ativas/1e6da77615362485.json
BRB,BRB,BRB-OUTRO,documento,documento,texto,PL 1592/2025,151228,287147,277876,Projeto de Lei,GAB DEP GABRIEL MAGNO,2025-02-24T11:42:51,Institui as Diretrizes  para o  Programa Agrário do Distrito Federal.,"produção e comercialização de hortifrutigranjeiros e outros gêneros alimentícios da agricultura familiar, como mel, própolis, castanhas, doces e conservas; XX – desenvolver uma linha de crédito específica para mulheres rurais, por meio do Banco de Brasília – BRB, incentivando projetos produtivos de mulheres do campo; XXI – implementar a isenção do licenciamento ambiental para assentamentos de até cem famílias, além de criar um processo simplificado para assentamentos com população superior a esse limite, garantindo",https://ple.cl.df.gov.br/pleservico/api/public/proposicao/151228/documento/ativas,data/raw/documento-ativas/b6a9942977bd2fee.json
BRB,BRB,BRB-OUTRO,documento,documento,texto,MO 1220/2025,151372,289166,281689,Moção,GAB DEP JOÃO CARDOSO,2025-03-10T21:12:28,Manifesta votos de louvor e parabeniza ao Frei Gilson pelos excelentes serviços prestados à população do Distrito Federal,"mil pessoas. Sua discografia inclui álbuns como ""Salvos Pela Cruz"" (2015), ""Santo Sacrifício"" (2016) e ""Frei Gilson In Concert"" (2023). Em 2024 Frei Gilson participou da comemoração dos 24 anos da Canção Nova em Brasília, atraindo milhares de pessoas ao Arena BRB Nilson Nelson. Seu trabalho transcende o ambiente religioso, oferecendo acolhimento e renovação da fé a todos que o buscam, e reforçando a importância da religiosidade na construção de uma sociedade mais justa e fraterna. Diante da relevância e do reconhec",https://ple.cl.df.gov.br/pleservico/api/public/proposicao/151372/documento/ativas,data/raw/documento-ativas/00fb943516243af6.json
BRB,BRB,BRB-OUTRO,documento,documento,texto,REQ 1953/2025,151768,291845,288287,Requerimento,GAB DEP RICARDO VALE,2025-03-31T14:30:39,Requer o registro de criação da Frente Parlamentar em defesa dos feirantes.,"andono em que se encontram as feiras do Distrito Federal. Durante os pronunciamentos, ficou evidente a necessidade de medidas com urgência para se criar uma política pública destinada a revitalizar as feiras, abrir linhas de crédito para os feirantes junto ao BRB e melhorar a gestão pública das feiras, com a nomeação de um gerente para cada uma delas, pois famílias inteiras de feirantes estão ficando sem condições de sobreviver com suas atividades, porque a população está deixando de ir às feiras. Também foi unânim",https://ple.cl.df.gov.br/pleservico/api/public/proposicao/151768/documento/ativas,data/raw/documento-ativas/49be4acbeeae11cf.json
BRB,BRB,BRB-OUTRO,documento,documento,texto,PL 646/2023,15301,292982,291420,Parecer,GAB DEP ROGÉRIO MORRO DA CRUZ,2025-04-10T16:27:59,Dispõe sobre a inclusão do ensino de educação financeira como conteúdo transversal do currículo da rede pública de ensino do Distrito Federal.,"sitivos, como o aumento do nível de poupança dos jovens e maior consciência em gastos mensais. Por fim, o autor ressalta que, apesar de existirem iniciativas pontuais no Distrito Federal, como o programa Aprender Valor do Banco Central e projetos do Instituto BRB, é necessário estabelecer a educação financeira como conteúdo obrigatório no currículo escolar. Em outubro de 2023, o próprio Autor apresentou emenda acrescendo o art. 6° à proposição, que revoga explicitamente a Lei n° 3.838, de 27 de março de 2006, que i",https://ple.cl.df.gov.br/pleservico/api/public/proposicao/15301/documento/ativas,data/raw/documento-ativas/3b872be541a49b2f.json
BRB,BRB,BRB-OUTRO,documento,documento,texto,PL 1713/2025,152261,294579,295317,Projeto de Lei,GAB DEP IOLANDO,2025-04-29T12:03:10,"Institui a Política Distrital de Recuperação de Áreas Degradadas e Serviços Ecossistêmicos – PRAD-DF, define fontes de financiamento e dá outras providências.","predial a imóveis que comprovem reflorestamento ou manutenção de áreas restauradas; b) ISS Verde: alíquota reduzida para empresas que prestem serviços de restauração e monitoramento; II – linhas de crédito em condições favorecidas junto ao Banco de Brasília – BRB Verde; III – mecanismo distrital de Pagamento por Serviços Ambientais; IV – Cadastro Distrital de Áreas Prioritárias (CDAP), integrado ao ZEE-DF; V – Certificados de Crédito de Restauração – CCR-DF, títulos negociáveis no mercado de carbono local; VI – exi",https://ple.cl.df.gov.br/pleservico/api/public/proposicao/152261/documento/ativas,data/raw/documento-ativas/353c157e908aee67.json
BRB,BRB,BRB-OUTRO,documento,documento,texto,PL 1652/2025,151668,294594,296168,Parecer,CAF,2025-04-29T13:22:35,Institui o Programa Material de Construção e dá outras providências.,"financeiro por lar atingido, nos termos do §1º do art. 1º. § 1º A concessão do auxílio financeiro previsto nesta Lei será efetivada por meio de cartão magnético ou outra tecnologia, que funcione como cartão de débito, operacionalizado pelo Banco de Brasília – BRB, inscrito no Cadastro Nacional da Pessoa Jurídica sob o nº 00.000.208/0001-0, exclusivamente para aquisição do material de construção. § 2º Os estabelecimentos comerciais que estiverem aptos a comercializar os itens às famílias beneficiárias e que, por alg",https://ple.cl.df.gov.br/pleservico/api/public/proposicao/151668/documento/ativas,data/raw/documento-ativas/a26bbde31859329b.json
BRB,BRB,BRB-OUTRO,documento,documento,texto,PDL 316/2025,152309,294868,296036,Projeto de Decreto Legislativo,GAB DEP JOÃO CARDOSO,2025-05-05T09:10:38,Concede o Título de Cidadão Honorário de Brasília ao Senhor FREI GILSON DA SILVA PUPO AZEVEDO,"osa se materializa em álbuns como ""Salvos Pela Cruz"" (2015), ""Santo Sacrifício"" (2016) e ""Frei Gilson In Concert"" (2023). Em 2024 e 2025, Frei Gilson abrilhantou as comemorações dos 23 e 24 anos da Canção Nova em Brasília, atraindo milhares de pessoas à Arena BRB Nilson Nelson e ao Pavilhão de Exposições do Parque da Cidade, respectivamente. Seu trabalho pastoral e evangelizador irradia para além dos limites do ambiente religioso, oferecendo acolhimento e a renovação da fé a todos que buscam seu amparo espiritual, ",https://ple.cl.df.gov.br/pleservico/api/public/proposicao/152309/documento/ativas,data/raw/documento-ativas/8649d416cb269283.json
BRB,BRB,BRB-OUTRO,documento,documento,texto,PL 1652/2025,151668,295276,297016,Redação Final,CCJ,2025-05-07T12:37:07,Institui o Programa Material de Construção e dá outras providências.,"nceiro por lar atingido, nos termos do §1º do art. 1º. § 1º A concessão do auxílio financeiro previsto nesta Lei deve ser efetivada por meio de cartão magnético ou outra tecnologia, que funcione como cartão de débito, operacionalizado pelo Banco de Brasília – BRB, inscrito no Cadastro Nacional da Pessoa Jurídica sob o nº 00.000.208/0001-0, exclusivamente para aquisição do material de construção. § 2º Os estabelecimentos comerciais que estiverem aptos a comercializar os itens às famílias beneficiárias e que, por alg",https://ple.cl.df.gov.br/pleservico/api/public/proposicao/151668/documento/ativas,data/raw/documento-ativas/a26bbde31859329b.json
BRB,BRB,BRB-OUTRO,documento,documento,texto,PL 505/2023,14604,301733,308011,Parecer,GAB DEP GABRIEL MAGNO,2025-06-10T15:51:42,"Institui o Programa Uniforme Escolar no Distrito Federal, destinado à concessão de uniformes escolares aos alunos da rede pública de ensino do Distrito Federal.","s adquiridas pela Secretaria de Educação; (ii) auxílio financeiro para que o estudante adquiria o uniforme em estabelecimento credenciado pela Secretaria. O art. 3º define ainda: (§1º) a concessão do auxílio financeiro através de cartão magnético de débito do BRB, exclusivamente para aquisição de uniformes escolares; (§2º) o valor do auxílio financeiro, correspondente à soma dos custos da quantidade de peças uniformes; (§ 3º) a configuração de fraude na utilização do auxílio financeiro não prevista na lei; (§ 4º) a",https://ple.cl.df.gov.br/pleservico/api/public/proposicao/14604/documento/ativas,data/raw/documento-ativas/380c260dd7f1f7db.json
BRB,BRB,BRB-OUTRO,documento,documento,texto,PDL 333/2025,153052,301865,309694,Projeto de Decreto Legislativo,GAB DEP THIAGO MANZONI,2025-06-11T17:39:45,Concede o Título de Cidadão Honorário de Brasília ao Senhor Wanderley Corrêa Peres. ,"fão de pai e mãe ainda jovem, assumiu com dignidade o legado de seus pais, que sonhavam com a formação acadêmica dos filhos. Ele mesmo só conseguiu realizar o sonho de cursar uma faculdade aos 29 anos, demonstrando perseverança. Ingressou no Banco de Brasília/BRB por concurso em 1968, onde desempenhou diversas funções até alcançar o cargo de Diretor Administrativo do fundo de pensão dos empregados do banco, a REGIUS – Previdência Privada. Em 1984, participou do prestigiado grupo de estudos da ADESG (Associação dos ",https://ple.cl.df.gov.br/pleservico/api/public/proposicao/153052/documento/ativas,data/raw/documento-ativas/09f710defbcd366d.json
BRB,BRB,BRB-OUTRO,documento,documento,texto,IND 8405/2025,153087,302134,308465,Indicação,GAB DEP ROGÉRIO MORRO DA CRUZ,2025-06-13T13:46:30,"Sugere ao Excelentíssimo Senhor Secretário de Estado de Governo do Distrito Federal a adoção de providências visando à implantação do Projeto “Ambulante Legal”, destinado à padronização, organização e valorização dos trabalhadores ambulantes em todo o Distrito Federal.  ","como um modelo distrital de padronização, organização e valorização dos trabalhadores ambulantes, por meio da criação de estruturas fixas ou móveis identificadas visualmente com a marca do Governo do Distrito Federal e de seus parceiros institucionais, como o BRB – Banco de Brasília. A medida busca garantir melhores condições de trabalho, segurança jurídica e identidade urbana para milhares de trabalhadores que atuam cotidianamente na informalidade. Conforme exposto pela Administração Regional do Jardim Botânico no",https://ple.cl.df.gov.br/pleservico/api/public/proposicao/153087/documento/ativas,data/raw/documento-ativas/8daaec04b6994f11.json
BRB,BRB,BRB-OUTRO,documento,documento,texto,PDL 335/2025,153096,302206,308626,Projeto de Decreto Legislativo,GAB DEP PR DANIEL DE CASTRO,2025-06-16T10:31:48,Concede o Título de Cidadão Honorário de Brasília ao Senhor Luiz Eduardo Baptista.,"ue e em uma nova fase de governança e profissionalismo no futebol brasileiro. Recentemente, BAP foi eleito presidente do Flamengo com ampla maioria de votos, e sua gestão tem forte vínculo com o Distrito Federal. Por meio de parcerias com o Banco de Brasília (BRB) e da realização de jogos do Flamengo em Brasília, BAP contribui de maneira significativa para o desenvolvimento econômico e a geração de empregos na região, além de incentivar o turismo, o comércio local e o fortalecimento da identidade esportiva da capit",https://ple.cl.df.gov.br/pleservico/api/public/proposicao/153096/documento/ativas,data/raw/documento-ativas/c01dcb6cd75acc60.json
BRB,BRB,BRB-OUTRO,documento,documento,texto,PL 1742/2025,152574,302559,309228,Emenda,GAB DEP GABRIEL MAGNO,2025-06-17T11:42:22,Dispõe sobre as diretrizes orçamentárias para o exercício financeiro de 2026 e dá outras providências.,"O A emenda objetiva efetivamente promover as despesas relacionadas ao enfrentamento à violência à Pessoa Idosa como prioridade ao financiamento por meio do agente de fomento oficial do Distrito Federal. Além disso, tem por objeto também a promoção por meio do BRB como agente de fomento aos consumidores superendividados, permitindo que possam renegociar as respectivas dívidas, mas garantindo o mínimo existencial constitucional inclusão. Nesse sentido, conclamo aos nobres pares a aprovação Sala das Sessões, na data d",https://ple.cl.df.gov.br/pleservico/api/public/proposicao/152574/documento/ativas,data/raw/documento-ativas/43a8b08c2c4d7db3.json
BRB,BRB,BRB-OUTRO,documento,documento,texto,PL 1742/2025,152574,302565,309249,Emenda,GAB DEP GABRIEL MAGNO,2025-06-17T11:50:40,Dispõe sobre as diretrizes orçamentárias para o exercício financeiro de 2026 e dá outras providências.,"ispõe sobre as diretrizes orçamentárias para o exercício financeiro de 2026 e dá outras providências.” Adite-se o seguinte §3º ao art. 79 da Proposição em epígrafe. Art. 79................................................................................. §3º O BRB demonstrará e avaliará o cumprimento das metas estabelecidas neste artigo, incisos e alíneas, em audiências públicas na Comissão de Economia, Orçamento e Finanças (CEOF) da CLDF, nos meses de maio e setembro de 2026. JUSTIFICAÇÃO Considerando, nos termos d",https://ple.cl.df.gov.br/pleservico/api/public/proposicao/152574/documento/ativas,data/raw/documento-ativas/43a8b08c2c4d7db3.json
BRB,BRB,BRB-OUTRO,documento,documento,texto,PL 1742/2025,152574,302567,309260,Emenda,GAB DEP GABRIEL MAGNO,2025-06-17T11:55:44,Dispõe sobre as diretrizes orçamentárias para o exercício financeiro de 2026 e dá outras providências.,"ui-se como um elo essencial entre o Plano Plurianual (PPA) e a LOA, assegurando a alocação adequada, eficaz e eficiente dos recursos para atender às demandas da sociedade e o desenvolvimento econômico e social do DF; Considerando que o Banco de Brasília S.A. (BRB) é considerado pela Lei Orgânica do Distrito Federal (LODF) como uma instituição fundamental para o desenvolvimento do DF e da região, conforme disposto no § 1º do artigo 144 da LODF, que assevera, Art. 144. A arrecadação de todas e quaisquer receitas de c",https://ple.cl.df.gov.br/pleservico/api/public/proposicao/152574/documento/ativas,data/raw/documento-ativas/43a8b08c2c4d7db3.json
BRB,BRB,BRB-OUTRO,documento,documento,texto,PL 1742/2025,152574,302569,309272,Emenda,GAB DEP GABRIEL MAGNO,2025-06-17T11:59:43,Dispõe sobre as diretrizes orçamentárias para o exercício financeiro de 2026 e dá outras providências.,"ui-se como um elo essencial entre o Plano Plurianual (PPA) e a LOA, assegurando a alocação adequada, eficaz e eficiente dos recursos para atender às demandas da sociedade e o desenvolvimento econômico e social do DF; Considerando que o Banco de Brasília S.A. (BRB) é considerado pela Lei Orgânica do Distrito Federal (LODF) como uma instituição fundamental para o desenvolvimento do DF e da região, conforme disposto no § 1º do artigo 144 da LODF, que assevera, Art. 144. A arrecadação de todas e quaisquer receitas de c",https://ple.cl.df.gov.br/pleservico/api/public/proposicao/152574/documento/ativas,data/raw/documento-ativas/43a8b08c2c4d7db3.json
BRB,BRB,BRB-OUTRO,documento,documento,texto,PL 1742/2025,152574,302571,309275,Emenda,GAB DEP GABRIEL MAGNO,2025-06-17T12:03:45,Dispõe sobre as diretrizes orçamentárias para o exercício financeiro de 2026 e dá outras providências.,"ui-se como um elo essencial entre o Plano Plurianual (PPA) e a LOA, assegurando a alocação adequada, eficaz e eficiente dos recursos para atender às demandas da sociedade e o desenvolvimento econômico e social do DF; Considerando que o Banco de Brasília S.A. (BRB) é considerado pela Lei Orgânica do Distrito Federal (LODF) como uma instituição fundamental para o desenvolvimento do DF e da região, conforme disposto no § 1º do artigo 144 da LODF, que assevera, Art. 144. A arrecadação de todas e quaisquer receitas de c",https://ple.cl.df.gov.br/pleservico/api/public/proposicao/152574/documento/ativas,data/raw/documento-ativas/43a8b08c2c4d7db3.json
BRB,BRB,BRB-OUTRO,documento,documento,texto,PL 1742/2025,152574,302573,309281,Emenda,GAB DEP GABRIEL MAGNO,2025-06-17T12:06:04,Dispõe sobre as diretrizes orçamentárias para o exercício financeiro de 2026 e dá outras providências.,"ui-se como um elo essencial entre o Plano Plurianual (PPA) e a LOA, assegurando a alocação adequada, eficaz e eficiente dos recursos para atender às demandas da sociedade e o desenvolvimento econômico e social do DF; Considerando que o Banco de Brasília S.A. (BRB) é considerado pela Lei Orgânica do Distrito Federal (LODF) como uma instituição fundamental para o desenvolvimento do DF e da região, conforme disposto no § 1º do artigo 144 da LODF, que assevera, Art. 144. A arrecadação de todas e quaisquer receitas de c",https://ple.cl.df.gov.br/pleservico/api/public/proposicao/152574/documento/ativas,data/raw/documento-ativas/43a8b08c2c4d7db3.json
BRB,BRB,BRB-OUTRO,documento,documento,texto,PL 1742/2025,152574,302576,309285,Emenda,GAB DEP GABRIEL MAGNO,2025-06-17T12:08:11,Dispõe sobre as diretrizes orçamentárias para o exercício financeiro de 2026 e dá outras providências.,"Deputado(a) Gabriel Magno) Emenda ao Projeto de Lei nº 1742/2025, que “Dispõe sobre as diretrizes orçamentárias para o exercício financeiro de 2026 e dá outras providências.” Adite-se o seguinte art. 66, renumerando-se os demais. Art. 66. O Banco de Brasília (BRB), como organismo fundamental de fomento do Distrito Federal, definindo no art. 144, §1º, da Lei Orgânica do Distrito Federal, deve priorizar nas políticas de de concessão de empréstimos e financiamentos, os programas e projetos do Distrito Federal relacion",https://ple.cl.df.gov.br/pleservico/api/public/proposicao/152574/documento/ativas,data/raw/documento-ativas/43a8b08c2c4d7db3.json
BRB,BRB,BRB-OUTRO,documento,documento,texto,PL 1742/2025,152574,302578,309288,Emenda,GAB DEP GABRIEL MAGNO,2025-06-17T12:10:37,Dispõe sobre as diretrizes orçamentárias para o exercício financeiro de 2026 e dá outras providências.,"ui-se como um elo essencial entre o Plano Plurianual (PPA) e a LOA, assegurando a alocação adequada, eficaz e eficiente dos recursos para atender às demandas da sociedade e o desenvolvimento econômico e social do DF; Considerando que o Banco de Brasília S.A. (BRB) é considerado pela Lei Orgânica do Distrito Federal (LODF) como uma instituição fundamental para o desenvolvimento do DF e da região, conforme disposto no § 1º do artigo 144 da LODF, que assevera, Art. 144. A arrecadação de todas e quaisquer receitas de c",https://ple.cl.df.gov.br/pleservico/api/public/proposicao/152574/documento/ativas,data/raw/documento-ativas/43a8b08c2c4d7db3.json
BRB,BRB,BRB-OUTRO,documento,documento,texto,PL 505/2023,14604,304694,312633,Redação Final,CCJ,2025-06-27T11:43:50,"Institui o Programa Uniforme Escolar no Distrito Federal, destinado à concessão de uniformes escolares aos alunos da rede pública de ensino do Distrito Federal.","elecimento credenciado pela Secretaria de Estado de Educação. § 1º A concessão do auxílio financeiro previsto nesta Lei é efetivada por meio de cartão magnético ou outra tecnologia, que funcione como cartão de débito, operacionalizado pelo Banco de Brasília – BRB, exclusivamente para aquisição dos uniformes escolares, a ser fornecido aos pais ou responsável pelo aluno. § 2º O valor do auxílio financeiro corresponde à soma dos custos da quantidade de peças de uniforme determinada em regulamento. § 3º Considera-se fr",https://ple.cl.df.gov.br/pleservico/api/public/proposicao/14604/documento/ativas,data/raw/documento-ativas/380c260dd7f1f7db.json
BRB,BRB,BRB-OUTRO,documento,documento,texto,PL 1742/2025,152574,304724,312937,Redação Final,CEOF,2025-06-27T18:43:14,Dispõe sobre as diretrizes orçamentárias para o exercício financeiro de 2026 e dá outras providências.,"nceiro não podem ser inferiores aos respectivos custos de captação. Art. 71. O agente oficial de fomento pode, dentro de suas disponibilidades, conceder crédito escolar educativo e bolsa-auxílio financiados com recursos próprios. Art. 72. O Banco de Brasília (BRB), como organismo fundamental de fomento do Distrito Federal, definindo no art. 144, §1º, da Lei Orgânica do Distrito Federal, deve priorizar nas políticas de concessão de empréstimos e financiamentos, os programas e projetos do Distrito Federal relacionado",https://ple.cl.df.gov.br/pleservico/api/public/proposicao/152574/documento/ativas,data/raw/documento-ativas/43a8b08c2c4d7db3.json
BRB,BRB,BRB-OUTRO,documento,documento,texto,IND 8561/2025,153347,304967,313317,Indicação,GAB DEP ROGÉRIO MORRO DA CRUZ,2025-07-08T17:08:12,"Sugere ao Ilustríssimo Senhor Presidente do Banco de Brasília – BRB a adoção de providências para a ativação das fontes ornamentais da Torre de TV e do Jardim Burle Marx, aos domingos e feriados, a partir das 7h, no Eixo Monumental, Região Administrativa do Plano Piloto (RA-I).","CÂMARA LEGISLATIVA DO DISTRITO FEDERAL Gabinete do Deputado Rogério Morro da Cruz - Gab 05 Indicação Nº, DE 2025 (Do Senhor Deputado ROGÉRIO MORRO DA CRUZ) Sugere ao Ilustríssimo Senhor Presidente do Banco de Brasília – BRB a adoção de providências para a ativação das fontes ornamentais da Torre de TV e do Jardim Burle Marx aos domingos e feriados, a partir das 7h, no Eixo Monumental, Região Administrativa do Plano Piloto (RA-I). A CÂMARA LEGISLATIVA DO DISTRITO FEDERAL, nos ter",https://ple.cl.df.gov.br/pleservico/api/public/proposicao/153347/documento/ativas,data/raw/documento-ativas/a3640c12872d3677.json
BRB,BRB,BRB-OUTRO,documento,documento,texto,PL 1833/2025,153419,305927,320581,Parecer,GAB DEP RICARDO VALE,2025-08-11T16:19:17,Institui o Programa Cartão Uniforme Escolar e dá outras providências.,"em que promove a eficiência administrativa e reduz os atrasos recorrentes na entrega dos itens por meio do modelo atualmente centralizado. Paralelamente, o programa uniforme escolar, a ser implementado na forma de cartão magnético, a ser operacionalizado pelo BRB, é uma importante mudança de postura da atual gestão da Secretaria de Educação. Diversamente de anos anteriores, a partir de 2023, o Governo do Distrito Federal resolveu custear o uniforme escolar de todos os alunos da escola pública, o que foi uma polític",https://ple.cl.df.gov.br/pleservico/api/public/proposicao/153419/documento/ativas,data/raw/documento-ativas/7794d2dd4b29aa8c.json
BRB,BRB,BRB-OUTRO,documento,documento,texto,PL 1833/2025,153419,306393,320578,Emenda,GAB DEP RICARDO VALE,2025-08-18T13:45:12,Institui o Programa Cartão Uniforme Escolar e dá outras providências.,"ADITIVA (Autoria: Deputado Ricardo Vale - PT) Emenda ao Projeto de Lei nº 1833/2025, que “Institui o Programa Cartão Uniforme Escolar e dá outras providências.” Adite-se o art. 3º do Projeto de Lei nº 1.833, de 2025, o seguinte parágrafo. Art. 3º ... § 4º Ao BRB é facultado estudar a disponibilização de linha de financiamento destinada à aquisição de matéria-prima pelos estabelecimentos credenciados pela Secretaria de Estado de Educação para confeccionar e comercializar os uniformes escolares. JUSTIFICAÇÃO A presen",https://ple.cl.df.gov.br/pleservico/api/public/proposicao/153419/documento/ativas,data/raw/documento-ativas/7794d2dd4b29aa8c.json
BRB,BRB,BRB-OUTRO,documento,documento,texto,REQ 2208/2025,153854,306618,318017,Requerimento,GAB DEP MAX MACIEL,2025-08-19T18:06:25,"Requer interstício de 1 (um) dia, para votação em 2º turno, do Projeto  de Lei 1.882, de 2025, que ""Autoriza o BRB - Banco de Brasília a adquirir participação em instituições financeiras sediadas no Brasil e no exterior, empresas com atividades próprias ou complementares às do setor financeiro, incl","CÂMARA LEGISLATIVA DO DISTRITO FEDERAL Gabinete do Deputado Max Maciel - Gab 02 Requerimento Nº, DE 2025 (Autoria: Deputado Max Maciel) Requer interstício de 1 (um) dia do Projeto de Lei 1.882, de 2025, que ""Autoriza o BRB - Banco de Brasília a adquirir participação em instituições financeiras sediadas no Brasil e no exterior, empresas com atividades próprias ou complementares às do setor financeiro, inclusive no ramo de tecnologia da informação (TI) e empresas com objetos soci",https://ple.cl.df.gov.br/pleservico/api/public/proposicao/153854/documento/ativas,data/raw/documento-ativas/78fd412bb9e042ed.json
BRB,BRB,BRB-OUTRO,documento,documento,texto,PL 258/2023,11952,306909,327616,Parecer,GAB DEP JOÃO CARDOSO,2025-08-25T10:58:15,"Concede gratuidade no transporte público para participantes do Programa Mãe Nutriz, no âmbito da rede pública de saúde do Distrito Federal.","torista do ônibus ou agente de estação do Metrô. Art. 3º Para obtenção do cartão de identificação de acesso gratuito, a participante do Programa Mãe Nutriz, ou terceiro munido de autorização assinada em formulário próprio, deverá dirigir-se a um dos postos do BRB Mobilidade e apresentar: I – documento de identificação oficial, com foto e número de CPF; II – certidão emitida pelo hospital no qual esteja internado o recém-nascido, atestando essa condição para fins de obtenção do benefício; III – endereço de correspon",https://ple.cl.df.gov.br/pleservico/api/public/proposicao/11952/documento/ativas,data/raw/documento-ativas/8ebc3fa99b09ad39.json
BRB,BRB,BRB-OUTRO,documento,documento,texto,PL 604/2023,15964,307672,321443,Parecer,GAB DEP JAQUELINE SILVA,2025-09-01T17:17:44,"Altera a redação do art. 2º e do § 3º do art. 4º da Lei nº 7.239, de 19 de abril de 2023, que “Estabelece o crédito responsável e assegura a garantia do mínimo existencial para os endividados do Distrito Federal, com medidas necessárias para dar cumprimento e efetividade aos arts. 6º, XI e XII; 52, ","ro Distrital. Explica-se. O orçamento público conta com receitas decorrentes de fruição de patrimônio pertencente ao ente federativo. Parte dessas receitas provêm da participação acionária do ente distrital em empresas públicas, como o Banco de Brasília S/A – BRB. A título de ilustração, o PLOA/2025 prevê, para receitas de dividendos, R$ 144.690.940,00, e, para receitas de juros sobre o capital próprio, R$ 158.945.250,00[2]. Ao estabelecer limite para os descontos efetuados sobre as contas-salário, poderia ser cons",https://ple.cl.df.gov.br/pleservico/api/public/proposicao/15964/documento/ativas,data/raw/documento-ativas/300cd3d830d3b5fa.json
BRB,BRB,BRB-OUTRO,documento,documento,texto,PL 1833/2025,153419,307800,321030,Emenda,GAB DEP JAQUELINE SILVA,2025-09-02T14:59:24,Institui o Programa Cartão Uniforme Escolar e dá outras providências.,"ine Silva) Emenda ao Projeto de Lei nº 1833/2025, que “Institui o Programa Cartão Uniforme Escolar e dá outras providências.” Adite-se ao art. 3º do Projeto de Lei nº 1.833, de 2025, o seguinte parágrafo: Art. 3º .... .... § 4º Fica o Banco de Brasília S.A. – BRB autorizado a instituir linhas de crédito especiais, com apoio do Tesouro do Distrito Federal, destinadas a financiar operações necessárias à execução do Programa Cartão Uniforme Escolar, inclusive sob a forma de capital de giro, renegociação ou refinanciam",https://ple.cl.df.gov.br/pleservico/api/public/proposicao/153419/documento/ativas,data/raw/documento-ativas/7794d2dd4b29aa8c.json
BRB,BRB,BRB-OUTRO,documento,documento,texto,PL 1833/2025,153419,307915,321161,Emenda,GAB DEP JAQUELINE SILVA,2025-09-02T16:16:48,Institui o Programa Cartão Uniforme Escolar e dá outras providências.,"ine Silva) Emenda ao Projeto de Lei nº 1833/2025, que “Institui o Programa Cartão Uniforme Escolar e dá outras providências.” Adite-se ao art. 3º do Projeto de Lei nº 1.833, de 2025, o seguinte parágrafo: Art. 3º .... .... § 4º Fica o Banco de Brasília S.A. – BRB autorizado a instituir linhas de crédito especiais destinadas a financiar operações necessárias à execução do Programa Cartão Uniforme Escolar, inclusive sob a forma de capital de giro, renegociação ou refinanciamento de operações de crédito relacionadas a",https://ple.cl.df.gov.br/pleservico/api/public/proposicao/153419/documento/ativas,data/raw/documento-ativas/7794d2dd4b29aa8c.json
BRB,BRB,BRB-OUTRO,documento,documento,texto,IND 8926/2025,154147,308295,321696,Projeto de Lei,GAB DEP MAX MACIEL,2025-09-03T23:37:24,"Sugere ao Poder Executivo, por meio da Secretaria de Segurança Pública do Distrito Federal - SSP/DF, que sejam intensificadas as ações de fiscalização para coibir motoristas clandestinos e motoristas de aplicativos “livres” ou motoristas clandestinos que abordam usuários de forma abusiva e insegura ","e fiscalização para coibir motoristas clandestinos e motoristas de aplicativos “livres” (motoristas que desligam o aplicativo para negociar diretamente com usuários, impondo preços abusivos e desprovidos de qualquer controle, especialmente no entorno da Arena BRB Mané Garrincha, Na Praia Festival e em outros eventos de grande porte. JUSTIFICAÇÃO A presente Indicação busca atender demanda recorrente de usuários do serviço de transporte individual privado de passageiros, que são expostos à prática dos chamados motori",https://ple.cl.df.gov.br/pleservico/api/public/proposicao/154147/documento/ativas,data/raw/documento-ativas/20a1398c3ce845b0.json
BRB,BRB,BRB-OUTRO,documento,documento,texto,IND 8912/2025,154148,308299,321698,Indicação,GAB DEP MAX MACIEL,2025-09-04T07:41:59,"Sugere ao Poder Executivo, por meio da Secretaria de Transporte e Mobilidade - SEMOB/DF e do Departamento de Trânsito - DETRAN/DF, a realização de campanha institucional voltada à educação dos usuários de transporte individual privado de passageiros em grandes eventos, com foco na sinalização dos po","o, por meio da Secretaria de Transporte e Mobilidade - SEMOB/DF e do Departamento de Trânsito - DETRAN/DF, a realização de campanha institucional voltada à educação dos usuários de transporte individual privado de passageiros em grandes eventos, como na Arena BRB, Na Praia Festival e outros, com foco na sinalização dos pontos oficiais e seguros de embarque e no combate à utilização de transporte irregular. JUSTIFICAÇÃO A realização de grandes eventos no Distrito Federal, como jogos, shows e espetáculos culturais, m",https://ple.cl.df.gov.br/pleservico/api/public/proposicao/154148/documento/ativas,data/raw/documento-ativas/806add29f24da14b.json
BRB,BRB,BRB-OUTRO,documento,documento,texto,PDL 357/2025,154159,308381,322191,Projeto de Decreto Legislativo,GAB DEP PR DANIEL DE CASTRO,2025-09-04T13:28:45,Concede o Título de Cidadão Honorário de Brasília ao Senhor Paulo Sérgio Gehm Hoff.,"Fica concedido o Título de Cidadão Honorário de Brasília ao Senhor Paulo Sérgio Gehm Hoff. Art. 2º Este Decreto Legislativo entra em vigor na data da sua publicação. JUSTIFICAÇÃO Paulo Sérgio Gehm Hoff, nascido no Estado do Paraná, é conselheiro da Financeira BRB e da BRBCARD, instituições integrantes do conglomerado do Banco de Brasília – BRB, além de atuar como diretor de Relações Institucionais da Arena BSB/Arena BRB Mané Garrincha, colaborando para o desenvolvimento e fortalecimento do maior complexo esportivo ",https://ple.cl.df.gov.br/pleservico/api/public/proposicao/154159/documento/ativas,data/raw/documento-ativas/47c6d84f6935eaac.json
BRB,BRB,BRB-OUTRO,documento,documento,texto,PL 1833/2025,153419,309414,323491,Redação Final,CCJ,2025-09-10T10:51:32,Institui o Programa Cartão Uniforme Escolar e dá outras providências.,"a o custeio integral do uniforme escolar. Art. 3º O auxílio de que trata esta Lei é disponibilizado por meio de cartão magnético ou outro meio eletrônico de pagamento com função de débito, de uso pessoal e intransferível, emitido pelo Banco de Brasília S.A. – BRB, inscrito no CNPJ sob o nº 00.000.208/0001-00. § 1º O cartão é emitido em nome de um dos responsáveis legais pelo estudante beneficiário, conforme cadastro mantido pela SEEDF. § 2º O valor creditado no cartão destina-se exclusivamente à aquisição de unifor",https://ple.cl.df.gov.br/pleservico/api/public/proposicao/153419/documento/ativas,data/raw/documento-ativas/7794d2dd4b29aa8c.json
BRB,BRB,BRB-OUTRO,documento,documento,texto,IND 9060/2025,154446,311696,326874,Indicação,GAB DEP MAX MACIEL,2025-09-17T18:13:00,"Sugere ao Poder Executivo, por meio da Secretaria de Estado de Transporte e Mobilidade do Distrito Federal - SEMOB/DF e do BRB Mobilidade, a devida e imediata sinalização adequada do posto de atendimento localizado no Terminal Rodoviário de Brazlândia.  ","CÂMARA LEGISLATIVA DO DISTRITO FEDERAL Gabinete do Deputado Max Maciel - Gab 02 Indicação Nº, DE 2025 (Autoria: Deputado Max Maciel) Sugere ao Poder Executivo, por meio da Secretaria de Estado de Transporte e Mobilidade do Distrito Federal - SEMOB/DF e do BRB Mobilidade, a devida e imediata sinalização adequada do posto de atendimento localizado no Terminal Rodoviário de Brazlândia. A CÂMARA LEGISLATIVA DO DISTRITO FEDERAL, nos termos do art. 140 do Regimento Interno, sugere ao Poder Executivo, por meio da Secreta",https://ple.cl.df.gov.br/pleservico/api/public/proposicao/154446/documento/ativas,data/raw/documento-ativas/2385e29cc6070701.json
BRB,BRB,BRB-OUTRO,documento,documento,texto,PL 258/2023,11952,312073,327889,Parecer,GAB DEP JOÃO CARDOSO,2025-09-22T16:42:20,"Concede gratuidade no transporte público para participantes do Programa Mãe Nutriz, no âmbito da rede pública de saúde do Distrito Federal.","torista do ônibus ou agente de estação do Metrô. Art. 3º Para obtenção do cartão de identificação de acesso gratuito, a participante do Programa Mãe Nutriz, ou terceiro munido de autorização assinada em formulário próprio, deverá dirigir-se a um dos postos do BRB Mobilidade e apresentar: I – documento de identificação oficial, com foto e número de CPF; II – certidão emitida pelo hospital no qual esteja internado o recém-nascido, atestando essa condição para fins de obtenção do benefício; III – endereço de correspon",https://ple.cl.df.gov.br/pleservico/api/public/proposicao/11952/documento/ativas,data/raw/documento-ativas/8ebc3fa99b09ad39.json
BRB,BRB,BRB-OUTRO,documento,documento,texto,PL 1078/2024,19338,312203,328223,Parecer,GAB DEP JOÃO CARDOSO,2025-09-23T18:57:08,"Institui o Programa ""Minha Casa Linda""","as responsabilidades pela execução do programa, atribuindo à Companhia de Habitação do Distrito Federal (CODHAB) a seleção dos beneficiários e o acompanhamento das obras, à Secretaria de Estado de Economia a gestão do crédito de ICMS, e ao Banco de Brasília (BRB) o papel de agente financeiro. O art. 4º estabelece os critérios de elegibilidade para os beneficiários, incluindo renda familiar de até três salários mínimos, posse de um único imóvel utilizado como residência, entre outros. O art. 5º define os critérios d",https://ple.cl.df.gov.br/pleservico/api/public/proposicao/19338/documento/ativas,data/raw/documento-ativas/87ffd057f26e32cd.json
BRB,BRB,BRB-OUTRO,documento,documento,texto,IND 9349/2025,154904,314269,333586,Indicação,GAB DEP MAX MACIEL,2025-10-17T06:52:12,"Sugere ao Poder Executivo que, por meio da Secretaria de Estado de Transporte e Mobilidade do Distrito Federal – SEMOB/DF, a apresentação de proposta normativa que formalize novas atribuições para os cobradores do Sistema de Transporte Público Coletivo do Distrito Federal – STPC/DF, a fim de evitar ","ência e mobilidade reduzida, bem como na comercialização e distribuição de cartões e bilhetes de passagem (promessa ainda não concretizada pela SEMOB, que, junto à digitalização do pagamento de tarifa, havia anunciado a criação de 500 postos de atendimento do BRB Mobilidade). Outras capitais brasileiras, como Goiânia, optaram pela eliminação completa da função de cobrador, com severas consequências sociais e sem ganhos comprovados de eficiência. O Distrito Federal, entretanto, tem a oportunidade de seguir caminho d",https://ple.cl.df.gov.br/pleservico/api/public/proposicao/154904/documento/ativas,data/raw/documento-ativas/c78c5ccb06c365ba.json
BRB,BRB,BRB-OUTRO,documento,documento,texto,REQ 2435/2025,155211,316116,337795,Requerimento,GAB DEP FÁBIO FÉLIX,2025-10-30T18:14:57,Requer informações a respeito do andamento das obras públicas contratadas pelo órgão especificado,"ral: Requeiro, nos termos do art. 60, XIV, da Lei Orgânica do Distrito Federal e do art. 42 do Regimento Interno da Câmara Legislativa do Distrito Federal, as seguintes informações relativas às obras públicas sob responsabilidade do(a) Banco de Brasília S/A – BRB. Relação de todas as obras públicas atualmente em andamento, com os seguintes dados: Nome da obra Localização Objeto da obra Íntegra do contrato, com aditivos Órgão executor Empresa contratada Valor contratado Cronograma previsto no contrato inicial, com d",https://ple.cl.df.gov.br/pleservico/api/public/proposicao/155211/documento/ativas,data/raw/documento-ativas/7094d42a728e890e.json
BRB,BRB,BRB-OUTRO,documento,documento,texto,REQ 2390/2025,155223,316217,339987,Requerimento,GAB DEP FÁBIO FÉLIX,2025-10-31T15:42:49,Requer informações a respeito da atuação do BRB como agente financeiro oficial de fomento do Governo do Distrito Federal,"CÂMARA LEGISLATIVA DO DISTRITO FEDERAL Gabinete do Deputado Fábio Félix - Gab 24 Requerimento Nº, DE 2025 (Autoria: Deputado Fábio Felix) Requer ao BRB informações a respeito da atuação da instituição como agente financeiro oficial de fomento do Governo do Distrito Federal. Excelentíssimo Senhor Presidente da Câmara Legislativa do Distrito Federal: Requeiro, nos termos, nos termos regimentais, sejam solicita",https://ple.cl.df.gov.br/pleservico/api/public/proposicao/155223/documento/ativas,data/raw/documento-ativas/9baaf7fd0481905c.json
BRB,BRB,BRB-OUTRO,documento,documento,texto,IND 9388/2025,155232,316243,338104,Indicação,GAB DEP MAX MACIEL,2025-11-03T11:06:35,"Sugere ao Poder Executivo que promova, por meio da Secretaria de Estado de Transporte e Mobilidade do Distrito Federal - SEMOB/DF, da Secretaria de Estado da Educação - SEE e do BRB Mobilidade, a ampliação da quantidade de acessos diários e mensais concedidos aos beneficiários do Passe Livre Estudan","Deputado Max Maciel - Gab 02 Indicação Nº, DE 2025 (Autoria: Deputado Max Maciel) Sugere ao Poder Executivo que promova, por meio da Secretaria de Estado de Transporte e Mobilidade do Distrito Federal - SEMOB/DF, da Secretaria de Estado da Educação - SEE e do BRB Mobilidade, a ampliação da quantidade de acessos diários e mensais concedidos aos beneficiários do Passe Livre Estudantil, para adequar o benefício à realidade das atividades de formação e permanência estudantil. A CÂMARA LEGISLATIVA DO DISTRITO FEDERAL, n",https://ple.cl.df.gov.br/pleservico/api/public/proposicao/155232/documento/ativas,data/raw/documento-ativas/50ca830e54fcfcb1.json
BRB,BRB,BRB-OUTRO,documento,documento,texto,PL 1966/2025,154731,316825,339025,Redação Final,CCJ,2025-11-05T14:11:41,"Institui o Programa de Apoio à Proteção dos Animais, no âmbito do Distrito Federal, e dá outras providências.","ção entre Estado, sociedade civil e iniciativa privada. Art. 5º A execução do programa deve ser regulamentada pelo órgão do Poder Executivo do Distrito Federal responsável pela política de bem-estar animal. Art. 6º Fica estabelecido o Banco de Brasília S.A. – BRB como o agente financeiro do programa de que trata esta Lei. Parágrafo único. A concessão do auxílio financeiro previsto nesta Lei deve ser efetivada por meio de cartão magnético ou outra tecnologia, que funcione como cartão de débito, operacionalizado pelo",https://ple.cl.df.gov.br/pleservico/api/public/proposicao/154731/documento/ativas,data/raw/documento-ativas/20e896e97497761c.json
BRB,BRB,BRB-OUTRO,documento,documento,texto,PL 1937/2025,154385,319056,342319,Parecer,GAB DEP JORGE VIANNA,2025-11-18T09:30:22,Estima a receita e fixa a despesa do Distrito Federal para o exercício financeiro de 2026.,"ição de analisar as unidades orçamentárias abaixo: QUADRO 1. UNIDADES ORÇAMENTÁRIAS OBJETO DESTE PARECER PARCIAL UO UNIDADE ORÇAMENTÁRIA 10101 GABINETE DO VICE-GOVERNADOR 19101 SECRETARIA DE ESTADO DE ECONOMIA DO DISTRITO FEDERAL 19202 BANCO DE BRASILIA S/A – BRB 23202 FUNDAÇÃO HEMOCENTRO DE BRASÍLIA 23203 FUNDAÇÃO DE ENSINO E PESQUISA EM CIÊNCIAS DA SAÚDE 23901 FUNDO DE SAÚDE DO DISTRITO FEDERAL 25101 SECRETARIA DE ESTADO DE DESENVOLVIMENTO ECONÔMICO, TRABALHO E RENDA DO DISTRITO FEDERAL 25902 FUNDO PARA GERAÇÃO D",https://ple.cl.df.gov.br/pleservico/api/public/proposicao/154385/documento/ativas,data/raw/documento-ativas/58dd66792fb0904b.json
BRB,BRB,BRB-OUTRO,documento,documento,texto,REQ 2512/2025,155534,319441,342963,Requerimento,GAB DEP MAX MACIEL,2025-11-20T22:07:55,"Requer o encaminhamento de pedido de informações à Secretária de Estado de Desenvolvimento Econômico, Trabalho e Renda do Distrito Federal, relativas à execução e à gestão dos programas sociais sob sua responsabilidade, à operacionalização dos pagamentos realizados por meio do Banco de Brasília – BR","nformações à Secretária de Estado de Desenvolvimento Econômico, Trabalho e Renda do Distrito Federal, relativas à execução e à gestão dos programas sociais sob sua responsabilidade, à operacionalização dos pagamentos realizados por meio do Banco de Brasília – BRB, à transparência das transferências de renda e à consolidação dos dados financeiros e administrativos referentes aos atendimentos a famílias vulneráveis no Distrito Federal. Excelentíssimo Senhor Presidente da Câmara Legislativa do Distrito Federal: Com fu",https://ple.cl.df.gov.br/pleservico/api/public/proposicao/155534/documento/ativas,data/raw/documento-ativas/6f47aa2b0b429c2b.json
BRB,BRB,BRB-OUTRO,documento,documento,clausula,PROC 44/2025,155520,319467,343635,Parecer,CEOF,2025-11-24T11:04:13,"Indicação do Senhor Nelson Antônio de Souza para ocupar o cargo de Diretor-Presidente do Banco de Brasília - BRB, nos termos do art. 100, XV, c/c o art. 60, XXXV, da Lei Orgânica do Distrito Federal.","III - CONCLUSÃO Pelo exposto, vota-se, no âmbito da CEOF, pela admissibilidade e aprovação da indicação do Senhor Nelson Antônio de Souza para o cargo de Diretor-Presidente do Banco de Brasília – BRB, nos termos do art. 65, III, “i”, do RICLDF.",https://ple.cl.df.gov.br/pleservico/api/public/proposicao/155520/documento/ativas,data/raw/documento-ativas/982021dabdf0dea1.json
BRB,BRB,BRB-OUTRO,documento,documento,texto,PROC 44/2025,155520,319467,343635,Parecer,CEOF,2025-11-24T11:04:13,"Indicação do Senhor Nelson Antônio de Souza para ocupar o cargo de Diretor-Presidente do Banco de Brasília - BRB, nos termos do art. 100, XV, c/c o art. 60, XXXV, da Lei Orgânica do Distrito Federal.","ERAL Comissão de Economia Orçamento e Finanças PARECER Nº , DE 2025 - CEOF Da Comissão de Economia, Orçamento e Finanças sobre o Proc Nº 44/2025, que “Indicação do Senhor Nelson Antônio de Souza para ocupar o cargo de Diretor-Presidente do Banco de Brasília - BRB, nos termos do art. 100, XV, c/c o art. 60, XXXV, da Lei Orgânica do Distrito Federal.” AUTOR(A): Poder Executivo RELATOR(A): Deputado Eduardo Pedrosa I - RELATÓRIO Submete-se à apreciação da Comissão de Economia, Orçamento e Finanças, através da Mensagem ",https://ple.cl.df.gov.br/pleservico/api/public/proposicao/155520/documento/ativas,data/raw/documento-ativas/982021dabdf0dea1.json
BRB,BRB,BRB-OUTRO,documento,documento,texto,PL 2065/2025,155580,320000,344234,Projeto de Lei,GAB DEP PR DANIEL DE CASTRO,2025-11-25T16:37:25,"Dispõe sobre a obrigatoriedade de prestação de contas periódica, financeira e de atividades, pelos órgãos e entidades da Administração Pública do Distrito Federal cujos dirigentes possuam nomeação sujeita à aprovação da Câmara Legislativa do Distrito Federal – CLDF.","icas específicas para análise dos relatórios; II – propor recomendações, encaminhamentos e diligências; III – solicitar informações complementares sempre que necessário. Art. 6º A obrigação estabelecida nesta Lei alcança, entre outros: I – Banco de Brasília – BRB; II – Agência Reguladora de Águas, Energia e Saneamento – ADASA; III – Companhia Imobiliária de Brasília – Terracap; IV – Procuradoria-Geral do Distrito Federal – PGDF; V – demais órgãos ou entidades cujos dirigentes dependam de aprovação prévia da CLDF, c",https://ple.cl.df.gov.br/pleservico/api/public/proposicao/155580/documento/ativas,data/raw/documento-ativas/af375106a02330b2.json
BRB,BRB,BRB-OUTRO,documento,documento,texto,PDL 393/2025,155583,320011,344280,Projeto de Decreto Legislativo,CEOF,2025-11-25T17:29:57,Aprova a Indicação do Diretor-Presidente do Banco de Brasília S/A - BRB. ,"CÂMARA LEGISLATIVA DO DISTRITO FEDERAL Comissão de Economia Orçamento e Finanças Projeto de Decreto Legislativo Nº, DE 2025 (Autoria: Comissão de Economia, Orçamento e Finanças - CEOF) Aprova a Indicação do Diretor-Presidente do Banco de Brasília S/A - BRB. . A CÂMARA LEGISLATIVA DO DISTRITO FEDERAL decreta: Art. 1º Fica aprovada, na forma do inciso XXXV do art. 60 da Lei Orgânica do Distrito Federal; e alínea i do inciso II do art. 65, c/c o art. 138, ambos do Regimento Interno da Câmara Legislativa do Distrit",https://ple.cl.df.gov.br/pleservico/api/public/proposicao/155583/documento/ativas,data/raw/documento-ativas/3d84abfd9e5ba113.json
BRB,BRB,BRB-OUTRO,documento,documento,texto,PDL 393/2025,155583,320169,344478,Redação Final,CCJ,2025-11-26T09:08:05,Aprova a Indicação do Diretor-Presidente do Banco de Brasília S/A - BRB. ,"CÂMARA LEGISLATIVA DO DISTRITO FEDERAL Comissão de Constituição e Justiça PROJETO DE DECRETO LEGISLATIVO Nº 393 DE 2025 REDAÇÃO FINAL Aprova a Indicação do Diretor-Presidente do Banco de Brasília S.A. – BRB. A CÂMARA LEGISLATIVA DO DISTRITO FEDERAL decreta: Art. 1º Fica aprovada, na forma do art. 60, XXXV, da Lei Orgânica do Distrito Federal, e do art. 65, III, i, c/c o art. 139, ambos do Regimento Interno da Câmara Legislativa do Distrito Federal, a indicação c",https://ple.cl.df.gov.br/pleservico/api/public/proposicao/155583/documento/ativas,data/raw/documento-ativas/3d84abfd9e5ba113.json
BRB,BRB,BRB-OUTRO,documento,documento,texto,PL 2076/2025,155669,320816,345834,Projeto de Lei,GAB DEP JOAQUIM RORIZ NETO,2025-12-01T17:06:10,"Institui a obrigatoriedade de arguição pública e aprovação, pela Câmara Legislativa do Distrito Federal, da indicação de presidente de empresas estatais do Distrito Federal.","ndentes: NOVACAP, METRÔ-DF, EMATER, CODEPLAN, TCB e CODHAB.] Além das empresas públicas, há também no Distrito Federal as empresas estatais da modalidade sociedade de economia mista. São 5 sociedades de economia mista do Distrito Federal, todas independentes: BRB, CEB, CAESB, CEASA-DF e DF Gestão de Ativos S/A. A Lei Orgânica do Distrito Federal, em seu art. 60, inciso XXXV, dispõe que compete, privativamente, à Câmara Legislativa do Distrito Federal, aprovar previamente a indicação de presidente de instituições fi",https://ple.cl.df.gov.br/pleservico/api/public/proposicao/155669/documento/ativas,data/raw/documento-ativas/178b10efa8bc00e1.json
BRB,BRB,BRB-OUTRO,documento,documento,texto,PROC 44/2025,155520,321256,346452,Folha de Votação,CEOF,2025-12-04T11:21:36,"Indicação do Senhor Nelson Antônio de Souza para ocupar o cargo de Diretor-Presidente do Banco de Brasília - BRB, nos termos do art. 100, XV, c/c o art. 60, XXXV, da Lei Orgânica do Distrito Federal.","CÂMARA LEGISLATIVA DO DISTRITO FEDERAL Comissão de Economia Orçamento e Finanças Folha de votação ProC nº 44/2025 Indicação do Senhor Nelson Antônio de Souza para ocupar o cargo de Diretor-Presidente do Banco de Brasília - BRB, nos termos do art. 100, XV, c/c o art. 60, XXXV, da Lei Orgânica do Distrito Federal. Autoria: Poder Executivo Relatoria: Deputado Eduardo Pedrosa Parecer: Pela aprovação, com o acatamento das emendas e subemendas conforme consta dos subitens II.3; II.4; e I",https://ple.cl.df.gov.br/pleservico/api/public/proposicao/155520/documento/ativas,data/raw/documento-ativas/982021dabdf0dea1.json
BRB,BRB,BRB-OUTRO,documento,documento,texto,REQ 2533/2025,155738,321822,347345,Requerimento,GAB DEP GABRIEL MAGNO,2025-12-06T06:16:26,Requer ao Banco de Brasília (BRB) o encaminhamento de informações sobre o evento BRB Stock Car 2025 em Brasília.,"CÂMARA LEGISLATIVA DO DISTRITO FEDERAL Gabinete do Deputado Gabriel Magno - Gab 16 Requerimento Nº, DE 2025 (Autoria: Deputado Gabriel Magno) Requer ao Banco de Brasília (BRB) o encaminhamento de informações sobre o evento BRB Stock Car 2025 em Brasília.. Excelentíssimo Senhor Presidente da Câmara Legislativa do Distrito Federal, Com fulcro no art. 60, XVI, XXXII e XXXIII, da Lei Orgânica do Distrito Federal, e nos termos do art.",https://ple.cl.df.gov.br/pleservico/api/public/proposicao/155738/documento/ativas,data/raw/documento-ativas/7ff65d37fcbb40cb.json
BRB,BRB,BRB-OUTRO,documento,documento,texto,PL 2041/2025,155451,322797,348460,Emenda,BPPSOL-PSB,2025-12-10T10:00:19,"Altera a Lei nº 7.735, de 22 de julho de 2025, que ""dispõe sobre as diretrizes orçamentárias para o exercício financeiro de 2026 e dá outras providências"".","que Altera a Lei nº 7.735, de 22 de julho de 2025, que ""dispõe sobre as diretrizes orçamentárias para o exercício financeiro de 2026 e dá outras providências"". Acrescente-se ao projeto o art. 70-A, com a seguinte redação: “Art. 70-A. O Banco de Brasília S.A – BRB, em sua função de agente financeiro oficial de fomento, deve apresentar as seguintes informações complementares: I - convênios e instrumentos contratuais e de relacionamento com o Governo do Distrito Federal, destacando os encargos ao erário e a remuneraçã",https://ple.cl.df.gov.br/pleservico/api/public/proposicao/155451/documento/ativas,data/raw/documento-ativas/1771fdca1f9894e9.json
BRB,BRB,BRB-OUTRO,documento,documento,texto,PL 2041/2025,155451,323093,349028,Redação Final,CEOF,2025-12-11T10:14:04,"Altera a Lei nº 7.735, de 22 de julho de 2025, que ""dispõe sobre as diretrizes orçamentárias para o exercício financeiro de 2026 e dá outras providências"".","valores que sustentam a variação da receita realizada em relação à receita prevista, bem como da metodologia empregada para a sua atualização. Art. 3º Acrescente-se o seguinte artigo à Lei nº 7.735, de 22 de julho de 2025: Art. 70-A. O Banco de Brasília S.A – BRB, em sua função de agente financeiro oficial de fomento, deve apresentar as seguintes informações complementares: I - convênios e instrumentos contratuais e de relacionamento com o Governo do Distrito Federal, destacando os encargos ao erário e a remuneraçã",https://ple.cl.df.gov.br/pleservico/api/public/proposicao/155451/documento/ativas,data/raw/documento-ativas/1771fdca1f9894e9.json
BRB,BRB,BRB-OUTRO,documento,documento,texto,PL 2113/2026,155983,323934,350982,Projeto de Lei,GAB DEP PEPA,2026-01-21T14:16:43,"Institui e incluí no Calendário Oficial de Eventos do Distrito Federal o ""Mega Drift"" a ser realizado anualmente em etapas distintas. ","tornou referência nacional em Drift. Em parceria com a CBA e a FADF, o campeonato ganhou prestígio ao longo dos anos, organizando eventos bem sucedidos em locais icônicos como o Autódromo de Brasília e cartões postais da cidade como o Parque da Cidade, Arena BRB e a Torre Digital. Histórico de eventos nos últimos anos: Temporada 2022 - Campeonato Brasiliense de Drift 1ª etapa, Kartódromo Ferrari Kart/Autódromo de Brasília, maio de 2022; 2ª e 3ª Etapa do Campeonato Brasiliense de Drift - Taguaparque, Taguatinga-DF, ",https://ple.cl.df.gov.br/pleservico/api/public/proposicao/155983/documento/ativas,data/raw/documento-ativas/0a6e838b73ff4b83.json
BRB,BRB,BRB-OUTRO,documento,documento,texto,REQ 2566/2026,156077,324077,351300,Requerimento,GAB DEP PAULA BELMONTE,2026-01-27T14:28:48,"Requer a criação de Comissão Especial para Acompanhamento dos Desdobramentos Financeiros do Banco de Brasília – BRB, com foco na Recuperação de Recursos Investidos em Ativos de Alto Risco e na Análise do Plano de Reestruturação Financeira da Instituição.","LEGISLATIVA DO DISTRITO FEDERAL Gabinete da Deputada Paula Belmonte - Gab 22 Requerimento Nº, DE 2026 (Da Senhora Deputada PAULA BELMONTE e OUTROS) Requer a criação de Comissão Especial para Acompanhamento dos Desdobramentos Financeiros do Banco de Brasília – BRB, com foco na Recuperação de Recursos Investidos em Ativos de Alto Risco e na Análise do Plano de Reestruturação Financeira da Instituição. Excelentíssimo Senhor Presidente da Câmara Legislativa do Distrito Federal: Requeiro, nos termos do art. 79 do Regime",https://ple.cl.df.gov.br/pleservico/api/public/proposicao/156077/documento/ativas,data/raw/documento-ativas/0aaafd31a8cf7bf5.json
BRB,BRB,BRB-OUTRO,documento,documento,texto,REQ 2571/2026,156146,324277,352007,Requerimento,GAB DEP CHICO VIGILANTE,2026-02-03T14:49:35,"Requer ao Presidente do Banco de Brasília - BRB, cópia integral do relatório preliminar entregue pela auditoria forense contratada pelo banco junto à Machado & Meyer com suporte técnico da Kroll, contendo ""achados relevantes"" sobre eventuais atos ilícitos, praticados na gestão anterior do BRB, entre","CÂMARA LEGISLATIVA DO DISTRITO FEDERAL Gabinete do Deputado Chico Vigilante - Gab 09 Requerimento Nº, DE 2026 (Autoria: Deputado Chico Vigilante) Requer ao Presidente do Banco de Brasília - BRB, cópia integral do relatório preliminar entregue pela auditoria forense contratada pelo banco junto à Machado & Meyer com suporte técnico da Kroll, contendo ""achados relevantes"" sobre eventuais atos ilícitos, praticados na gestão anterior do BRB, entregue à P",https://ple.cl.df.gov.br/pleservico/api/public/proposicao/156146/documento/ativas,data/raw/documento-ativas/b2e177db3b8bb543.json
BRB,BRB,BRB-OUTRO,documento,documento,texto,REQ 2683/2026,156408,325504,358521,Requerimento,GAB DEP FÁBIO FÉLIX,2026-02-24T14:29:10,"Requer informações junto ao Instituto de Previdência dos Servidores do Distrito Federal (Iprev-DF) a respeito da extinção e da utilização do Fundo Solidário Garantidor para constituição de Fundo de Investimento Imobiliário (FII), administrado pelo Banco de Brasília (BRB).","Requer informações junto ao Instituto de Previdência dos Servidores do Distrito Federal (Iprev-DF) sobre os impactos das eventuais retirada de imóveis do Fundo Solidário Garantidor (FSG) e diluição da participação acionária do IPREV no Banco de Brasília S.A. (BRB) Excelentíssimo Senhor Presidente da Câmara Legislativa do Distrito Federal, Nos termos dos arts. 16, VIII, e 42 do Regimento Interno da Câmara Legislativa do Distrito Federal, requeiro a solicitação das seguintes informações junto ao Instituto de Previdên",https://ple.cl.df.gov.br/pleservico/api/public/proposicao/156408/documento/ativas,data/raw/documento-ativas/9cb8c53c8e2d046b.json
BRB,BRB,BRB-OUTRO,documento,documento,texto,REQ 2627/2026,156494,325924,355932,Requerimento,GAB DEP JOAQUIM RORIZ NETO,2026-03-02T16:00:24,Requer informações à Agência de Desenvolvimento do Distrito Federal - TERRACAP sobre a avaliação dos bens imóveis constantes do Projeto de Lei nº 2.175/2026.,"veis constantes do Projeto de Lei nº 2.175/2026, que dispõe sobre as medidas a serem adotadas pelo Distrito Federal, na condição de acionista controlador, para o restabelecimento e fortalecimento das condições econômico-financeiras do Banco de Brasília S.A. – BRB, e dá outras providências. Excelentíssimo Senhor Presidente da Câmara Legislativa do Distrito Federal: Requeiro, nos termos dos arts. 16, inciso VIII, alínea “a” e 40 do Regimento Interno da Câmara Legislativa do Distrito Federal, que sejam solicitadas inf",https://ple.cl.df.gov.br/pleservico/api/public/proposicao/156494/documento/ativas,data/raw/documento-ativas/57ab54e5b7e0c5e0.json
BRB,BRB,BRB-OUTRO,documento,documento,texto,PDL 418/2026,156561,326183,356650,Projeto de Decreto Legislativo,GAB DEP PAULA BELMONTE,2026-03-05T13:26:49,Concede o Título de Cidadão Benemérito de Brasília ao Senhor Carlos Diego Matheus Dias.,"stico, consolidou-se oficialmente, em 20 de junho de 2022, o grupo Benzadeus, que rapidamente passou a se destacar no cenário musical do Distrito Federal. Desde suas primeiras apresentações em bares e eventos locais até grandes palcos da capital, como a Arena BRB Nilson Nelson e casas de shows de grande porte, o grupo conquistou o público brasiliense com carisma, qualidade musical e forte conexão com suas raízes. O reconhecimento ultrapassou as fronteiras do Distrito Federal, culminando na assinatura com a gravador",https://ple.cl.df.gov.br/pleservico/api/public/proposicao/156561/documento/ativas,data/raw/documento-ativas/6e48029c9002f235.json
BRB,BRB,BRB-OUTRO,documento,documento,texto,PDL 419/2026,156562,326184,356654,Projeto de Decreto Legislativo,GAB DEP PAULA BELMONTE,2026-03-05T13:37:49,Concede o Título de Cidadão Benemérito de Brasília ao Senhor Edirley Martins Honório.,"stico, consolidou-se oficialmente, em 20 de junho de 2022, o grupo Benzadeus, que rapidamente passou a se destacar no cenário musical do Distrito Federal. Desde suas primeiras apresentações em bares e eventos locais até grandes palcos da capital, como a Arena BRB Nilson Nelson e casas de shows de grande porte, o grupo conquistou o público brasiliense com carisma, qualidade musical e forte conexão com suas raízes. O reconhecimento ultrapassou as fronteiras do Distrito Federal, culminando na assinatura com a gravador",https://ple.cl.df.gov.br/pleservico/api/public/proposicao/156562/documento/ativas,data/raw/documento-ativas/318baaca3d87bff2.json
BRB,BRB,BRB-OUTRO,documento,documento,texto,PDL 420/2026,156563,326185,356657,Projeto de Decreto Legislativo,GAB DEP PAULA BELMONTE,2026-03-05T13:42:48,Concede o Título de Cidadão Benemérito de Brasília ao Senhor Pedro Henrique Lessa Coutinho.,"stico, consolidou-se oficialmente, em 20 de junho de 2022, o grupo Benzadeus, que rapidamente passou a se destacar no cenário musical do Distrito Federal. Desde suas primeiras apresentações em bares e eventos locais até grandes palcos da capital, como a Arena BRB Nilson Nelson e casas de shows de grande porte, o grupo conquistou o público brasiliense com carisma, qualidade musical e forte conexão com suas raízes. O reconhecimento ultrapassou as fronteiras do Distrito Federal, culminando na assinatura com a gravador",https://ple.cl.df.gov.br/pleservico/api/public/proposicao/156563/documento/ativas,data/raw/documento-ativas/bc5274dd2ba3d49a.json
BRB,BRB,BRB-OUTRO,documento,documento,texto,PDL 421/2026,156564,326186,356660,Projeto de Decreto Legislativo,GAB DEP PAULA BELMONTE,2026-03-05T13:46:43,Concede o Título de Cidadão Benemérito de Brasília ao Senhor Vinicius Silva de Oliveira.,"stico, consolidou-se oficialmente, em 20 de junho de 2022, o grupo Benzadeus, que rapidamente passou a se destacar no cenário musical do Distrito Federal. Desde suas primeiras apresentações em bares e eventos locais até grandes palcos da capital, como a Arena BRB Nilson Nelson e casas de shows de grande porte, o grupo conquistou o público brasiliense com carisma, qualidade musical e forte conexão com suas raízes. O reconhecimento ultrapassou as fronteiras do Distrito Federal, culminando na assinatura com a gravador",https://ple.cl.df.gov.br/pleservico/api/public/proposicao/156564/documento/ativas,data/raw/documento-ativas/bd0d84cdd35fdb12.json
BRB,BRB,BRB-OUTRO,documento,documento,texto,PDL 422/2026,156565,326187,356664,Projeto de Decreto Legislativo,GAB DEP PAULA BELMONTE,2026-03-05T13:50:00,Concede o Título de Cidadão Honorário de Brasília ao Senhor Ítalo Pereira da Silva.,"stico, consolidou-se oficialmente, em 20 de junho de 2022, o grupo Benzadeus, que rapidamente passou a se destacar no cenário musical do Distrito Federal. Desde suas primeiras apresentações em bares e eventos locais até grandes palcos da capital, como a Arena BRB Nilson Nelson e casas de shows de grande porte, o grupo conquistou o público brasiliense com carisma, qualidade musical e forte conexão com suas raízes. O reconhecimento ultrapassou as fronteiras do Distrito Federal, culminando na assinatura com a gravador",https://ple.cl.df.gov.br/pleservico/api/public/proposicao/156565/documento/ativas,data/raw/documento-ativas/91e1ef81f8924519.json
BRB,BRB,BRB-OUTRO,documento,documento,texto,MO 1840/2026,156634,326486,357356,Moção,GAB DEP HERMETO,2026-03-10T11:31:14,"Manifesta em razão do Aniversário da Cidade,  Votos de Louvor e Aplausos a todos os indicados por serviços prestados à comunidade do Riacho Fundo","UTELAR DENISE LOPES DA SILVA - CONSELHEIRA TUTELAR FABIANO LAGO, CONSELHEIRO TUTELAR- CONSELHEIRO TUTELAR HELDER JUNIO FRANCISCO FERREIRA - CONSELHEIRO TUTELAR COMPLEMENTO DOS HOMENAGEADOS NA SESSÃO SOLENE AMÁBILE MARIA TEIXEIRA DE CARVALHO – SERVIDORES BANCO BRB BRUNO WESLEY BORGES DE SOUSA – SERVIDORES BANCO BRB DIEDO FRANSAVALE – GERENTE BANCO BRB DIEGO BRUNO MELO SOARES - MÉDICO DE FAMILIA UBS01 JANUÁRIO NETO FILHO - ADESTRADOR VITAMED JOÃO PAULO FONSECA E SOUZA - MEMBRO DO CONSEG JOSÉ NERIS DA SILVA, PIONEIRO ",https://ple.cl.df.gov.br/pleservico/api/public/proposicao/156634/documento/ativas,data/raw/documento-ativas/f4f7074869492d76.json
BRB,BRB,BRB-OUTRO,documento,documento,texto,REQ 2676/2026,156705,326756,358176,Requerimento,GAB DEP PAULA BELMONTE,2026-03-12T15:48:24,"Requer informações à Secretaria de Desenvolvimento Urbano e Habitação do Distrito Federal – Seduh sobre o projeto urbanístico da Gleba “A” e sua conexão com a futura ponte do Lago Norte (Nova Saída Norte), ambos localizados no Lago Norte – RA XVIII.","lvendo a sua incorporação e utilização como ativo patrimonial vinculado ao Banco de Brasília, a referida área ganhou centralidade no debate público após ser incluída entre os imóveis que serão ofertados como garantia em operações destinadas à capitalização do BRB, medida que suscitou questionamentos de especialistas, entidades da sociedade civil e parlamentares acerca das implicações urbanísticas, ambientais e patrimoniais dessa decisão. Outro elemento relevante refere-se à possível integração da Gleba “A” com proj",https://ple.cl.df.gov.br/pleservico/api/public/proposicao/156705/documento/ativas,data/raw/documento-ativas/0718a7f70cdecc54.json
BRB,BRB,BRB-OUTRO,documento,documento,texto,REQ 2677/2026,156706,326757,358179,Requerimento,GAB DEP PAULA BELMONTE,2026-03-12T15:57:05,"Requer informações à Agência de Desenvolvimento do Distrito Federal – Terracap sobre o projeto urbanístico da Gleba “A” e sua conexão com a futura ponte do Lago Norte (Nova Saída Norte), ambos localizados no Lago Norte – RA XVIII.","lvendo a sua incorporação e utilização como ativo patrimonial vinculado ao Banco de Brasília, a referida área ganhou centralidade no debate público após ser incluída entre os imóveis que serão ofertados como garantia em operações destinadas à capitalização do BRB, medida que suscitou questionamentos de especialistas, entidades da sociedade civil e parlamentares acerca das implicações urbanísticas, ambientais e patrimoniais dessa decisão. Outro elemento relevante refere-se à possível integração da Gleba “A” com proj",https://ple.cl.df.gov.br/pleservico/api/public/proposicao/156706/documento/ativas,data/raw/documento-ativas/140c3b33735028b1.json
BRB,BRB,BRB-OUTRO,documento,documento,texto,PL 2065/2025,155580,327161,359195,Parecer,GAB DEP IOLANDO,2026-03-18T17:09:31,"Dispõe sobre a obrigatoriedade de prestação de contas periódica, financeira e de atividades, pelos órgãos e entidades da Administração Pública do Distrito Federal cujos dirigentes possuam nomeação sujeita à aprovação da Câmara Legislativa do Distrito Federal – CLDF.","lementares sempre que necessário, ampliando a capacidade fiscalizatória do Poder Legislativo. O art. 6º estabelece que a obrigação prevista na Lei alcança diversos órgãos e entidades da Administração Pública do Distrito Federal, incluindo o Banco de Brasília (BRB), a Agência Reguladora de Águas, Energia e Saneamento (ADASA), a Companhia Imobiliária de Brasília (Terracap) e a Procuradoria-Geral do Distrito Federal (PGDF), bem como quaisquer outros cujos dirigentes dependam de aprovação prévia da Câmara Legislativa, ",https://ple.cl.df.gov.br/pleservico/api/public/proposicao/155580/documento/ativas,data/raw/documento-ativas/af375106a02330b2.json
BRB,BRB,BRB-OUTRO,documento,documento,texto,REQ 2727/2026,156859,327607,361853,Requerimento,GAB DEP FÁBIO FÉLIX,2026-03-23T18:42:22,Requer informações a respeito da operação de consignação em contracheques de servidores ativos e inativos e de pensionistas,"or Presidente da Câmara Legislativa do Distrito Federal: Requeiro, nos termos regimentais, as seguintes informações, documentos administrativos e esclarecimentos técnicos à Secretaria de Estado de Economia do Distrito Federal (SEEC/DF) e ao Banco de Brasília (BRB), referentes à gestão das consignações em folha de pagamento dos servidores públicos civis, ativos, inativos e pensionistas do Governo do Distrito Federal (GDF). 1. RELAÇÃO COMPLETA DE CONSIGNATÁRIAS 1. Lista completa e atualizada de TODAS as entidades con",https://ple.cl.df.gov.br/pleservico/api/public/proposicao/156859/documento/ativas,data/raw/documento-ativas/ffe6dac478383378.json
BRB,BRB,BRB-OUTRO,documento,documento,texto,REQ 2730/2026,156881,327754,362948,Requerimento,GAB DEP FÁBIO FÉLIX,2026-03-24T15:37:55,"Requer informações junto à Companhia Imobiliária de Brasília (Terracap), a respeito da situação jurídica-fundiária, das avaliações e das estimativas de valor dos imóveis contidos no Anexo da Lei nº 7.854/2026","lizadas e estimou um valor menor para a área no Projeto de Lei nº 2.175/2026, aprovado pela maioria desta Casa, que autorizou o DF a utilizar e até a alienar imóveis, entre eles, o referido bem, para fins de aporte e reforço patrimonial ao Banco de Brasília - BRB. Na Mensagem nº 16/2026, acostada aos autos do PL, o Executivo indicou uma área ainda maior como integrante da Gleba A. Reconheceu que havia sido elaborado outro laudo de avaliação do imóvel em 2020, mas, ainda assim, adotou uma mera estimativa de R$ 2.300",https://ple.cl.df.gov.br/pleservico/api/public/proposicao/156881/documento/ativas,data/raw/documento-ativas/8dbb471e6c1035e7.json
BRB,BRB,BRB-OUTRO,documento,documento,texto,REQ 2709/2026,156917,328043,360780,Requerimento,GPVP,2026-03-26T08:48:21,Requer o encaminhamento de pedido de informações ao Presidente do Banco de Brasília S.A (BRB).,"CÂMARA LEGISLATIVA DO DISTRITO FEDERAL Gabinete da Primeira Vice-Presidência Requerimento Nº, DE 2026 (Autoria: Deputado RICARDO VALE - PT) Requer o encaminhamento de pedido de informações ao Presidente do Banco de Brasília S.A (BRB). Excelentíssimo Senhor Presidente da Câmara Legislativa do Distrito Federal: Com base no art. 60, XXXIII, da Lei Orgânica do Distrito Federal e nos arts. 16, VIII, a, e 42 do Regimento Interno da Câmara Legislativa, requeiro seja encaminhado ao Presidente do",https://ple.cl.df.gov.br/pleservico/api/public/proposicao/156917/documento/ativas,data/raw/documento-ativas/1f9c190c723b8f33.json
BRB,BRB,BRB-OUTRO,documento,documento,texto,IND 10098/2026,156929,328398,361247,Indicação,GAB DEP PAULA BELMONTE,2026-03-26T15:56:36,"Sugere ao Poder Executivo do Distrito Federal a alteração da legislação que disciplina o Passe Estudantil no âmbito do Distrito Federal, visando à ampliação do acesso, flexibilização de uso e melhoria na operacionalização do benefício.","aos estudantes, regularmente matriculados em instituições de ensino, o direito ao transporte público gratuito ou com tarifa reduzida. Atualmente, no âmbito do Distrito Federal, a obtenção do benefício ocorre por meio de cadastro eletrônico junto ao sistema do BRB Mobilidade, com posterior validação de dados e retirada do cartão em posto de atendimento designado. Entretanto, verifica-se a existência de entraves operacionais relevantes, especialmente no início do ano letivo, período em que há recorrentes atrasos na r",https://ple.cl.df.gov.br/pleservico/api/public/proposicao/156929/documento/ativas,data/raw/documento-ativas/f32e0791411afaf4.json
BRB,BRB,BRB-OUTRO,documento,documento,texto,IND 10098/2026,156929,328402,361250,Indicação,GAB DEP PAULA BELMONTE,2026-03-26T16:16:40,"Sugere ao Poder Executivo do Distrito Federal a alteração da legislação que disciplina o Passe Estudantil no âmbito do Distrito Federal, visando à ampliação do acesso, flexibilização de uso e melhoria na operacionalização do benefício.","aos estudantes, regularmente matriculados em instituições de ensino, o direito ao transporte público gratuito ou com tarifa reduzida. Atualmente, no âmbito do Distrito Federal, a obtenção do benefício ocorre por meio de cadastro eletrônico junto ao sistema do BRB Mobilidade, com posterior validação de dados e retirada do cartão em posto de atendimento designado. Entretanto, verifica-se a existência de entraves operacionais relevantes, especialmente no início do ano letivo, período em que há recorrentes atrasos na r",https://ple.cl.df.gov.br/pleservico/api/public/proposicao/156929/documento/ativas,data/raw/documento-ativas/f32e0791411afaf4.json
BRB,BRB,BRB-OUTRO,documento,documento,texto,IND 10194/2026,157069,329399,362560,Indicação,GAB DEP MAX MACIEL,2026-04-06T09:48:30,"Sugere ao Poder Executivo que promova, por meio da Secretaria de Estado de Transporte e Mobilidade do Distrito Federal - SEMOB/DF, da Secretaria de Estado da Educação - SEE e do BRB Mobilidade, a adaptação dos meios de pagamento da taxa referente à segunda via do Passe Livre Estudantil, visando ampl","Deputado Max Maciel - Gab 02 Indicação Nº, DE 2026 (Autoria: Deputado Max Maciel) Sugere ao Poder Executivo que promova, por meio da Secretaria de Estado de Transporte e Mobilidade do Distrito Federal - SEMOB/DF, da Secretaria de Estado da Educação - SEE e do BRB Mobilidade, a adaptação dos meios de pagamento da taxa referente à segunda via do Passe Livre Estudantil, visando ampliar e facilitar o acesso ao benefício. A CÂMARA LEGISLATIVA DO DISTRITO FEDERAL, nos termos do art. 140 do Regimento Interno, Sugere ao Po",https://ple.cl.df.gov.br/pleservico/api/public/proposicao/157069/documento/ativas,data/raw/documento-ativas/b1ca48e8916a875d.json
BRB,BRB,BRB-OUTRO,documento,documento,texto,PL 2265/2026,157155,329685,363241,Projeto de Lei,GAB DEP CHICO VIGILANTE,2026-04-08T10:47:15,"Altera a Lei nº 7.845, de 10 de MARÇO de 2026, que ""dispõe sobre as medidas a serem adotadas pelo Distrito Federal, na condição de acionista controlador, para o restabelecimento e fortalecimento das condições econômico-financeiras do Banco de Brasília S.A. – BRB, e dá outras providências"", para reti","Altera a Lei nº 7.845, de 10 de março de 2026, que ""dispõe sobre as medidas a serem adotadas pelo Distrito Federal, na condição de acionista controlador, para o restabelecimento e fortalecimento das condições econômico-financeiras do Banco de Brasília S.A. – BRB, e dá outras providências"", para retirar a Gleba A, com 716 hectares, da lista dos imóveis de que trata a lei. A CÂMARA LEGISLATIVA DO DISTRITO FEDERAL decreta: Art. 1° O Anexo Único da Lei nº 7.845, de 10 de março de 2026, passa a vigorar com a seguinte re",https://ple.cl.df.gov.br/pleservico/api/public/proposicao/157155/documento/ativas,data/raw/documento-ativas/c09ac17bf1faf105.json
BRB,BRB,BRB-OUTRO,documento,documento,texto,PL 2070/2025,155628,330447,365120,Parecer,GAB DEP DANIEL DONIZET,2026-04-15T16:42:02,Dispõe sobre a obrigatoriedade de destinação de espaço específico para ponto de táxi e serviços de transporte individual de passageiros em estabelecimentos que realizem eventos de grande porte e dá outras providências,"para táxis e transporte individual, situação que gera congestionamentos, riscos de acidentes e insegurança para usuários e motoristas. De acordo com o Deputado proponente, essa desorganização se agrava em locais de evento grande fluxo de pessoas, como a Arena BRB e o Estádio Mané Garrincha, e pode elevar significativamente as ocorrências de trânsito. O autor destaca a importância da medida para as mais de 650 mil pessoas com deficiência residentes no Distrito Federal (DF), que dependem do transporte individual e ne",https://ple.cl.df.gov.br/pleservico/api/public/proposicao/155628/documento/ativas,data/raw/documento-ativas/316e99ce99376c38.json
BRB,BRB,BRB-OUTRO,documento,documento,texto,REQ 2761/2026,157364,330801,365984,Requerimento,GAB DEP PAULA BELMONTE,2026-04-22T11:04:58,"Requer ao Poder Executivo, por intermédio da Casa Civil do Distrito Federal, informações acerca de eventual manifestação jurídica da Procuradoria-Geral do Distrito Federal relativa a medidas de socorro financeiro ao Banco de Brasília S.A. – BRB, bem como sobre fatos relacionados à exoneração de memb","da PAULA BELMONTE) Requer ao Poder Executivo, por intermédio da Casa Civil do Distrito Federal, informações acerca de eventual manifestação jurídica da Procuradoria-Geral do Distrito Federal relativa a medidas de socorro financeiro ao Banco de Brasília S.A. – BRB, bem como sobre fatos relacionados à exoneração de membro da carreira jurídica supostamente motivada por divergência de entendimento. A CÂMARA LEGISLATIVA DO DISTRITO FEDERAL, nos termos do art. 60, incisos XVI e XXXIII, da Lei Orgânica do Distrito Federal",https://ple.cl.df.gov.br/pleservico/api/public/proposicao/157364/documento/ativas,data/raw/documento-ativas/540872c607662808.json
BRB,BRB,BRB-OUTRO,documento,documento,texto,PDL 420/2026,156563,330838,366112,Parecer,GAB DEP JOÃO CARDOSO,2026-04-22T13:12:51,Concede o Título de Cidadão Benemérito de Brasília ao Senhor Pedro Henrique Lessa Coutinho.,"local e nacional. O grupo, formado por jovens artistas comprometidos com a cultura e a identidade musical de Brasília, consolidou-se como um importante representante da nova geração do pagode. Com apresentações em importantes espaços da capital, como a Arena BRB Nilson Nelson, e com crescente reconhecimento do público, o grupo alcançou projeção nacional ao firmar parceria com a gravadora Som Livre. Ademais, projetos musicais desenvolvidos pelo grupo, como “Benza em Brasa” e “Energia Benzadeus”, demonstram maturidad",https://ple.cl.df.gov.br/pleservico/api/public/proposicao/156563/documento/ativas,data/raw/documento-ativas/bc5274dd2ba3d49a.json
BRB,BRB,BRB-OUTRO,documento,documento,texto,REQ 2768/2026,157374,330865,366232,Requerimento,GAB DEP PAULA BELMONTE,2026-04-22T18:09:58,"Requer o encaminhamento de pedido de informações ao Presidente do Banco de Brasília S.A. – BRB, acerca da operação de aumento de capital, com solicitação de documentos, estudos técnicos, pareceres e demais elementos que detalhem os impactos fiscais, patrimoniais e de governança da medida.","CÂMARA LEGISLATIVA DO DISTRITO FEDERAL Gabinete da Deputada Paula Belmonte - Gab 22 Requerimento Nº, DE 2026 (Autoria: Deputada PAULA BELMONTE) Requer o encaminhamento de pedido de informações ao Presidente do Banco de Brasília S.A. – BRB, acerca da operação de aumento de capital, com solicitação de documentos, estudos técnicos, pareceres e demais elementos que detalhem os impactos fiscais, patrimoniais e de governança da medida. A CÂMARA LEGISLATIVA DO DISTRITO FEDERAL, nos termos do art. 60,",https://ple.cl.df.gov.br/pleservico/api/public/proposicao/157374/documento/ativas,data/raw/documento-ativas/186e80ad89eb8365.json
BRB,BRB,BRB-OUTRO,documento,documento,texto,REQ 2778/2026,157461,331238,367314,Requerimento,LIDPT,2026-04-28T14:10:02,Requer ao Banco de Brasília S.A - BRB informações que especifica. ,"CÂMARA LEGISLATIVA DO DISTRITO FEDERAL Liderança do PT Requerimento Nº, DE 2026 (Autoria: Deputados CHICO VIGILANTE, RICARDO VALE e GABRIEL MAGNO) Requer ao Banco de Brasília S.A. – BRB informações que especifica. Excelentíssimo Senhor Presidente da Câmara Legislativa do Distrito Federal: Nos termos do art. 40 do Regimento Interno, dirigimo-nos a Vossa Excelência para requerer que sejam solicitadas ao Presidente do Banco de Brasília – BRB in",https://ple.cl.df.gov.br/pleservico/api/public/proposicao/157461/documento/ativas,data/raw/documento-ativas/2019c0d33b0a225b.json
BRB,BRB,BRB-OUTRO,documento,documento,texto,PL 2295/2026,157411,331248,367346,Emenda,LIDPT,2026-04-28T16:14:20,"Altera a Lei nº 7.845, de 10 de março de 2026, que ""dispõe sobre as medidas a serem adotadas pelo Distrito Federal, na condição de acionista controlador, para o restabelecimento e fortalecimento das condições econômico-financeiras do Banco de Brasília S.A. - BRB, e dá outras providências"".","altera a Lei nº 7.845, de 10 de março de 2026, que ""dispõe sobre as medidas a serem adotadas pelo Distrito Federal, na condição de acionista controlador, para o restabelecimento e fortalecimento das condições econômico-financeiras do Banco de Brasília S.A. - BRB, e dá outras providências"". Dê-se ao art. 1º do Projeto de Lei em epígrafe a seguinte redação: Art. 1º Ficam excluídos do Anexo Único da Lei nº 7.845, de 10 de março de 2026, os imóveis localizados nos endereços SIA Trecho Serviço Público, lotes B e G, util",https://ple.cl.df.gov.br/pleservico/api/public/proposicao/157411/documento/ativas,data/raw/documento-ativas/99ebdf6b2d89fd00.json
BRB,BRB,BRB-OUTRO,documento,documento,texto,PL 2295/2026,157411,331249,367338,Emenda,LIDPT,2026-04-28T16:18:27,"Altera a Lei nº 7.845, de 10 de março de 2026, que ""dispõe sobre as medidas a serem adotadas pelo Distrito Federal, na condição de acionista controlador, para o restabelecimento e fortalecimento das condições econômico-financeiras do Banco de Brasília S.A. - BRB, e dá outras providências"".","altera a Lei nº 7.845, de 10 de março de 2026, que ""dispõe sobre as medidas a serem adotadas pelo Distrito Federal, na condição de acionista controlador, para o restabelecimento e fortalecimento das condições econômico-financeiras do Banco de Brasília S.A. - BRB, e dá outras providências"". Dê-se ao art. 1º do Projeto de Lei em epígrafe a seguinte redação: Art. 1º Ficam excluídos do Anexo Único da Lei nº 7.845, de 10 de março de 2026, os imóveis localizados nos endereços SIA Trecho Serviço Público lotes G, H e I uti",https://ple.cl.df.gov.br/pleservico/api/public/proposicao/157411/documento/ativas,data/raw/documento-ativas/99ebdf6b2d89fd00.json
BRB,BRB,BRB-OUTRO,documento,documento,texto,PL 2295/2026,157411,331252,367348,Emenda,LIDPT,2026-04-28T16:26:51,"Altera a Lei nº 7.845, de 10 de março de 2026, que ""dispõe sobre as medidas a serem adotadas pelo Distrito Federal, na condição de acionista controlador, para o restabelecimento e fortalecimento das condições econômico-financeiras do Banco de Brasília S.A. - BRB, e dá outras providências"".","altera a Lei nº 7.845, de 10 de março de 2026, que ""dispõe sobre as medidas a serem adotadas pelo Distrito Federal, na condição de acionista controlador, para o restabelecimento e fortalecimento das condições econômico-financeiras do Banco de Brasília S.A. - BRB, e dá outras providências"". Dê-se ao art. 1º do Projeto de Lei em epígrafe a seguinte redação: Art. 1º Ficam excluídos do Anexo Único da Lei nº 7.845, de 10 de março de 2026, os imóveis localizados nos endereços SIA Trecho Serviço Público, lotes B e G, util",https://ple.cl.df.gov.br/pleservico/api/public/proposicao/157411/documento/ativas,data/raw/documento-ativas/99ebdf6b2d89fd00.json
BRB,BRB,BRB-OUTRO,documento,documento,texto,PL 2295/2026,157411,331253,367352,Emenda,LIDPT,2026-04-28T16:27:52,"Altera a Lei nº 7.845, de 10 de março de 2026, que ""dispõe sobre as medidas a serem adotadas pelo Distrito Federal, na condição de acionista controlador, para o restabelecimento e fortalecimento das condições econômico-financeiras do Banco de Brasília S.A. - BRB, e dá outras providências"".","altera a Lei nº 7.845, de 10 de março de 2026, que ""dispõe sobre as medidas a serem adotadas pelo Distrito Federal, na condição de acionista controlador, para o restabelecimento e fortalecimento das condições econômico-financeiras do Banco de Brasília S.A. - BRB, e dá outras providências"". Dê-se ao art. 1º do Projeto de Lei em epígrafe a seguinte redação: Art. 1ºFicam excluídos do Anexo Único da Lei nº 7.845, de 10 de março de 2026, os imóveis localizados nos endereços SIA Trecho Serviço Público lotes C e G, utiliz",https://ple.cl.df.gov.br/pleservico/api/public/proposicao/157411/documento/ativas,data/raw/documento-ativas/99ebdf6b2d89fd00.json
BRB,BRB,BRB-OUTRO,documento,documento,texto,PL 2295/2026,157411,331254,367403,Emenda,BPPSOL-PSB,2026-04-28T16:28:50,"Altera a Lei nº 7.845, de 10 de março de 2026, que ""dispõe sobre as medidas a serem adotadas pelo Distrito Federal, na condição de acionista controlador, para o restabelecimento e fortalecimento das condições econômico-financeiras do Banco de Brasília S.A. - BRB, e dá outras providências"".","Altera a Lei nº 7.845, de 10 de março de 2026, que ""dispõe sobre as medidas a serem adotadas pelo Distrito Federal, na condição de acionista controlador, para o restabelecimento e fortalecimento das condições econômico-financeiras do Banco de Brasília S.A. - BRB, e dá outras providências"". Adicione-se ao projeto o seguinte artigo, renumerando-se os demais: Art. 2º O Poder Executivo deverá promover estudos para alterar as diretrizes de uso e ocupação do solo da GLEBA ‘A’ - com 716 hectares, denominada “Serrinha do P",https://ple.cl.df.gov.br/pleservico/api/public/proposicao/157411/documento/ativas,data/raw/documento-ativas/99ebdf6b2d89fd00.json
BRB,BRB,BRB-OUTRO,documento,documento,texto,REQ 2776/2026,157468,331258,367355,Requerimento,GAB DEP GABRIEL MAGNO,2026-04-28T16:39:17,"Requer à Procuradoria-Geral do Distrito Federal cópia dos pareceres, e instrumentos análogos, exarados nos exercícios de 2025 e 2026 relacionados ao Banco de Brasília (BRB).","Deputado Gabriel Magno - Gab 16 Requerimento Nº, DE 2026 (Autoria: Deputado Gabriel Magno) Requer à Procuradoria-Geral do Distrito Federal cópia dos pareceres, e instrumentos análogos, exarados nos exercícios de 2025 e 2026 relacionados ao Banco de Brasília (BRB). Excelentíssimo Senhor Presidente da Câmara Legislativa do Distrito Federal, Com fulcro no art. 60, XVI, XXXII e XXXIII, da Lei Orgânica do Distrito Federal, e nos termos do art. 42, I, Regimento Interno desta Casa, venho requerer à Procuradoria Geral do D",https://ple.cl.df.gov.br/pleservico/api/public/proposicao/157468/documento/ativas,data/raw/documento-ativas/f4ef27437a502343.json
BRB,BRB,BRB-OUTRO,documento,documento,texto,PL 2295/2026,157411,331264,367367,Emenda,LIDPT,2026-04-28T16:53:20,"Altera a Lei nº 7.845, de 10 de março de 2026, que ""dispõe sobre as medidas a serem adotadas pelo Distrito Federal, na condição de acionista controlador, para o restabelecimento e fortalecimento das condições econômico-financeiras do Banco de Brasília S.A. - BRB, e dá outras providências"".","altera a Lei nº 7.845, de 10 de março de 2026, que ""dispõe sobre as medidas a serem adotadas pelo Distrito Federal, na condição de acionista controlador, para o restabelecimento e fortalecimento das condições econômico-financeiras do Banco de Brasília S.A. - BRB, e dá outras providências"". Dê-se ao art. 1º do Projeto de Lei em epígrafe a seguinte redação: Art. 1º Ficam excluídos do Anexo Único da Lei nº 7.845, de 10 de março de 2026, os imóveis localizados nos endereços SIA Trecho Serviço Público lotes F e G, utili",https://ple.cl.df.gov.br/pleservico/api/public/proposicao/157411/documento/ativas,data/raw/documento-ativas/99ebdf6b2d89fd00.json
BRB,BRB,BRB-OUTRO,documento,documento,texto,PL 2295/2026,157411,331265,367370,Emenda,GAB DEP HERMETO,2026-04-28T16:57:15,"Altera a Lei nº 7.845, de 10 de março de 2026, que ""dispõe sobre as medidas a serem adotadas pelo Distrito Federal, na condição de acionista controlador, para o restabelecimento e fortalecimento das condições econômico-financeiras do Banco de Brasília S.A. - BRB, e dá outras providências"".","Altera a Lei nº 7.845, de 10 de março de 2026, que ""dispõe sobre as medidas a serem adotadas pelo Distrito Federal, na condição de acionista controlador, para o restabelecimento e fortalecimento das condições econômico-financeiras do Banco de Brasília S.A. - BRB, e dá outras providências"". Dê-se ao art. 1º do Projeto de Lei nº 2295/2026 a seguinte redação: Art. 1º Ficam excluídos do Anexo Único da Lei nº 7.845, de 10 de março de 2026, os seguintes imóveis: I – item 2, endereço SIA TRECHO SERVIÇO PÚBLICO LT G, matrí",https://ple.cl.df.gov.br/pleservico/api/public/proposicao/157411/documento/ativas,data/raw/documento-ativas/99ebdf6b2d89fd00.json
BRB,BRB,BRB-OUTRO,documento,documento,texto,PL 2295/2026,157411,331283,367420,Emenda,GAB DEP FÁBIO FÉLIX,2026-04-28T18:02:02,"Altera a Lei nº 7.845, de 10 de março de 2026, que ""dispõe sobre as medidas a serem adotadas pelo Distrito Federal, na condição de acionista controlador, para o restabelecimento e fortalecimento das condições econômico-financeiras do Banco de Brasília S.A. - BRB, e dá outras providências"".","Altera a Lei nº 7.845, de 10 de março de 2026, que ""dispõe sobre as medidas a serem adotadas pelo Distrito Federal, na condição de acionista controlador, para o restabelecimento e fortalecimento das condições econômico-financeiras do Banco de Brasília S.A. - BRB, e dá outras providências"". Adicione-se ao projeto o seguinte artigo, renumerando-se os demais: Art. 2º O Poder Executivo deverá promover estudos para alterar as diretrizes de uso e ocupação do solo da GLEBA ‘A’ - com 716 hectares, denominada “Serrinha do P",https://ple.cl.df.gov.br/pleservico/api/public/proposicao/157411/documento/ativas,data/raw/documento-ativas/99ebdf6b2d89fd00.json
BRB,BRB,BRB-OUTRO,documento,documento,texto,PL 2295/2026,157411,331444,367863,Redação Final,CCJ,2026-04-30T10:28:11,"Altera a Lei nº 7.845, de 10 de março de 2026, que ""dispõe sobre as medidas a serem adotadas pelo Distrito Federal, na condição de acionista controlador, para o restabelecimento e fortalecimento das condições econômico-financeiras do Banco de Brasília S.A. - BRB, e dá outras providências"".","Altera a Lei nº 7.845, de 10 de março de 2026, que ""dispõe sobre as medidas a serem adotadas pelo Distrito Federal, na condição de acionista controlador, para o restabelecimento e fortalecimento das condições econômico-financeiras do Banco de Brasília S.A. – BRB, e dá outras providências"". A CÂMARA LEGISLATIVA DO DISTRITO FEDERAL decreta: Art. 1º Ficam excluídos do Anexo Único da Lei nº 7.845, de 10 de março de 2026, os seguintes imóveis: I – item 2, endereço SIA TRECHO SERVIÇO PÚBLICO LT G, matrícula 59.607 – 4º C",https://ple.cl.df.gov.br/pleservico/api/public/proposicao/157411/documento/ativas,data/raw/documento-ativas/99ebdf6b2d89fd00.json
BRB,BRB,BRB-OUTRO,documento,documento,texto,REQ 2799/2026,157571,331736,368415,Requerimento,GAB DEP FÁBIO FÉLIX,2026-05-05T14:35:44,Requer informações ao Banco de Brasília S.A - BRB acerca da gestão dos depósitos judiciais realizados pelos Tribunais de Justiça.,"CÂMARA LEGISLATIVA DO DISTRITO FEDERAL Gabinete do Deputado Fábio Félix - Gab 24 Requerimento Nº, DE 2026 (Autoria: Deputado Fábio Felix) Requer informações ao Banco de Brasília S.A. - BRB acerca da gestão dos depósitos judiciais realizados pelos Tribunais de Justiça. Excelentíssimo Senhor Presidente da Câmara Legislativa do Distrito Federal: Requeiro, nos termos do art. 42, do Regimento Interno da Câmara Legislativa do Distrito Federal, que se",https://ple.cl.df.gov.br/pleservico/api/public/proposicao/157571/documento/ativas,data/raw/documento-ativas/f7a24f1559d4eec8.json
BRB,BRB,BRB-OUTRO,documento,documento,texto,PL 2265/2026,157155,334616,373338,Parecer,GAB DEP JOAQUIM RORIZ NETO,2026-05-29T14:50:54,"Altera a Lei nº 7.845, de 10 de MARÇO de 2026, que ""dispõe sobre as medidas a serem adotadas pelo Distrito Federal, na condição de acionista controlador, para o restabelecimento e fortalecimento das condições econômico-financeiras do Banco de Brasília S.A. – BRB, e dá outras providências"", para reti","altera a Lei nº 7.845, de 10 de MARÇO de 2026, que ""dispõe sobre as medidas a serem adotadas pelo Distrito Federal, na condição de acionista controlador, para o restabelecimento e fortalecimento das condições econômico-financeiras do Banco de Brasília S.A. – BRB, e dá outras providências"", para retirar a Gleba A, com 716 hectares, da lista dos imóveis de que trata a lei. AUTOR: Deputado CHICO VIGILANTE RELATOR: Deputado JOAQUIM RORIZ NETO I - RELATÓRIO Submete-se a esta Comissão de Desenvolvimento Econômico Sustent",https://ple.cl.df.gov.br/pleservico/api/public/proposicao/157155/documento/ativas,data/raw/documento-ativas/c09ac17bf1faf105.json
BRB,BRB,BRB-OUTRO,documento,documento,texto,PL 2323/2026,157770,335270,375085,Parecer,CEOF,2026-06-08T10:55:55,Dispõe sobre as diretrizes orçamentárias para o exercício financeiro de 2027 e dá outras providências. ,"quanto à sensibilidade do passivo às oscilações de mercado e taxas de juros, estabelecem-se salvaguardas prudenciais para a gestão dos recursos e para as relações com as instituições financeiras depositárias e administradoras, em especial o Banco de Brasília (BRB). As medidas visam neutralizar riscos de liquidez, garantir o atingimento da meta atuarial (IPCA + 5,25% a.a.) e resguardar a emissão do Certificado de Regularidade Previdenciária (CRP) do ente distrital. Quadro 4.5.6.1 – Salvaguardas Prudenciais e Gestão ",https://ple.cl.df.gov.br/pleservico/api/public/proposicao/157770/documento/ativas,data/raw/documento-ativas/b68dedd7a7f757ab.json
BRB,BRB,BRB-OUTRO,documento,documento,texto,PL 2323/2026,157770,335510,375084,Parecer,CEOF,2026-06-08T18:26:40,Dispõe sobre as diretrizes orçamentárias para o exercício financeiro de 2027 e dá outras providências. ,"atureza jurídico-tributária; (III) riscos cambiais; (IV) riscos decorrentes de demandas judiciais de empresas estatais; (V) riscos associados a Parcerias Público-Privadas (PPPs); e (VI) risco relativo à situação econômico-financeira do Banco de Brasília S.A. (BRB). Cada categoria é examinada a seguir. I - RISCOS MACROECONÔMICOS CONCERNENTES À RECEITA TRIBUTÁRIA Trata-se de análise de sensibilidade da receita tributária às variações dos parâmetros macroeconômicos utilizados na projeção, especialmente PIB e IPCA. O e",https://ple.cl.df.gov.br/pleservico/api/public/proposicao/157770/documento/ativas,data/raw/documento-ativas/b68dedd7a7f757ab.json
BRB,BRB,BRB-OUTRO,documento,documento,texto,PL 2323/2026,157770,335513,375073,Parecer,CEOF,2026-06-08T19:36:41,Dispõe sobre as diretrizes orçamentárias para o exercício financeiro de 2027 e dá outras providências. ,"LTERAÇÕES NA LEGISLAÇÃO TRIBUTÁRIA Seção I Das Disposições Gerais sobre Adequação Orçamentária das Alterações na LegislaçãoSeção I Das Disposições Gerais sobre Adequação Orçamentária das Alterações na Legislação Art. 72. (VETADO) Art. 72. O Banco de Brasília (BRB), como organismo fundamental de fomento do Distrito Federal, definindo no art. 144, §1º, da Lei Orgânica do Distrito Federal, deve priorizar nas políticas de concessão de empréstimos e financiamentos, os programas e projetos do Distrito Federal relacionado",https://ple.cl.df.gov.br/pleservico/api/public/proposicao/157770/documento/ativas,data/raw/documento-ativas/b68dedd7a7f757ab.json
BRB,BRB,BRB-OUTRO,documento,documento,texto,REQ 2973/2026,158207,335567,375210,Requerimento,GAB DEP FÁBIO FÉLIX,2026-06-09T13:10:47,"Requer a convocação do Senhor Nelson Antônio de Souza, Presidente do Banco de Brasília S.A. – BRB, para comparecer à Câmara Legislativa do Distrito Federal, a fim de prestar esclarecimentos sobre a situação econômico-financeira do Banco e sobre a operação de crédito proposta pelo Poder Executivo par","CÂMARA LEGISLATIVA DO DISTRITO FEDERAL Gabinete do Deputado Fábio Félix - Gab 24 Requerimento Nº, DE 2026 (Autoria: Deputado Fábio Felix) Requer a convocação do Senhor Nelson Antônio de Souza, Presidente do Banco de Brasília S.A. – BRB, para comparecer à Câmara Legislativa do Distrito Federal, a fim de prestar esclarecimentos sobre a situação econômico-financeira do Banco e sobre a operação de crédito proposta pelo Poder Executivo para integralizar capital Excelentíssimo Senhor Presidente d",https://ple.cl.df.gov.br/pleservico/api/public/proposicao/158207/documento/ativas,data/raw/documento-ativas/44122a0fbe1d5be1.json
BRB,BRB,BRB-OUTRO,documento,documento,texto,REQ 2974/2026,158208,335665,375309,Requerimento,GAB DEP FÁBIO FÉLIX,2026-06-09T14:44:27,"Requer a convocação do Senhor Nelson Antônio de Souza, Presidente do Banco de Brasília S.A. – BRB, para comparecer à Câmara Legislativa do Distrito Federal, a fim de prestar esclarecimentos sobre a situação econômico-financeira do Banco e sobre a operação de crédito proposta pelo Poder Executivo par","CÂMARA LEGISLATIVA DO DISTRITO FEDERAL Gabinete do Deputado Fábio Félix - Gab 24 Requerimento Nº, DE 2026 (Autoria: Deputado Fábio Felix) Requer a convocação do Senhor Nelson Antônio de Souza, Presidente do Banco de Brasília S.A. – BRB, para comparecer à Câmara Legislativa do Distrito Federal, a fim de prestar esclarecimentos sobre a situação econômico-financeira do Banco e sobre a operação de crédito proposta pelo Poder Executivo para integralizar capital. Excelentíssimo Senhor Presidente",https://ple.cl.df.gov.br/pleservico/api/public/proposicao/158208/documento/ativas,data/raw/documento-ativas/ddf686fad4404122.json
BRB,BRB,BRB-OUTRO,documento,documento,texto,PL 2323/2026,157770,336581,377216,Emenda,GAB DEP FÁBIO FÉLIX,2026-06-16T16:07:25,Dispõe sobre as diretrizes orçamentárias para o exercício financeiro de 2027 e dá outras providências. ,"do cumprimento do art. 167-A, inciso IV, alínea b, e inciso V, da Constituição Federal, determinado pelo acordo firmado entre a União e o Distrito Federal, no âmbito da ACO nº 3755 perante o Supremo Tribunal Federal, referente ao empréstimo tomado em prol do BRB. De acordo com a cláusula terceira do referido acordo, o ente distrital se compromete a adotar, como medida de ajuste fiscal, as vedações previstas nos incisos I a X do art. 167-A da Constituição, até a quitação integral da operação de crédito contratada ou",https://ple.cl.df.gov.br/pleservico/api/public/proposicao/157770/documento/ativas,data/raw/documento-ativas/b68dedd7a7f757ab.json
BRB,BRB,BRB-OUTRO,documento,documento,texto,PL 2323/2026,157770,336585,377226,Emenda,GAB DEP FÁBIO FÉLIX,2026-06-16T16:44:21,Dispõe sobre as diretrizes orçamentárias para o exercício financeiro de 2027 e dá outras providências. ,"2.323/2026, que “dispõe sobre as diretrizes orçamentárias para o exercício financeiro de 2027 e dá outras providências”. Adicione-se o seguinte art. 69 ao Projeto de Lei nº 2.323/2026, renumerando-se os demais dispositivos: ""Art. 69. O Banco de Brasília S.A – BRB, em sua função de agente financeiro oficial de fomento, deve apresentar as seguintes informações complementares: I - convênios e instrumentos contratuais e de relacionamento com o Governo do Distrito Federal, destacando os encargos ao erário e a remuneraçã",https://ple.cl.df.gov.br/pleservico/api/public/proposicao/157770/documento/ativas,data/raw/documento-ativas/b68dedd7a7f757ab.json
BRB,BRB,BRB-OUTRO,documento,documento,texto,PL 2323/2026,157770,336599,377294,Emenda,GAB DEP FÁBIO FÉLIX,2026-06-16T18:19:15,Dispõe sobre as diretrizes orçamentárias para o exercício financeiro de 2027 e dá outras providências. ,"istrito Federal firmou um acordo - homologado pelo Supremo Tribunal Federal na Ação Cível Originária nº 3755 - com a União, o Banco Central do Brasil e o Banco de Brasília, que prevê a contratação de operação de crédito para realização de aporte de capital ao BRB. Como contrapartida, o ente distrital se comprometeu a adotar, como medidas de ajuste fiscal, as vedações previstas nos incisos I a X do art. 167-A da Constituição, até a quitação integral da operação de crédito contratada ou até que o DF atinja Capacidade",https://ple.cl.df.gov.br/pleservico/api/public/proposicao/157770/documento/ativas,data/raw/documento-ativas/b68dedd7a7f757ab.json
BRB,BRB,BRB-OUTRO,documento,documento,texto,PL 2323/2026,157770,336848,377730,Emenda,GAB DEP GABRIEL MAGNO,2026-06-17T14:01:12,Dispõe sobre as diretrizes orçamentárias para o exercício financeiro de 2027 e dá outras providências. ,"O A emenda objetiva efetivamente promover as despesas relacionadas ao enfrentamento à violência à Pessoa Idosa como prioridade ao financiamento por meio do agente de fomento oficial do Distrito Federal. Além disso, tem por objeto também a promoção por meio do BRB como agente de fomento aos consumidores superendividados, permitindo que possam renegociar as respectivas dívidas, mas garantindo o mínimo existencial constitucional inclusão. Nesse sentido, conclamo aos nobres pares a aprovação Sala das Sessões, na data d",https://ple.cl.df.gov.br/pleservico/api/public/proposicao/157770/documento/ativas,data/raw/documento-ativas/b68dedd7a7f757ab.json
BRB,BRB,BRB-OUTRO,documento,documento,texto,PL 2323/2026,157770,336868,377780,Emenda,GAB DEP GABRIEL MAGNO,2026-06-17T14:09:52,Dispõe sobre as diretrizes orçamentárias para o exercício financeiro de 2027 e dá outras providências. ,"ui-se como um elo essencial entre o Plano Plurianual (PPA) e a LOA, assegurando a alocação adequada, eficaz e eficiente dos recursos para atender às demandas da sociedade e o desenvolvimento econômico e social do DF; Considerando que o Banco de Brasília S.A. (BRB) é considerado pela Lei Orgânica do Distrito Federal (LODF) como uma instituição fundamental para o desenvolvimento do DF e da região, conforme disposto no § 1º do artigo 144 da LODF, que assevera, Art. 144. A arrecadação de todas e quaisquer receitas de c",https://ple.cl.df.gov.br/pleservico/api/public/proposicao/157770/documento/ativas,data/raw/documento-ativas/b68dedd7a7f757ab.json
BRB,BRB,BRB-OUTRO,documento,documento,texto,PL 2323/2026,157770,336874,377790,Emenda,GAB DEP GABRIEL MAGNO,2026-06-17T14:11:59,Dispõe sobre as diretrizes orçamentárias para o exercício financeiro de 2027 e dá outras providências. ,"ui-se como um elo essencial entre o Plano Plurianual (PPA) e a LOA, assegurando a alocação adequada, eficaz e eficiente dos recursos para atender às demandas da sociedade e o desenvolvimento econômico e social do DF; Considerando que o Banco de Brasília S.A. (BRB) é considerado pela Lei Orgânica do Distrito Federal (LODF) como uma instituição fundamental para o desenvolvimento do DF e da região, conforme disposto no § 1º do artigo 144 da LODF, que assevera, Art. 144. A arrecadação de todas e quaisquer receitas de c",https://ple.cl.df.gov.br/pleservico/api/public/proposicao/157770/documento/ativas,data/raw/documento-ativas/b68dedd7a7f757ab.json
BRB,BRB,BRB-OUTRO,documento,documento,texto,PL 2323/2026,157770,336880,377807,Emenda,GAB DEP GABRIEL MAGNO,2026-06-17T14:14:00,Dispõe sobre as diretrizes orçamentárias para o exercício financeiro de 2027 e dá outras providências. ,"ui-se como um elo essencial entre o Plano Plurianual (PPA) e a LOA, assegurando a alocação adequada, eficaz e eficiente dos recursos para atender às demandas da sociedade e o desenvolvimento econômico e social do DF; Considerando que o Banco de Brasília S.A. (BRB) é considerado pela Lei Orgânica do Distrito Federal (LODF) como uma instituição fundamental para o desenvolvimento do DF e da região, conforme disposto no § 1º do artigo 144 da LODF, que assevera, Art. 144. A arrecadação de todas e quaisquer receitas de c",https://ple.cl.df.gov.br/pleservico/api/public/proposicao/157770/documento/ativas,data/raw/documento-ativas/b68dedd7a7f757ab.json
BRB,BRB,BRB-OUTRO,documento,documento,texto,PL 2323/2026,157770,336893,377841,Emenda,GAB DEP GABRIEL MAGNO,2026-06-17T14:17:00,Dispõe sobre as diretrizes orçamentárias para o exercício financeiro de 2027 e dá outras providências. ,"ui-se como um elo essencial entre o Plano Plurianual (PPA) e a LOA, assegurando a alocação adequada, eficaz e eficiente dos recursos para atender às demandas da sociedade e o desenvolvimento econômico e social do DF; Considerando que o Banco de Brasília S.A. (BRB) é considerado pela Lei Orgânica do Distrito Federal (LODF) como uma instituição fundamental para o desenvolvimento do DF e da região, conforme disposto no § 1º do artigo 144 da LODF, que assevera, Art. 144. A arrecadação de todas e quaisquer receitas de c",https://ple.cl.df.gov.br/pleservico/api/public/proposicao/157770/documento/ativas,data/raw/documento-ativas/b68dedd7a7f757ab.json
BRB,BRB,BRB-OUTRO,documento,documento,texto,PL 2323/2026,157770,336917,377876,Emenda,GAB DEP GABRIEL MAGNO,2026-06-17T14:22:46,Dispõe sobre as diretrizes orçamentárias para o exercício financeiro de 2027 e dá outras providências. ,"(Autoria: Deputado Gabriel Magno) Ao Projeto de Lei Nº 2323/2026, que Dispõe sobre as diretrizes orçamentárias para o exercício financeiro de 2027 e dá outras providências. Adite-se o seguinte art. 68, renumerando-se os demais. “Art. 68. O Banco de Brasília (BRB), como organismo fundamental de fomento do Distrito Federal, definindo no art. 144, §1º, da Lei Orgânica do Distrito Federal, deve priorizar nas políticas de de concessão de empréstimos e financiamentos, os programas e projetos do Distrito Federal relaciona",https://ple.cl.df.gov.br/pleservico/api/public/proposicao/157770/documento/ativas,data/raw/documento-ativas/b68dedd7a7f757ab.json
BRB,BRB,BRB-OUTRO,documento,documento,texto,PL 2323/2026,157770,336925,377892,Emenda,GAB DEP GABRIEL MAGNO,2026-06-17T14:25:29,Dispõe sobre as diretrizes orçamentárias para o exercício financeiro de 2027 e dá outras providências. ,"ui-se como um elo essencial entre o Plano Plurianual (PPA) e a LOA, assegurando a alocação adequada, eficaz e eficiente dos recursos para atender às demandas da sociedade e o desenvolvimento econômico e social do DF; Considerando que o Banco de Brasília S.A. (BRB) é considerado pela Lei Orgânica do Distrito Federal (LODF) como uma instituição fundamental para o desenvolvimento do DF e da região, conforme disposto no § 1º do artigo 144 da LODF, que assevera, Art. 144. A arrecadação de todas e quaisquer receitas de c",https://ple.cl.df.gov.br/pleservico/api/public/proposicao/157770/documento/ativas,data/raw/documento-ativas/b68dedd7a7f757ab.json
BRB,BRB,BRB-OUTRO,documento,documento,texto,PL 2323/2026,157770,337317,378898,Emenda,GAB DEP MAX MACIEL,2026-06-17T16:40:47,Dispõe sobre as diretrizes orçamentárias para o exercício financeiro de 2027 e dá outras providências. ,"adição lógica e administrativa, pois retira recursos justamente das ferramentas que a Administração possui para cumprir esse objetivo prioritário. Adicionalmente, a proteção é imperativa diante do regime de austeridade severa imposto pela ACO 3.755 (acordo do BRB) perante o Supremo Tribunal Federal. Sob este acordo, o Distrito Federal está sujeito às vedações do Art. 167-A da Constituição Federal, que proíbe expressamente a criação de novas despesas obrigatórias. Nesse cenário de ""engessamento"" fiscal, garantir que",https://ple.cl.df.gov.br/pleservico/api/public/proposicao/157770/documento/ativas,data/raw/documento-ativas/b68dedd7a7f757ab.json
BRB,BRB,BRB-OUTRO,documento,documento,texto,PL 2389/2026,158447,338321,380985,Projeto de Lei,GAB DEP RICARDO VALE,2026-06-24T10:00:25,"Determina a restituição de valores descontados ilicitamente nos contracheques dos servidores ativos, inativos e pensionistas e dá outras providências.","o Distrito Federal. Essas fraudes estão sendo apuradas pelo Ministério Público do DF e pela Polícia Civil e envolvem agentes do Governo do Distrito Federal. Na semana passada, veio a público a Operação Juros Zero, que apura um esquema fraudulento envolvendo o BRB, o PicPay e a folha de pagamento dos servidores do Distrito Federal, com descontos ilegais que ultrapassaram a casa dos R$ 81 milhões. Nesta quarta-feira (24/06), está sendo noticiada a Operação Parasitas, que apura irregularidades envolvendo o BRB e assoc",https://ple.cl.df.gov.br/pleservico/api/public/proposicao/158447/documento/ativas,data/raw/documento-ativas/8b747765bfa248b7.json
BRB,BRB,BRB-OUTRO,documento,documento,texto,PL 2345/2026,157895,339178,382403,Redação Final,CCJ,2026-07-02T14:11:58,"Altera a Lei nº 6.606, de 28 de maio de 2020, que cria o Fundo Distrital de Desenvolvimento Rural - FDR e dá outras providências .","ças Climáticas; ... Art. 17. ... Parágrafo único. Na modalidade Crédito, cada beneficiário pode ser contemplado com mais de um projeto, desde que não ultrapasse os limites estabelecidos. ... Art. 20. ... § 1º A forma de remuneração dos serviços prestados pelo BRB é definida por decreto, sendo os custos demonstrados em planilha e limitados a até 2% do saldo médio anual das operações vigentes, excetuando-se serviço de desenvolvimento e manutenção de soluções tecnológicas."" Art. 2º O Poder Executivo deve regulamentar ",https://ple.cl.df.gov.br/pleservico/api/public/proposicao/157895/documento/ativas,data/raw/documento-ativas/63e8fa5b78241685.json
BRB,BRB,BRB-OUTRO,documento,documento,texto,PL 2323/2026,157770,339804,382974,Redação Final,CEOF,2026-07-06T21:03:28,Dispõe sobre as diretrizes orçamentárias para o exercício financeiro de 2027 e dá outras providências. ,"gislativa do Distrito Federal nos meses de maio e setembro de 2027. Art. 74. O agente oficial de fomento pode, dentro de suas disponibilidades, conceder crédito escolar educativo e bolsa-auxílio financiados com recursos próprios. Art. 75. O Banco de Brasília (BRB), como organismo fundamental de fomento do Distrito Federal, definido no art. 144, § 1º, da Lei Orgânica do Distrito Federal, deve priorizar nas políticas de concessão de empréstimos e financiamentos, os programas e projetos do Distrito Federal relacionado",https://ple.cl.df.gov.br/pleservico/api/public/proposicao/157770/documento/ativas,data/raw/documento-ativas/b68dedd7a7f757ab.json
BRB,BRB,BRB-OUTRO,documento,documento,texto,IND 10853/2026,158678,340124,383989,Indicação,GAB DEP EDUARDO PEDROSA,2026-07-21T17:14:13,"Sugere ao Banco de Brasília (BRB) a manutenção e o aprimoramento do atendimento presencial, exclusivo e humanizado às pessoas idosas na contratação de empréstimos e demais serviços financeiros.","CÂMARA LEGISLATIVA DO DISTRITO FEDERAL Gabinete do Deputado Eduardo Pedrosa - Gab 20 Indicação Nº, DE 2026 (Autoria: Deputado Eduardo Pedrosa) Sugere ao Banco de Brasília (BRB) a manutenção e o aprimoramento do atendimento presencial, exclusivo e humanizado às pessoas idosas na contratação de empréstimos e demais serviços financeiros. A CÂMARA LEGISLATIVA DO DISTRITO FEDERAL, nos termos do art. 140 do seu Regimento Interno, vem, po",https://ple.cl.df.gov.br/pleservico/api/public/proposicao/158678/documento/ativas,data/raw/documento-ativas/cc611b914fca7989.json
BRB,BRB,BRB-OUTRO,documento,documento,texto,PL 2265/2026,157155,340584,385291,Parecer,GAB DEP HERMETO,2026-08-05T10:36:48,"Altera a Lei nº 7.845, de 10 de MARÇO de 2026, que ""dispõe sobre as medidas a serem adotadas pelo Distrito Federal, na condição de acionista controlador, para o restabelecimento e fortalecimento das condições econômico-financeiras do Banco de Brasília S.A. – BRB, e dá outras providências"", para reti","“Altera a Lei nº 7.845, de 10 de MARÇO de 2026, que ""dispõe sobre as medidas a serem adotadas pelo Distrito Federal, na condição de acionista controlador, para o restabelecimento e fortalecimento das condições econômico-financeiras do Banco de Brasília S.A. – BRB, e dá outras providências"", para retirar a Gleba A, com 716 hectares, da lista dos imóveis de que trata a lei.” AUTOR: Deputado Chico Vigilante RELATOR: Deputado Hermeto I - RELATÓRIO Submete-se à apreciação da Comissão de Assuntos Fundiários (CAF) desta C",https://ple.cl.df.gov.br/pleservico/api/public/proposicao/157155/documento/ativas,data/raw/documento-ativas/c09ac17bf1faf105.json
Master,Master,FORA,documento,documento,texto,REQ 3312/2022,8173,41929,59417,Requerimento,GAB DEP LEANDRO GRASS,2022-05-10T10:50:34,"Requer informações à Secretaria de Estado do Esporte e Lazer do Distrito Federal sobre os Programas, atividades e Fundos administrados pela referida secretaria e a seguir descritos: Programa Educador Esportivo Voluntário; Vestindo o Esporte; Compete Brasília; Escolas do Esporte; Jovem Candango; Prog","EFER, não só para a escola de esporte da SEL, mas para a realização de várias competições das modalidades de Saltos Ornamentais, Polo Aquático, Natação e Nado Sincronizado, contemplando os atletas federados e não federados, das Categorias: infantil, Juvenil e Master, além da realização dos Jogos Regionais e Nacionais Escolares e Universitários Quando a piscina do complexo Cláudio Coutinho, voltará o seu funcionamento? Sem esquecer que a piscina do DEFER, é a única com capacidade no plano piloto, posicionada na área",https://ple.cl.df.gov.br/pleservico/api/public/proposicao/8173/documento/ativas,data/raw/documento-ativas/09fd2ad483cc7db5.json
Master,Master,FORA,documento,documento,texto,MO 1568/2022,8349,43467,61935,Moção,GAB DEP JAQUELINE SILVA,2022-05-24T10:25:27,"Reconhece e apresenta Votos de Louvor à Senhora Sandra Nery Medeiros, RG nº 1443989 SSP/DF, CPF nº688339461-34, Mantenedora do Instituto Social Educacional Master, pelo comprometimento, profissionalismo e dedicação em prol das crianças e famílias do Distrito Federal.","AL Gabinete da Deputada Jaqueline Silva - Gab 03 Moção Nº , DE 2022 (Autoria: Deputada Jaqueline Silva) Reconhece e apresenta Votos de Louvor à Senhora Sandra Nery Medeiros, RG nº 1443989 SSP/DF, CPF nº688339461-34, Mantenedora do Instituto Social Educacional Master, pelo comprometimento, profissionalismo e dedicação em prol das crianças e famílias do Distrito Federal. Excelentíssimo Senhor Presidente da Câmara Legislativa do Distrito Federal: Nos termos do art. 144 do Regimento Interno desta Casa, proponho que est",https://ple.cl.df.gov.br/pleservico/api/public/proposicao/8349/documento/ativas,data/raw/documento-ativas/dfaff4acb7ff60fa.json
Master,MASTER,FORA,documento,documento,texto,MO 1710/2022,9041,47740,69031,Projeto de Lei,GAB DEP ROOSEVELT VILELA,2022-08-01T14:31:34,"Reconhece e apresenta votos de louvor aos Bombeiros Militares, Policiais Militares e Policiais Civis do Distrito Federal que participaram dos Jogos Mundiais - World Police and Fire Games 2022 realizados em Roterdã - Holanda.  ",O 106 AMARILDO FERNANDES PCDF ATLETISMO 107 AMAURY SARAIVA MAGALHÃES PCDF FUT 5 MASCULINO 108 ANA MARTHA DE CÁSSIA SILVAI PCDF VÔLEI DE QUADRA FEMININO 109 ANDRÉIA RIBEIRO DOS SANTOS PCDF VÔLEI DE PRAIA FEMININO 110 ANTONIO FLAVIANO ALVES DE LIMA PCDF FUTEBOL MASTER 111 ANUSKA MARCOS PEREIRA PCDF NATAÇÃO 112 ARNALDO DE CASTRO COSTA FILHO PCDF NATAÇÃO 113 ARTHUR COSTA MODESTO PCDF FUTEBOL PRINCIPAL 114 AURÉLIO GLÉRIA CAVALCANTE PCDF FUTEBOL MASTER 115 BRUNO FERREIRA BARROSO PCDF FUTEBOL PRINCIPAL 116 BRUNO FREITAS D,https://ple.cl.df.gov.br/pleservico/api/public/proposicao/9041/documento/ativas,data/raw/documento-ativas/c1f0b35c6b0d847a.json
Master,Master,FORA,documento,documento,texto,MO 361/2023,15542,86338,152147,Moção,GAB DEP GABRIEL MAGNO,2023-08-29T14:02:56,"Manifesta Votos de Louvor e Aplausos às cidadãs e cidadãos que contribuem no fortalecimento da educação ambiental, ampliando o espaço educativo das escolas públicas e aumentando a integração dos parques com a comunidade.","ental do Brasília Ambiental há 12 anos e um dos responsáveis pela concepção do Parque Educador. Foi coordenador da EA do instituto e Secretário Executivo da CIEA de 2015 a 2017 e gerente de EA em UC de 2013 a 2015. Graduado em Comunicação Social pela UnB, com Master em Gestão Social pela Universidade de Alcalá de Henares - Espanha. LUZIRENE DO REGO LEITE Professora da Carreira do Magistério Público da Secretaria de Estado de Educação do Distrito Federal (SEEDF). Formadora da EAPE/SEEDF e Educadora Ambiental no Eixo",https://ple.cl.df.gov.br/pleservico/api/public/proposicao/15542/documento/ativas,data/raw/documento-ativas/50ebdefaecbba124.json
Master,Master,FORA,documento,documento,texto,MO 477/2023,17310,101111,178396,Moção,GAB DEP MAX MACIEL,2023-11-03T16:37:24,"Parabeniza e manifesta votos de louvor às pessoas que especifica, pelos relevantes serviços prestados à cultura Hip Hop do Distrito Federal.",dson 195. DJ Gory 196. DJ Grandy 197. DJ Guga 198. DJ Herbert HBT 199. DJ Hool 200. DJ Hugo Drop 201. DJ Itin 202. DJ J Carlos Fat Boy 203. DJ Jake 204. DJ Jamaika 205. DJ Janna 206. DJ Jannu 207. DJ Jappa 208. DJ Jean 209. DJ Jean 210. DJ Jean C 211. DJ Jeff Master 212. DJ Júnior Killa Marcia 213. DJ Kabeça 214. DJ Kashuu 215. DJ Kaster 216. DJ Kazuza 217. DJ Ketlen 218. DJ Klawdynho 219. DJ Kleber Mix 220. DJ Kliff 221. DJ Leandronik 222. DJ Leo 223. DJ Léo 224. DJ Leo Guedes 225. DJ Leo Matheus 226. DJ Leo Zulu ,https://ple.cl.df.gov.br/pleservico/api/public/proposicao/17310/documento/ativas,data/raw/documento-ativas/9e6cd4ac690a83e1.json
Master,MASTER,FORA,documento,documento,texto,PL 726/2023,17250,105501,185306,Parecer,CEOF,2023-11-28T11:54:33,"Estabelece a pauta de valores venais de veículos automotores usados registrados e licenciados no Distrito Federal para efeito de lançamento do Imposto sobre a Propriedade de Veículos Automotores - IPVA, relativamente ao exercício de 2024, e dá outras providências.","-2,90% F Motor - Casa 401 -4,27% TOTAIS 1.750.211 -4,27% No documento da FIPE, afirma-se serem normais as variações anuais de preço entre -10% e +10%, salienta-se que, da relação de variações fora do referido intervalo percentual, os modelos M.BENZ/AXOR 2640 MASTER, ano de fabricação 2007, são os veículos existentes na frota do Distrito Federal que apresentam as maiores variações, atingindo 815,18%, e esclarece-se que “as maiores variações ocorreram em função de um erro na avaliação inicial”. O projeto, lido em 31 ",https://ple.cl.df.gov.br/pleservico/api/public/proposicao/17250/documento/ativas,data/raw/documento-ativas/1b80c17faa156d84.json
Master,Master,FORA,documento,documento,texto,MO 717/2024,18757,114697,208758,Moção,GAB DEP MARTINS MACHADO,2024-03-18T10:31:40,"Manifesta votos de Louvor e homenageia profissionais de arbitragem do Distrito Federal, pelos excelentes serviços prestados ao esporte do DF.",em Raul Edem Gomes Martins Renato Gomes Tolentino – Assistente CBF Rodrigo Alves dos Reis Rodrigo Batista Raposo – Árbitro CBF Rodrigo Paulino de Souza – Assessor CBF Romaicon Assunção Davidde Oliveira Rômulo Maia Damasceno Sávio Pereira Sampaio – Árbitro CBF Master Tha yan Raphael Cerqueira Silva Valdson Alves Mo reira Vanailson Dourado daSilva Vinícius Batistada Silva Vinícius Felipe dos Santos Welison Antonio Dias (Ex arbitro CBF) Wellington Custódio Wesley de Almeida Magalhães Os profissionais de arbitragem são,https://ple.cl.df.gov.br/pleservico/api/public/proposicao/18757/documento/ativas,data/raw/documento-ativas/2bb1a0547e37635a.json
Master,Master,FORA,documento,documento,texto,PDL 103/2024,18972,116098,207873,Projeto de Decreto Legislativo,GAB DEP JOAQUIM RORIZ NETO,2024-04-01T09:27:55,Concede o título de Cidadão Honorário de Brasília ao senhor Jorge Arruda Filho.,"a liderança de Jorge Arruda, o Aeroporto de Brasília tem sido repetidamente reconhecido como o melhor do Brasil em sua categoria, expandindo voos internacionais, ampliando a oferta de alimentos e bebidas e varejo. Além disso, criou um bem-sucedido Real State Master Plan, com vários projetos de grande porte em andamento ou já finalizados, incluindo um shopping center e um centro logístico. Em relação aos requisitos exigidos pelo art. 3º da Resolução nº 334/2023 para a concessão do título de Cidadão Honorário de Bras",https://ple.cl.df.gov.br/pleservico/api/public/proposicao/18972/documento/ativas,data/raw/documento-ativas/930c5de06bb62fd0.json
Master,Master,FORA,documento,documento,texto,PDL 107/2024,19221,117717,210333,Projeto de Decreto Legislativo,GAB DEP MARTINS MACHADO,2024-04-12T15:04:51,Concede o Título de Cidadão Honorário de Brasília a Antônio Hora Filho.,"io Hora Filho é reconhecido por seus talentos de liderança, planejamento estratégico e compromisso com o esporte de base, acreditando que a prática esportiva nas escolas é fundamental para o desenvolvimento e qualidade de vida dos jovens brasileiros. FORMAÇÃO Master Ejecutivo en Gestión de las Organizaciones Deportivas (Universidad de Llieda) Curso Avançado de Gestão Esportiva pelo Instituto Olímpico Brasileiro (COB) Pós-graduação em Educação (Faculdade Atlântico) Formação na área de Prevenção ao uso de Drogas (UNB",https://ple.cl.df.gov.br/pleservico/api/public/proposicao/19221/documento/ativas,data/raw/documento-ativas/42385cd9e7011fc0.json
Master,Master,FORA,documento,documento,texto,PDL 119/2024,19504,120107,214461,Projeto de Decreto Legislativo,GAB DEP PR DANIEL DE CASTRO,2024-04-29T15:22:16,"Concede o Título de Cidadão Honorário ""Post Mortem"" de Brasília ao Senhor Juliano Costa Couto.","Federal. Juliano Costa Couto, natural de Minas Gerais, graduou-se em Direito em 1997 pela UDF, em Brasília. Além de advogado, obteve o título de mestre em Direito Constitucional e Processo Constitucional pelo IDP, e é pós-graduado em Processo Civil pelo ICAT-Master/AEUDF. Após sua formação, dedicou-se à advocacia, estabelecendo seu escritório na Capital Federal. Assumiu a presidência da OAB/DF entre 2016 e 2018, porém, sua trajetória na entidade iniciou-se em 2007, quando se tornou conselheiro. Juliano Costa Couto ",https://ple.cl.df.gov.br/pleservico/api/public/proposicao/19504/documento/ativas,data/raw/documento-ativas/1ba17fd4e1768393.json
Master,Master,FORA,documento,documento,texto,PDL 103/2024,18972,122253,220186,Parecer,GAB DEP PR DANIEL DE CASTRO,2024-05-23T12:30:03,Concede o título de Cidadão Honorário de Brasília ao senhor Jorge Arruda Filho.,"da liderança de Jorge Arruda, o Aeroporto de Brasília tem sido repetidamente reconhecido como o melhor do Brasil em sua categoria, expandindo voos internacionais, ampliando a oferta de alimentos e bebidas e varejo. Além disso, criou um bem-sucedido Real State Master Plan, com vários projetos de grande porte em andamento ou já finalizados, incluindo um shopping center e um centro logístico. Nesse contexto, consideramos meritória e louvável a iniciativa do autor do projeto de conceder o título de Cidadão Honorário de",https://ple.cl.df.gov.br/pleservico/api/public/proposicao/18972/documento/ativas,data/raw/documento-ativas/930c5de06bb62fd0.json
Master,Master,FORA,documento,documento,texto,REQ 1517/2024,20896,127819,232037,Requerimento,GAB DEP MARTINS MACHADO,2024-08-06T08:22:54,"Requer a realização de Sessão Solene no dia 30 de agosto de 2024, às 19h, no plenário, para homenagear o Jiu-Jitsu e o pioneiro da Arte Suave no DF, Mestre Ataíde Júnior.","da família Gracie. Mestre Ataíde foi o professor de Brasília que mais levou atletas para o UFC, Rani Yahya, Paulo Thiago, Renato Moicano, Massaranduba e Luigi Vendramini. Mestre Ataíde já formou mais de 320 faixas pretas. Título no jiu-jitsu: Campeão Mundial Master. Diante do exposto é de fundamental importância homenagear, reconhecer e valorizar essa modalidade, bem como um representante do DF. Sala das Sessões, em … MARTINS MACHADO Deputado Distrital- REPUBLICANOS/DF Praça Municipal, Quadra 2, Lote 5, 3º Andar, G",https://ple.cl.df.gov.br/pleservico/api/public/proposicao/20896/documento/ativas,data/raw/documento-ativas/4d6d148ba8f35ec1.json
Master,Master,FORA,documento,documento,texto,MO 950/2024,21415,129861,236945,Moção,GAB DEP MARTINS MACHADO,2024-08-28T11:18:34,"Manifesta votos de Louvor e homenageia o pioneiro do Jiu-Jitsu no DF, Mestre Ataíde Júnior.","ro, Mãe: Maria José Santos Ludgero. Nasceu em Brasília em 69. Começou a treinar jiu-jitsu aos 19 anos com o mestre Popó, que é aluno do Mestre Armando, faixa vermelha, que faz parte da árvore genealógica da família Gracie. Título no jiu-jitsu: Campeão Mundial Master. Mestre Ataíde já formou mais de 320 faixas pretas e foi o professor de Brasília que mais levou atletas para o UFC, são eles: Rani Yahya Paulo Thiago Renato Moicano Massaranduba Luigi Vendramini De forma a reconhecer esse excelente profissional e que el",https://ple.cl.df.gov.br/pleservico/api/public/proposicao/21415/documento/ativas,data/raw/documento-ativas/ef8a950ae35a0936.json
Master,Master,FORA,documento,documento,texto,MO 947/2024,21419,129885,236955,Moção,GAB DEP MARTINS MACHADO,2024-08-28T11:37:49," Manifesta votos de Louvor e homenageia o pioneiro do Jiu-Jitsu no DF, Mestre Ataíde Júnior.     ","ro, Mãe: Maria José Santos Ludgero. Nasceu em Brasília em 69. Começou a treinar jiu-jitsu aos 19 anos com o mestre Popó, que é aluno do Mestre Armando, faixa vermelha, que faz parte da árvore genealógica da família Gracie. Título no jiu-jitsu: Campeão Mundial Master. Mestre Ataíde já formou mais de 320 faixas pretas e foi o professor de Brasília que mais levou atletas para o UFC, são eles: Rani Yahya Paulo Thiago Renato Moicano Massaranduba Luigi Vendramini De forma a reconhecer esse excelente profissional e que el",https://ple.cl.df.gov.br/pleservico/api/public/proposicao/21419/documento/ativas,data/raw/documento-ativas/de1cfb319905e714.json
Master,Master,FORA,documento,documento,texto,PDL 184/2024,21797,132342,241750,Projeto de Decreto Legislativo,GAB DEP THIAGO MANZONI,2024-09-12T14:43:21,Concede o Título de Cidadão Honorário de Brasília ao Master Rodolpho Cavenatti. ,"CÂMARA LEGISLATIVA DO DISTRITO FEDERAL Gabinete do Deputado Thiago Manzoni - Gab 08 Projeto de Decreto Legislativo Nº, DE 2024 (Autoria: Deputado Thiago Manzoni) Concede o Título de Cidadão Honorário de Brasília ao Master Rodolpho Cavenatti. A CÂMARA LEGISLATIVA DO DISTRITO FEDERAL decreta: Art. 1º Fica concedido o Título de Cidadão Honorário de Brasília ao senhor Rodolpho Cavenatti, conhecido como Master Cavenatti. Art. 2º Este Decreto Legislativo entra em vigor na data de su",https://ple.cl.df.gov.br/pleservico/api/public/proposicao/21797/documento/ativas,data/raw/documento-ativas/ede9d737c6d5bb74.json
Master,Master,FORA,documento,documento,texto,PDL 215/2024,22454,137942,251205,Projeto de Decreto Legislativo,GAB DEP PR DANIEL DE CASTRO,2024-10-17T15:25:29,Concede o Título de Cidadão Honorário de Brasília ao Senhor Edvaldo Costa Barreto Júnior.,"1 de Junho de 1983, Edvaldo é graduado em Direito pela Universidade Católica de Salvador e possui especializações em Direito Processual Civil e Direito Público pelo Instituto Brasileiro de Ensino, Desenvolvimento e Pesquisa (IDP). Além disso, concluiu um MBA (Master Business Administration) em Marketing na Escola Superior de Propaganda e Marketing (ESPM), o que demonstra sua versatilidade e compromisso com a formação contínua. Sua carreira se destaca pela intensa atuação em processos de Direito Constitucional e Adm",https://ple.cl.df.gov.br/pleservico/api/public/proposicao/22454/documento/ativas,data/raw/documento-ativas/ac92077cf1f0dfb8.json
Master,Master,FORA,documento,documento,texto,PDL 219/2024,149705,274275,255214,Projeto de Decreto Legislativo,GAB DEP WELLINGTON LUIZ,2024-10-29T15:48:16,Concede o Título de Cidadão Honorário de Brasília ao Senhor Diego Martins de Amorim.,"no Piauí, nasceu em 2 de julho de 1985. Bacharel em Comunicação Social, com habilitação em Jornalismo, pela Universidade de Brasília, desde 2007. Em 2008 concluiu o curso de extensão em Jornalismo Multimídia pelo Centro Universitário de Brasília. Obteve dois Master of Business Administration, o primeiro em 2013 em Marketing pela Fundação Getúlio Vargas, e o outro em 2014, em Informações Econômico-Financeiras e Mercado de Capitais pelo Instituto BM&F Bovespa e UBS Escola de Negócios, em São Paulo. Aos 39 anos, Diego",https://ple.cl.df.gov.br/pleservico/api/public/proposicao/149705/documento/ativas,data/raw/documento-ativas/bead1cee3d1e0235.json
Master,Master,FORA,documento,documento,texto,PL 1483/2024,150502,281282,267205,Redação Final,CCJ,2024-12-12T14:59:00,"Dispõe sobre a carreira Músico da Orquestra Sinfônica do Teatro Nacional Claudio Santoro, do Quadro de Pessoal do Distrito Federal, e dá outras providências.","pós-graduação Especialização (pós-graduação lato sensu): aquele obtido por meio de cursos oferecidos por instituições de ensino superior ou por entidades especialmente credenciadas para atuarem nesse nível educacional, inclusive os cursos designados como MBA (Master Business Administration). Tais cursos têm duração mínima de 360 (trezentas e sessenta) horas, além, obrigatoriamente, da elaboração de monografia ou trabalho de conclusão de curso. Mestrado: aquele obtido por meio de curso de pós-graduação stricto sensu",https://ple.cl.df.gov.br/pleservico/api/public/proposicao/150502/documento/ativas,data/raw/documento-ativas/dc5a159672a78f6e.json
Master,Master,FORA,documento,documento,texto,PDL 184/2024,21797,283062,278269,Parecer,GAB DEP JOÃO CARDOSO,2025-02-10T14:23:25,Concede o Título de Cidadão Honorário de Brasília ao Master Rodolpho Cavenatti. ,"eputado João Cardoso Professor Auditor - Gab 06 PARECER Nº , DE 2025 - CAS Projeto de Decreto Legislativo nº 184/2024 Da Comissão de Assuntos Sociais sobre o Projeto de Decreto Legislativo nº 184/2024, que “Concede o Título de Cidadão Honorário de Brasília ao Master Rodolpho Cavenatti. ” AUTOR: Deputado Thiago Manzoni RELATOR: Deputado João Cardoso I - RELATÓRIO Submete-se à apreciação da Comissão de Assuntos Sociais, para a análise quanto ao mérito, o Projeto de Decreto Legislativo n.º 184/2024, de autoria do Depu",https://ple.cl.df.gov.br/pleservico/api/public/proposicao/21797/documento/ativas,data/raw/documento-ativas/ede9d737c6d5bb74.json
Master,Master,FORA,documento,documento,texto,PDL 219/2024,149705,284774,278305,Parecer,GAB DEP JOÃO CARDOSO,2025-02-17T16:58:31,Concede o Título de Cidadão Honorário de Brasília ao Senhor Diego Martins de Amorim.,"É bacharel em Comunicação Social, com habilitação em Jornalismo, pela Universidade de Brasília (UnB), desde 2007. Em 2008, concluiu o curso de extensão em Jornalismo Multimídia pelo Centro Universitário de Brasília. Sua formação acadêmica inclui, ainda, dois Master of Business Administration (MBA): um em Marketing, pela Fundação Getúlio Vargas (FGV), em 2013, e outro em Informações Econômico-Financeiras e Mercado de Capitais, pelo Instituto BM&F Bovespa e UBS Escola de Negócios, em 2014. Ao longo de sua trajetória,",https://ple.cl.df.gov.br/pleservico/api/public/proposicao/149705/documento/ativas,data/raw/documento-ativas/bead1cee3d1e0235.json
Master,Master,FORA,documento,documento,texto,PDL 184/2024,21797,290559,299338,Folha de Votação,CAS,2025-03-24T08:31:22,Concede o Título de Cidadão Honorário de Brasília ao Master Rodolpho Cavenatti. ,CÂMARA LEGISLATIVA DO DISTRITO FEDERAL Comissão de Assuntos Sociais FOLHA DE VOTAÇÃO - CAS pROPOSIÇÃO PDL nº 184/2024 Ementa: Concede o Título de Cidadão Honorário de Brasília ao Master Rodolpho Cavenatti. Autoria: Deputado Thiago Manzoni Relatoria: Deputado Rogério Morro da Cruz Parecer: Pela aprovação do projeto. Assinam e votam o parecer o(a)(s) Deputado(a)(s): TITULARES Presidente Relator(a) ACOMPANHAMENTO Favorável Contrário Abstenção D,https://ple.cl.df.gov.br/pleservico/api/public/proposicao/21797/documento/ativas,data/raw/documento-ativas/ede9d737c6d5bb74.json
Master,Master,FORA,documento,documento,texto,PDL 184/2024,21797,298923,301755,Redação Final,CCJ,2025-05-21T11:45:18,Concede o Título de Cidadão Honorário de Brasília ao Master Rodolpho Cavenatti. ,"2024 REDAÇÃO FINAL Concede o título de Cidadão Honorário de Brasília ao senhor Rodolpho Cavenatti. A CÂMARA LEGISLATIVA DO DISTRITO FEDERAL decreta: Art. 1º Fica concedido o título de Cidadão Honorário de Brasília ao senhor Rodolpho Cavenatti, conhecido como Master Cavenatti. Art. 2º Este Decreto Legislativo entra em vigor na data de sua publicação. Sala das Sessões, 20 de maio de 2025. RENATA FERNANDES TEIXEIRA Secretária da CCJ Praça Municipal, Quadra 2, Lote 5, 1º Andar, Sala 1.46 - CEP: 70094902 - Brasília - DF",https://ple.cl.df.gov.br/pleservico/api/public/proposicao/21797/documento/ativas,data/raw/documento-ativas/ede9d737c6d5bb74.json
Master,Master,FORA,documento,documento,texto,PDL 434/2026,155033,314913,335131,Projeto de Decreto Legislativo,GAB DEP PEPA,2025-10-23T16:22:58,Concede título de cidadão honorário de Brasília ao Senhor Tiago Gomes Dutra.,"mes Dutra reside há mais de três décadas em Brasília, onde construiu sua família e consolidou sua carreira. Casado e pai de dois filhos, é exemplo de dedicação, competência e compromisso com o serviço público. Engenheiro Civil, com pós-graduação lato sensu em Master of Business Administration (MBA) em Direito e Regulação do Setor Elétrico pelo Instituto Brasileiro de Ensino, Desenvolvimento e Pesquisa (IDP), e formação técnica em Gestão de Resíduos Sólidos pelo Instituto Tecnológico Brasileiro do Rio Grande do Nort",https://ple.cl.df.gov.br/pleservico/api/public/proposicao/155033/documento/ativas,data/raw/documento-ativas/b687676841f65e0c.json
BRB,BRB,BRB-OUTRO,dotação da LOA,loa_dotacao,nome_subtitulo,,,,,,,,,MODERNIZAÇÃO DE SISTEMA DE INFORMAÇÃO-MODERNIZAÇÃO TECNOLÓGICA BRB-DISTRITO FEDERAL,,
BRB,BRB,BRB-OUTRO,dotação da LOA,loa_dotacao,nome_subtitulo,,,,,,,,,"AQUISIÇÃO DE EQUIPAMENTOS-BRB CRÉDITO, FINANCIAMENTO E INVESTIMENTO S/A-DISTRITO FEDERAL",,
BRB,BRB,BRB-OUTRO,dotação da LOA,loa_dotacao,nome_subtitulo,,,,,,,,,MODERNIZAÇÃO DE SISTEMA DE INFORMAÇÃO-MODERNIZAÇÃO TECNOLÓGICA BRB-DISTRITO FEDERAL,,
BRB,BRB,BRB-OUTRO,dotação da LOA,loa_dotacao,nome_subtitulo,,,,,,,,,"AQUISIÇÃO DE EQUIPAMENTOS-BRB CRÉDITO, FINANCIAMENTO E INVESTIMENTO S/A-DISTRITO FEDERAL",,
BRB,BRB,BRB-OUTRO,dotação da LOA,loa_dotacao,nome_subtitulo,,,,,,,,,MODERNIZAÇÃO DE SISTEMA DE INFORMAÇÃO-MODERNIZAÇÃO TECNOLÓGICA BRB-DISTRITO FEDERAL,,
BRB,BRB,BRB-OUTRO,dotação da LOA,loa_dotacao,nome_subtitulo,,,,,,,,,"AQUISIÇÃO DE EQUIPAMENTOS-BRB CRÉDITO, FINANCIAMENTO E INVESTIMENTO S/A-DISTRITO FEDERAL",,
BRB,BRB,BRB-OUTRO,dotação da LOA,loa_dotacao,nome_subtitulo,,,,,,,,,MODERNIZAÇÃO DE SISTEMA DE INFORMAÇÃO-MODERNIZAÇÃO TECNOLÓGICA BRB-DISTRITO FEDERAL,,
BRB,BRB,BRB-OUTRO,dotação da LOA,loa_dotacao,nome_subtitulo,,,,,,,,,"AQUISIÇÃO DE EQUIPAMENTOS-BRB CRÉDITO, FINANCIAMENTO E INVESTIMENTO S/A-DISTRITO FEDERAL",,
BRB,BRB,BRB-OUTRO,dotação da LOA,loa_dotacao,nome_subtitulo,,,,,,,,,MODERNIZAÇÃO DE SISTEMA DE INFORMAÇÃO-MODERNIZAÇÃO TECNOLÓGICA BRB-DISTRITO FEDERAL,,
BRB,BRB,BRB-OUTRO,dotação da LOA,loa_dotacao,nome_subtitulo,,,,,,,,,"MANUTENÇÃO DE SERVIÇOS ADMINISTRATIVOS GERAIS-BRB CRÉDITO, FINANCIAMENTO E INVESTIMENTO S/A-DISTRITO FEDERAL",,
BRB,BRB,BRB-OUTRO,dotação da LOA,loa_dotacao,nome_subtitulo,,,,,,,,,"GESTÃO DA INFORMAÇÃO E DOS SISTEMAS DE TECNOLOGIA DA INFORMAÇÃO-BRB CRÉDITO, FINANCIAMENTO E INVESTIMENTO S/A-DISTRITO FEDERAL",,
BRB,BRB,BRB-OUTRO,dotação da LOA,loa_dotacao,nome_subtitulo,,,,,,,,,"PUBLICIDADE E PROPAGANDA-BRB CRÉDITO, FINANCIAMENTO E INVESTIMENTO S/A-DISTRITO FEDERAL",,
BRB,BRB,BRB-OUTRO,dotação da LOA,loa_dotacao,nome_subtitulo,,,,,,,,,MANUTENÇÃO DE SERVIÇOS ADMINISTRATIVOS GERAIS-BRB DISTRIBUIDORA DE TÍTULOS E VALORES MOBILIÁRIOS-DISTRITO FEDERAL,,
BRB,BRB,BRB-OUTRO,dotação da LOA,loa_dotacao,nome_subtitulo,,,,,,,,,GESTÃO DA INFORMAÇÃO E DOS SISTEMAS DE TECNOLOGIA DA INFORMAÇÃO-BRB DISTRIBUIDORA DE TÍTULOS E VALORES MOBILIÁRIOS S/A.-DISTRITO FEDERAL,,
BRB,BRB,BRB-OUTRO,dotação da LOA,loa_dotacao,nome_subtitulo,,,,,,,,,PUBLICIDADE E PROPAGANDA-BRB DISTRIBUIDORA DE TÍTULOS E VALORES MOBILIÁRIOS-DISTRITO FEDERAL,,
BRB,BRB,BRB-OUTRO,dotação da LOA,loa_dotacao,nome_subtitulo,,,,,,,,,"RESSARCIMENTOS, INDENIZAÇÕES E RESTITUIÇÕES-BRB DISTRIBUIDORA DE TÍTULOS E VALORES MOBILIÁRIOS-DISTRITO FEDERAL",,
BRB,BRB,BRB-OUTRO,dotação da LOA,loa_dotacao,nome_subtitulo,,,,,,,,,PUBLICIDADE E PROPAGANDA-BRB DISTRIBUIDORA DE TÍTULOS E VALORES MOBILIÁRIOS-DISTRITO FEDERAL,,
BRB,BRB,BRB-OUTRO,dotação da LOA,loa_dotacao,nome_subtitulo,,,,,,,,,MANUTENÇÃO DE SERVIÇOS ADMINISTRATIVOS GERAIS-BRB DISTRIBUIDORA DE TÍTULOS E VALORES MOBILIÁRIOS-DISTRITO FEDERAL,,
BRB,BRB,BRB-OUTRO,dotação da LOA,loa_dotacao,nome_subtitulo,,,,,,,,,GESTÃO DA INFORMAÇÃO E DOS SISTEMAS DE TECNOLOGIA DA INFORMAÇÃO-BRB DISTRIBUIDORA DE TÍTULOS E VALORES MOBILIÁRIOS S/A.-DISTRITO FEDERAL,,
BRB,BRB,BRB-OUTRO,dotação da LOA,loa_dotacao,nome_subtitulo,,,,,,,,,MODERNIZAÇÃO DE SISTEMA DE INFORMAÇÃO-MODERNIZAÇÃO TECNOLÓGICA BRB-DISTRITO FEDERAL,,
BRB,BRB,BRB-OUTRO,dotação da LOA,loa_dotacao,nome_subtitulo,,,,,,,,,"RESSARCIMENTOS, INDENIZAÇÕES E RESTITUIÇÕES-BRB CRÉDITO, INVESTIMENTO E FINANCIAMENTO S/A-DISTRITO FEDERAL",,
BRB,BRB,BRB-OUTRO,dotação da LOA,loa_dotacao,nome_subtitulo,,,,,,,,,"GESTÃO DA INFORMAÇÃO E DOS SISTEMAS DE TECNOLOGIA DA INFORMAÇÃO-BRB CRÉDITO, FINANCIAMENTO E INVESTIMENTO S/A-DISTRITO FEDERAL",,
BRB,BRB,BRB-OUTRO,dotação da LOA,loa_dotacao,nome_subtitulo,,,,,,,,,"MANUTENÇÃO DE SERVIÇOS ADMINISTRATIVOS GERAIS-BRB CRÉDITO, FINANCIAMENTO E INVESTIMENTO S/A-DISTRITO FEDERAL",,
BRB,BRB,BRB-OUTRO,dotação da LOA,loa_dotacao,nome_subtitulo,,,,,,,,,"PUBLICIDADE E PROPAGANDA-BRB CRÉDITO, FINANCIAMENTO E INVESTIMENTO S/A-DISTRITO FEDERAL",,
BRB,BRB,BRB-OUTRO,dotação da LOA,loa_dotacao,nome_subtitulo,,,,,,,,,MODERNIZAÇÃO DE SISTEMA DE INFORMAÇÃO-MODERNIZAÇÃO TECNOLÓGICA BRB-DISTRITO FEDERAL,,
BRB,BRB,BRB-OUTRO,dotação da LOA,loa_dotacao,nome_subtitulo,,,,,,,,,"RESSARCIMENTOS, INDENIZAÇÕES E RESTITUIÇÕES-BRB CRÉDITO, INVESTIMENTO E FINANCIAMENTO S/A-DISTRITO FEDERAL",,
BRB,BRB,BRB-OUTRO,dotação da LOA,loa_dotacao,nome_subtitulo,,,,,,,,,"GESTÃO DA INFORMAÇÃO E DOS SISTEMAS DE TECNOLOGIA DA INFORMAÇÃO-BRB CRÉDITO, FINANCIAMENTO E INVESTIMENTO S/A-DISTRITO FEDERAL",,
BRB,BRB,BRB-OUTRO,dotação da LOA,loa_dotacao,nome_subtitulo,,,,,,,,,"MANUTENÇÃO DE SERVIÇOS ADMINISTRATIVOS GERAIS-BRB CRÉDITO, FINANCIAMENTO E INVESTIMENTO S/A-DISTRITO FEDERAL",,
BRB,BRB,BRB-OUTRO,dotação da LOA,loa_dotacao,nome_subtitulo,,,,,,,,,"PUBLICIDADE E PROPAGANDA-BRB CRÉDITO, FINANCIAMENTO E INVESTIMENTO S/A-DISTRITO FEDERAL",,
BRB,BRB,BRB-OUTRO,dotação da LOA,loa_dotacao,nome_subtitulo,,,,,,,,,"RESSARCIMENTOS, INDENIZAÇÕES E RESTITUIÇÕES-BRB DISTRIBUIDORA DE TÍTULOS E VALORES MOBILIÁRIOS-DISTRITO FEDERAL",,
BRB,BRB,BRB-OUTRO,dotação da LOA,loa_dotacao,nome_subtitulo,,,,,,,,,MANUTENÇÃO DE SERVIÇOS ADMINISTRATIVOS GERAIS-BRB DISTRIBUIDORA DE TÍTULOS E VALORES MOBILIÁRIOS-DISTRITO FEDERAL,,
BRB,BRB,BRB-OUTRO,dotação da LOA,loa_dotacao,nome_subtitulo,,,,,,,,,GESTÃO DA INFORMAÇÃO E DOS SISTEMAS DE TECNOLOGIA DA INFORMAÇÃO-BRB DISTRIBUIDORA DE TÍTULOS E VALORES MOBILIÁRIOS S/A.-DISTRITO FEDERAL,,
BRB,BRB,BRB-OUTRO,dotação da LOA,loa_dotacao,nome_subtitulo,,,,,,,,,PUBLICIDADE E PROPAGANDA-BRB DISTRIBUIDORA DE TÍTULOS E VALORES MOBILIÁRIOS-DISTRITO FEDERAL,,
BRB,BRB,BRB-OUTRO,dotação da LOA,loa_dotacao,nome_subtitulo,,,,,,,,,"RESSARCIMENTOS, INDENIZAÇÕES E RESTITUIÇÕES-BRB CRÉDITO, INVESTIMENTO E FINANCIAMENTO S/A-DISTRITO FEDERAL",,
BRB,BRB,BRB-OUTRO,dotação da LOA,loa_dotacao,nome_subtitulo,,,,,,,,,"MANUTENÇÃO DE SERVIÇOS ADMINISTRATIVOS GERAIS-BRB CRÉDITO, FINANCIAMENTO E INVESTIMENTO S/A-DISTRITO FEDERAL",,
BRB,BRB,BRB-OUTRO,dotação da LOA,loa_dotacao,nome_subtitulo,,,,,,,,,"GESTÃO DA INFORMAÇÃO E DOS SISTEMAS DE TECNOLOGIA DA INFORMAÇÃO-BRB CRÉDITO, FINANCIAMENTO E INVESTIMENTO S/A-DISTRITO FEDERAL",,
BRB,BRB,BRB-OUTRO,dotação da LOA,loa_dotacao,nome_subtitulo,,,,,,,,,"PUBLICIDADE E PROPAGANDA-BRB CRÉDITO, FINANCIAMENTO E INVESTIMENTO S/A-DISTRITO FEDERAL",,
BRB,BRB,BRB-OUTRO,dotação da LOA,loa_dotacao,nome_subtitulo,,,,,,,,,MODERNIZAÇÃO DE SISTEMA DE INFORMAÇÃO-MODERNIZAÇÃO TECNOLÓGICA BRB-DISTRITO FEDERAL,,
BRB,BRB,BRB-OUTRO,dotação da LOA,loa_dotacao,nome_subtitulo,,,,,,,,,MODERNIZAÇÃO DE SISTEMA DE INFORMAÇÃO-MODERNIZAÇÃO TECNOLÓGICA BRB-DISTRITO FEDERAL,,
BRB,BRB,BRB-OUTRO,dotação da LOA,loa_dotacao,nome_subtitulo,,,,,,,,,"RESSARCIMENTOS, INDENIZAÇÕES E RESTITUIÇÕES-BRB CRÉDITO, INVESTIMENTO E FINANCIAMENTO S/A-DISTRITO FEDERAL",,
BRB,BRB,BRB-OUTRO,dotação da LOA,loa_dotacao,nome_subtitulo,,,,,,,,,"GESTÃO DA INFORMAÇÃO E DOS SISTEMAS DE TECNOLOGIA DA INFORMAÇÃO-BRB CRÉDITO, FINANCIAMENTO E INVESTIMENTO S/A-DISTRITO FEDERAL",,
BRB,BRB,BRB-OUTRO,dotação da LOA,loa_dotacao,nome_subtitulo,,,,,,,,,"MANUTENÇÃO DE SERVIÇOS ADMINISTRATIVOS GERAIS-BRB CRÉDITO, FINANCIAMENTO E INVESTIMENTO S/A-DISTRITO FEDERAL",,
BRB,BRB,BRB-OUTRO,dotação da LOA,loa_dotacao,nome_subtitulo,,,,,,,,,"PUBLICIDADE E PROPAGANDA-BRB CRÉDITO, FINANCIAMENTO E INVESTIMENTO S/A-DISTRITO FEDERAL",,
BRB,BRB,BRB-OUTRO,dotação da LOA,loa_dotacao,nome_subtitulo,,,,,,,,,"PUBLICIDADE E PROPAGANDA-BRB CRÉDITO, FINANCIAMENTO E INVESTIMENTO S/A-DISTRITO FEDERAL",,
BRB,BRB,BRB-OUTRO,dotação da LOA,loa_dotacao,nome_subtitulo,,,,,,,,,MODERNIZAÇÃO DE SISTEMA DE INFORMAÇÃO-MODERNIZAÇÃO TECNOLÓGICA BRB-DISTRITO FEDERAL,,
BRB,BRB,BRB-OUTRO,dotação da LOA,loa_dotacao,nome_subtitulo,,,,,,,,,"RESSARCIMENTOS, INDENIZAÇÕES E RESTITUIÇÕES-BRB CRÉDITO, INVESTIMENTO E FINANCIAMENTO S/A-DISTRITO FEDERAL",,
BRB,BRB,BRB-OUTRO,dotação da LOA,loa_dotacao,nome_subtitulo,,,,,,,,,"GESTÃO DA INFORMAÇÃO E DOS SISTEMAS DE TECNOLOGIA DA INFORMAÇÃO-BRB CRÉDITO, FINANCIAMENTO E INVESTIMENTO S/A-DISTRITO FEDERAL",,
BRB,BRB,BRB-OUTRO,dotação da LOA,loa_dotacao,nome_subtitulo,,,,,,,,,"MANUTENÇÃO DE SERVIÇOS ADMINISTRATIVOS GERAIS-BRB CRÉDITO, FINANCIAMENTO E INVESTIMENTO S/A-DISTRITO FEDERAL",,
BRB,BRB,BRB-OUTRO,dotação da LOA,loa_dotacao,nome_subtitulo,,,,,,,,,MODERNIZAÇÃO DE SISTEMA DE INFORMAÇÃO-MODERNIZAÇÃO TECNOLÓGICA BRB-DISTRITO FEDERAL,,
BRB,BRB,BRB-OUTRO,dotação da LOA,loa_dotacao,nome_subtitulo,,,,,,,,,"RESSARCIMENTOS, INDENIZAÇÕES E RESTITUIÇÕES-BRB CRÉDITO, INVESTIMENTO E FINANCIAMENTO S/A-DISTRITO FEDERAL",,
BRB,BRB,BRB-OUTRO,dotação da LOA,loa_dotacao,nome_subtitulo,,,,,,,,,"GESTÃO DA INFORMAÇÃO E DOS SISTEMAS DE TECNOLOGIA DA INFORMAÇÃO-BRB CRÉDITO, FINANCIAMENTO E INVESTIMENTO S/A-DISTRITO FEDERAL",,
BRB,BRB,BRB-OUTRO,dotação da LOA,loa_dotacao,nome_subtitulo,,,,,,,,,"MANUTENÇÃO DE SERVIÇOS ADMINISTRATIVOS GERAIS-BRB CRÉDITO, FINANCIAMENTO E INVESTIMENTO S/A-DISTRITO FEDERAL",,
BRB,BRB,BRB-OUTRO,dotação da LOA,loa_dotacao,nome_subtitulo,,,,,,,,,"PUBLICIDADE E PROPAGANDA-BRB CRÉDITO, FINANCIAMENTO E INVESTIMENTO S/A-DISTRITO FEDERAL",,
BRB,BRB,BRB-OUTRO,dotação da LOA,loa_dotacao,nome_subtitulo,,,,,,,,,"MANUTENÇÃO DE SERVIÇOS ADMINISTRATIVOS GERAIS-BRB CRÉDITO, FINANCIAMENTO E INVESTIMENTO S/A-DISTRITO FEDERAL",,
BRB,BRB,BRB-OUTRO,dotação da LOA,loa_dotacao,nome_subtitulo,,,,,,,,,"GESTÃO DA INFORMAÇÃO E DOS SISTEMAS DE TECNOLOGIA DA INFORMAÇÃO-BRB CRÉDITO, FINANCIAMENTO E INVESTIMENTO S/A-DISTRITO FEDERAL",,
BRB,BRB,BRB-OUTRO,dotação da LOA,loa_dotacao,nome_subtitulo,,,,,,,,,"RESSARCIMENTOS, INDENIZAÇÕES E RESTITUIÇÕES-BRB CRÉDITO, INVESTIMENTO E FINANCIAMENTO S/A-DISTRITO FEDERAL",,
BRB,BRB,BRB-OUTRO,dotação da LOA,loa_dotacao,nome_subtitulo,,,,,,,,,"PUBLICIDADE E PROPAGANDA-BRB CRÉDITO, FINANCIAMENTO E INVESTIMENTO S/A-DISTRITO FEDERAL",,
BRB,BRB,BRB-OUTRO,dotação da LOA,loa_dotacao,nome_subtitulo,,,,,,,,,MODERNIZAÇÃO DE SISTEMA DE INFORMAÇÃO-MODERNIZAÇÃO TECNOLÓGICA BRB-DISTRITO FEDERAL,,
BRB,BRB,BRB-OUTRO,dotação da LOA,loa_dotacao,nome_subtitulo,,,,,,,,,MODERNIZAÇÃO DE SISTEMA DE INFORMAÇÃO-MODERNIZAÇÃO TECNOLÓGICA BRB-DISTRITO FEDERAL,,
BRB,BRB,BRB-OUTRO,dotação da LOA,loa_dotacao,nome_subtitulo,,,,,,,,,"RESSARCIMENTOS, INDENIZAÇÕES E RESTITUIÇÕES-BRB CRÉDITO, INVESTIMENTO E FINANCIAMENTO S/A-DISTRITO FEDERAL",,
BRB,BRB,BRB-OUTRO,dotação da LOA,loa_dotacao,nome_subtitulo,,,,,,,,,"GESTÃO DA INFORMAÇÃO E DOS SISTEMAS DE TECNOLOGIA DA INFORMAÇÃO-BRB CRÉDITO, FINANCIAMENTO E INVESTIMENTO S/A-DISTRITO FEDERAL",,
BRB,BRB,BRB-OUTRO,dotação da LOA,loa_dotacao,nome_subtitulo,,,,,,,,,"MANUTENÇÃO DE SERVIÇOS ADMINISTRATIVOS GERAIS-BRB CRÉDITO, FINANCIAMENTO E INVESTIMENTO S/A-DISTRITO FEDERAL",,
BRB,BRB,BRB-OUTRO,dotação da LOA,loa_dotacao,nome_subtitulo,,,,,,,,,"PUBLICIDADE E PROPAGANDA-BRB CRÉDITO, FINANCIAMENTO E INVESTIMENTO S/A-DISTRITO FEDERAL",,
BRB,BRB,BRB-OUTRO,dotação da LOA,loa_dotacao,nome_subtitulo,,,,,,,,,MODERNIZAÇÃO DE SISTEMA DE INFORMAÇÃO-MODERNIZAÇÃO TECNOLÓGICA BRB-DISTRITO FEDERAL,,
BRB,BRB,BRB-OUTRO,dotação da LOA,loa_dotacao,nome_subtitulo,,,,,,,,,"RESSARCIMENTOS, INDENIZAÇÕES E RESTITUIÇÕES-BRB CRÉDITO, INVESTIMENTO E FINANCIAMENTO S/A-DISTRITO FEDERAL",,
BRB,BRB,BRB-OUTRO,dotação da LOA,loa_dotacao,nome_subtitulo,,,,,,,,,"GESTÃO DA INFORMAÇÃO E DOS SISTEMAS DE TECNOLOGIA DA INFORMAÇÃO-BRB CRÉDITO, FINANCIAMENTO E INVESTIMENTO S/A-DISTRITO FEDERAL",,
BRB,BRB,BRB-OUTRO,dotação da LOA,loa_dotacao,nome_subtitulo,,,,,,,,,"MANUTENÇÃO DE SERVIÇOS ADMINISTRATIVOS GERAIS-BRB CRÉDITO, FINANCIAMENTO E INVESTIMENTO S/A-DISTRITO FEDERAL",,
BRB,BRB,BRB-OUTRO,dotação da LOA,loa_dotacao,nome_subtitulo,,,,,,,,,"PUBLICIDADE E PROPAGANDA-BRB CRÉDITO, FINANCIAMENTO E INVESTIMENTO S/A-DISTRITO FEDERAL",,
BRB,BRB,BRB-OUTRO,dotação da LOA,loa_dotacao,nome_subtitulo,,,,,,,,,MODERNIZAÇÃO DE SISTEMA DE INFORMAÇÃO-MODERNIZAÇÃO TECNOLÓGICA BRB-DISTRITO FEDERAL,,
BRB,BRB,BRB-OUTRO,dotação da LOA,loa_dotacao,nome_subtitulo,,,,,,,,,"RESSARCIMENTOS, INDENIZAÇÕES E RESTITUIÇÕES-BRB CRÉDITO, INVESTIMENTO E FINANCIAMENTO S/A-DISTRITO FEDERAL",,
BRB,BRB,BRB-OUTRO,dotação da LOA,loa_dotacao,nome_subtitulo,,,,,,,,,"GESTÃO DA INFORMAÇÃO E DOS SISTEMAS DE TECNOLOGIA DA INFORMAÇÃO-BRB CRÉDITO, FINANCIAMENTO E INVESTIMENTO S/A-DISTRITO FEDERAL",,
BRB,BRB,BRB-OUTRO,dotação da LOA,loa_dotacao,nome_subtitulo,,,,,,,,,"MANUTENÇÃO DE SERVIÇOS ADMINISTRATIVOS GERAIS-BRB CRÉDITO, FINANCIAMENTO E INVESTIMENTO S/A-DISTRITO FEDERAL",,
BRB,BRB,BRB-OUTRO,dotação da LOA,loa_dotacao,nome_subtitulo,,,,,,,,,"PUBLICIDADE E PROPAGANDA-BRB CRÉDITO, FINANCIAMENTO E INVESTIMENTO S/A-DISTRITO FEDERAL",,
BRB,BRB,BRB-OUTRO,dotação da LOA,loa_dotacao,nome_subtitulo,,,,,,,,,MODERNIZAÇÃO DE SISTEMA DE INFORMAÇÃO-MODERNIZAÇÃO TECNOLÓGICA BRB-DISTRITO FEDERAL,,
BRB,BRB,BRB-OUTRO,dotação da LOA,loa_dotacao,nome_subtitulo,,,,,,,,,"RESSARCIMENTOS, INDENIZAÇÕES E RESTITUIÇÕES-BRB CRÉDITO, INVESTIMENTO E FINANCIAMENTO S/A-DISTRITO FEDERAL",,
BRB,BRB,BRB-OUTRO,dotação da LOA,loa_dotacao,nome_subtitulo,,,,,,,,,"GESTÃO DA INFORMAÇÃO E DOS SISTEMAS DE TECNOLOGIA DA INFORMAÇÃO-BRB CRÉDITO, FINANCIAMENTO E INVESTIMENTO S/A-DISTRITO FEDERAL",,
BRB,BRB,BRB-OUTRO,dotação da LOA,loa_dotacao,nome_subtitulo,,,,,,,,,"MANUTENÇÃO DE SERVIÇOS ADMINISTRATIVOS GERAIS-BRB CRÉDITO, FINANCIAMENTO E INVESTIMENTO S/A-DISTRITO FEDERAL",,
BRB,BRB,BRB-OUTRO,dotação da LOA,loa_dotacao,nome_subtitulo,,,,,,,,,"PUBLICIDADE E PROPAGANDA-BRB CRÉDITO, FINANCIAMENTO E INVESTIMENTO S/A-DISTRITO FEDERAL",,
BRB,BRB,BRB-OUTRO,dotação da LOA,loa_dotacao,nome_subtitulo,,,,,,,,,MODERNIZAÇÃO DE SISTEMA DE INFORMAÇÃO-MODERNIZAÇÃO TECNOLÓGICA BRB-DISTRITO FEDERAL,,
BRB,BRB,BRB-OUTRO,dotação da LOA,loa_dotacao,nome_subtitulo,,,,,,,,,"RESSARCIMENTOS, INDENIZAÇÕES E RESTITUIÇÕES-BRB CRÉDITO, INVESTIMENTO E FINANCIAMENTO S/A-DISTRITO FEDERAL",,
BRB,BRB,BRB-OUTRO,dotação da LOA,loa_dotacao,nome_subtitulo,,,,,,,,,"GESTÃO DA INFORMAÇÃO E DOS SISTEMAS DE TECNOLOGIA DA INFORMAÇÃO-BRB CRÉDITO, FINANCIAMENTO E INVESTIMENTO S/A-DISTRITO FEDERAL",,
BRB,BRB,BRB-OUTRO,dotação da LOA,loa_dotacao,nome_subtitulo,,,,,,,,,"MANUTENÇÃO DE SERVIÇOS ADMINISTRATIVOS GERAIS-BRB CRÉDITO, FINANCIAMENTO E INVESTIMENTO S/A-DISTRITO FEDERAL",,
BRB,BRB,BRB-OUTRO,dotação da LOA,loa_dotacao,nome_subtitulo,,,,,,,,,"PUBLICIDADE E PROPAGANDA-BRB CRÉDITO, FINANCIAMENTO E INVESTIMENTO S/A-DISTRITO FEDERAL",,
BRB,BRB,BRB-OUTRO,dotação da LOA,loa_dotacao,nome_subtitulo,,,,,,,,,MODERNIZAÇÃO DE SISTEMA DE INFORMAÇÃO - MODERNIZAÇÃO TECNOLÓGICA BRB - DISTRITO FEDERAL,,
BRB,BRB,BRB-OUTRO,dotação da LOA,loa_dotacao,nome_subtitulo,,,,,,,,,"RESSARCIMENTOS, INDENIZAÇÕES E RESTITUIÇÕES-BRB CRÉDITO, INVESTIMENTO E FINANCIAMENTO S/A-DISTRITO FEDERAL",,
BRB,BRB,BRB-OUTRO,dotação da LOA,loa_dotacao,nome_subtitulo,,,,,,,,,"MANUTENÇÃO DE SERVIÇOS ADMINISTRATIVOS GERAIS-BRB CRÉDITO, FINANCIAMENTO E INVESTIMENTO S/A-DISTRITO FEDERAL",,
BRB,BRB,BRB-OUTRO,dotação da LOA,loa_dotacao,nome_subtitulo,,,,,,,,,"PUBLICIDADE E PROPAGANDA-BRB CRÉDITO, FINANCIAMENTO E INVESTIMENTO S/A-DISTRITO FEDERAL",,
Master,MASTER,FORA,dotação da LOA,loa_dotacao,nome_subtitulo,,,,,,,,,PROGRAMA TRABALHADOR MASTER,,
BRB,BRB,BRB-OUTRO,proposição (ementa/payload),proposicao,ementa,IND 8320/2022,7114,,,,,2022-03-15,"Sugere ao Poder Executivo, por intermédio do Banco de Brasília – BRB, a criação de uma linha de crédito especial para taxistas. ","Sugere ao Poder Executivo, por intermédio do Banco de Brasília – BRB, a criação de uma linha de crédito especial para taxistas.",https://ple.cl.df.gov.br/pleservico/api/public/proposicao/7114/documento/ativas,data/raw/documento-ativas/f3e6fec4eae93641.json
BRB,BRB,BRB-OUTRO,proposição (ementa/payload),proposicao,payload,IND 8320/2022,7114,,,,,2022-03-15,"Sugere ao Poder Executivo, por intermédio do Banco de Brasília – BRB, a criação de uma linha de crédito especial para taxistas. ","{""ano"": null, ""autores"": null, ""autoria"": ""Deputado Agaciel Maia"", ""dataAcesso"": null, ""dataLeitura"": ""2022-03-15"", ""dataLimite"": null, ""descricaoProposicao"": ""8320/2022 - Indicação"", ""ementa"": ""Sugere ao Poder Executivo, por intermédio do Banco de Brasília – BRB, a criação de uma linha de crédito especial para taxistas.\n"", ""etapa"": ""Apresentação"", ""habilitadoOnline"": null, ""id"": 7114, ""idAutoria"": null, ""idRelator"": null, ""idTipoProposicao"": null, ""idUnidade"": null, ""idUsuarioAtribuido"": null, ""idUsuarioDisponibi",https://ple.cl.df.gov.br/pleservico/api/public/proposicao/7114/documento/ativas,data/raw/documento-ativas/f3e6fec4eae93641.json
BRB,BRB,BRB-OUTRO,proposição (ementa/payload),proposicao,ementa,REQ 3364/2022,8486,,,,,2022-06-01,Requer a Transformação da Sessão Ordinária do dia 04 de agosto de 2022 em Comissão Geral para debater a situação dos servidores superendividados do Branco de Brasília - BRB.,Requer a Transformação da Sessão Ordinária do dia 04 de agosto de 2022 em Comissão Geral para debater a situação dos servidores superendividados do Branco de Brasília - BRB.,https://ple.cl.df.gov.br/pleservico/api/public/proposicao/8486/documento/ativas,data/raw/documento-ativas/908e57344c0bea6b.json
BRB,BRB,BRB-OUTRO,proposição (ementa/payload),proposicao,payload,REQ 3364/2022,8486,,,,,2022-06-01,Requer a Transformação da Sessão Ordinária do dia 04 de agosto de 2022 em Comissão Geral para debater a situação dos servidores superendividados do Branco de Brasília - BRB.,"-06-01"", ""dataLimite"": null, ""descricaoProposicao"": ""3364/2022 - Requerimento"", ""ementa"": ""Requer a Transformação da Sessão Ordinária do dia 04 de agosto de 2022 em Comissão Geral para debater a situação dos servidores superendividados do Branco de Brasília - BRB."", ""etapa"": ""Apresentação"", ""habilitadoOnline"": null, ""id"": 8486, ""idAutoria"": null, ""idRelator"": null, ""idTipoProposicao"": null, ""idUnidade"": null, ""idUsuarioAtribuido"": null, ""idUsuarioDisponibilizado"": null, ""idsMarcadores"": [], ""parecer"": null, ""pesqui",https://ple.cl.df.gov.br/pleservico/api/public/proposicao/8486/documento/ativas,data/raw/documento-ativas/908e57344c0bea6b.json
BRB,BRB,BRB-OUTRO,proposição (ementa/payload),proposicao,ementa,REQ 3432/2022,8776,,,,,2022-06-29,"Requer a realização de Audiência Pública para debater sobre a gestão do Banco de Brasília - BRB, bem como  a sua expansão para outros Estados, no dia 24 de agosto de 2022.","Requer a realização de Audiência Pública para debater sobre a gestão do Banco de Brasília - BRB, bem como a sua expansão para outros Estados, no dia 24 de agosto de 2022.",https://ple.cl.df.gov.br/pleservico/api/public/proposicao/8776/documento/ativas,data/raw/documento-ativas/21394e8c2ff94fd1.json
BRB,BRB,BRB-OUTRO,proposição (ementa/payload),proposicao,payload,REQ 3432/2022,8776,,,,,2022-06-29,"Requer a realização de Audiência Pública para debater sobre a gestão do Banco de Brasília - BRB, bem como  a sua expansão para outros Estados, no dia 24 de agosto de 2022.","Vigilante, Deputado Leandro Grass"", ""dataAcesso"": null, ""dataLeitura"": ""2022-06-29"", ""dataLimite"": null, ""descricaoProposicao"": ""3432/2022 - Requerimento"", ""ementa"": ""Requer a realização de Audiência Pública para debater sobre a gestão do Banco de Brasília - BRB, bem como a sua expansão para outros Estados, no dia 24 de agosto de 2022."", ""etapa"": ""Apresentação"", ""habilitadoOnline"": null, ""id"": 8776, ""idAutoria"": null, ""idRelator"": null, ""idTipoProposicao"": null, ""idUnidade"": null, ""idUsuarioAtribuido"": null, ""idUsu",https://ple.cl.df.gov.br/pleservico/api/public/proposicao/8776/documento/ativas,data/raw/documento-ativas/21394e8c2ff94fd1.json
BRB,BRB,BRB-OUTRO,proposição (ementa/payload),proposicao,ementa,IND 8756/2022,8843,,,,,2022-08-02,"Sugere ao Poder Executivo, por intermédio do Banco de Brasília (BRB), que providencie a instalação de uma Conveniência, na Quadra 225 e 425, em Samambaia Norte.   ","Sugere ao Poder Executivo, por intermédio do Banco de Brasília (BRB), que providencie a instalação de uma Conveniência, na Quadra 225 e 425, em Samambaia Norte.",https://ple.cl.df.gov.br/pleservico/api/public/proposicao/8843/documento/ativas,data/raw/documento-ativas/e0c784e0acae74d6.json
BRB,BRB,BRB-OUTRO,proposição (ementa/payload),proposicao,payload,IND 8756/2022,8843,,,,,2022-08-02,"Sugere ao Poder Executivo, por intermédio do Banco de Brasília (BRB), que providencie a instalação de uma Conveniência, na Quadra 225 e 425, em Samambaia Norte.   ","o"": null, ""autores"": null, ""autoria"": ""Deputado Robério Negreiros"", ""dataAcesso"": null, ""dataLeitura"": ""2022-08-02"", ""dataLimite"": null, ""descricaoProposicao"": ""8756/2022 - Indicação"", ""ementa"": ""Sugere ao Poder Executivo, por intermédio do Banco de Brasília (BRB), que providencie a instalação de uma Conveniência, na Quadra 225 e 425, em Samambaia Norte. "", ""etapa"": ""Apresentação"", ""habilitadoOnline"": null, ""id"": 8843, ""idAutoria"": null, ""idRelator"": null, ""idTipoProposicao"": null, ""idUnidade"": null, ""idUsuarioAtri",https://ple.cl.df.gov.br/pleservico/api/public/proposicao/8843/documento/ativas,data/raw/documento-ativas/e0c784e0acae74d6.json
BRB,BRB,BRB-OUTRO,proposição (ementa/payload),proposicao,ementa,PL 2943/2022,8844,,,,,2022-08-03,Determina o reajustamento anual  da Tabela de Remuneração paga aos proprietários das agências BRB Conveniência e dá outras providências.,Determina o reajustamento anual da Tabela de Remuneração paga aos proprietários das agências BRB Conveniência e dá outras providências.,https://ple.cl.df.gov.br/pleservico/api/public/proposicao/8844/documento/ativas,data/raw/documento-ativas/32206ed9452ac88d.json
BRB,BRB,BRB-OUTRO,proposição (ementa/payload),proposicao,payload,PL 2943/2022,8844,,,,,2022-08-03,Determina o reajustamento anual  da Tabela de Remuneração paga aos proprietários das agências BRB Conveniência e dá outras providências.,"""autoria"": ""Deputado Delmasso"", ""dataAcesso"": null, ""dataLeitura"": ""2022-08-03"", ""dataLimite"": null, ""descricaoProposicao"": ""2943/2022 - Projeto de Lei"", ""ementa"": ""Determina o reajustamento anual da Tabela de Remuneração paga aos proprietários das agências BRB Conveniência e dá outras providências."", ""etapa"": ""Apresentação, Disponibilizada(Parecer)"", ""habilitadoOnline"": null, ""id"": 8844, ""idAutoria"": null, ""idRelator"": null, ""idTipoProposicao"": null, ""idUnidade"": null, ""idUsuarioAtribuido"": null, ""idUsuarioDisponi",https://ple.cl.df.gov.br/pleservico/api/public/proposicao/8844/documento/ativas,data/raw/documento-ativas/32206ed9452ac88d.json
BRB,BRB,BRB-OUTRO,proposição (ementa/payload),proposicao,ementa,REQ 3443/2022,8928,,,,,2022-08-02,Requer informações ao Banco de Brasília (BRB) acerca de perdas operacionais em 2022.,Requer informações ao Banco de Brasília (BRB) acerca de perdas operacionais em 2022.,https://ple.cl.df.gov.br/pleservico/api/public/proposicao/8928/documento/ativas,data/raw/documento-ativas/ccaa0a08a72b4f97.json
BRB,BRB,BRB-OUTRO,proposição (ementa/payload),proposicao,payload,REQ 3443/2022,8928,,,,,2022-08-02,Requer informações ao Banco de Brasília (BRB) acerca de perdas operacionais em 2022.,"{""ano"": null, ""autores"": null, ""autoria"": ""Deputado Leandro Grass"", ""dataAcesso"": null, ""dataLeitura"": ""2022-08-02"", ""dataLimite"": null, ""descricaoProposicao"": ""3443/2022 - Requerimento"", ""ementa"": ""Requer informações ao Banco de Brasília (BRB) acerca de perdas operacionais em 2022."", ""etapa"": ""Apresentação"", ""habilitadoOnline"": null, ""id"": 8928, ""idAutoria"": null, ""idRelator"": null, ""idTipoProposicao"": null, ""idUnidade"": null, ""idUsuarioAtribuido"": null, ""idUsuarioDisponibilizado"": null, ""idsMarca",https://ple.cl.df.gov.br/pleservico/api/public/proposicao/8928/documento/ativas,data/raw/documento-ativas/ccaa0a08a72b4f97.json
BRB,BRB,BRB-OUTRO,proposição (ementa/payload),proposicao,ementa,IND 8915/2022,9406,,,,,2022-09-13,"Sugere ao Excelentíssimo Senhor Governador do Distrito Federal que interceda junto ao Senhor Presidente do Banco de Brasília - BRB - para que  seja providenciada a abertura de linha de crédito, junto à mencionada instituição financeira, visando o financiamento de maquinários e insumos necessários pa","Sugere ao Excelentíssimo Senhor Governador do Distrito Federal que interceda junto ao Senhor Presidente do Banco de Brasília - BRB - para que seja providenciada a abertura de linha de crédito, junto à mencionada instituição financeira, visando o financiamento de maquinários e insumos necessários para o exercício da profissão dos chaveiros (CBO 5231-15 e CNAE 9529-1/02), atuantes no D",https://ple.cl.df.gov.br/pleservico/api/public/proposicao/9406/documento/ativas,data/raw/documento-ativas/192516048e57ae90.json
BRB,BRB,BRB-OUTRO,proposição (ementa/payload),proposicao,payload,IND 8915/2022,9406,,,,,2022-09-13,"Sugere ao Excelentíssimo Senhor Governador do Distrito Federal que interceda junto ao Senhor Presidente do Banco de Brasília - BRB - para que  seja providenciada a abertura de linha de crédito, junto à mencionada instituição financeira, visando o financiamento de maquinários e insumos necessários pa","es"", ""dataAcesso"": null, ""dataLeitura"": ""2022-09-13"", ""dataLimite"": null, ""descricaoProposicao"": ""8915/2022 - Indicação"", ""ementa"": ""Sugere ao Excelentíssimo Senhor Governador do Distrito Federal que interceda junto ao Senhor Presidente do Banco de Brasília - BRB - para que seja providenciada a abertura de linha de crédito, junto à mencionada instituição financeira, visando o financiamento de maquinários e insumos necessários para o exercício da profissão dos chaveiros (CBO 5231-15 e CNAE 9529-1/02), atuantes no D",https://ple.cl.df.gov.br/pleservico/api/public/proposicao/9406/documento/ativas,data/raw/documento-ativas/192516048e57ae90.json
BRB,BRB,BRB-OUTRO,proposição (ementa/payload),proposicao,ementa,IND 9077/2022,9814,,,,,2022-11-22,"Sugere ao Poder Executivo que, por intermédio do Departamento de Transito do Distrito Federal – DETRAN/DF, promova a repintura das faixas no Setor de Industrias Gráficas, na altura do Banco BRB e Posto Petrobras, na Região Administrativa do Sudoeste/Octogonal – RA XXII. ","Sugere ao Poder Executivo que, por intermédio do Departamento de Transito do Distrito Federal – DETRAN/DF, promova a repintura das faixas no Setor de Industrias Gráficas, na altura do Banco BRB e Posto Petrobras, na Região Administrativa do Sudoeste/Octogonal – RA XXII.",https://ple.cl.df.gov.br/pleservico/api/public/proposicao/9814/documento/ativas,data/raw/documento-ativas/995f876c3bb9e4cc.json
BRB,BRB,BRB-OUTRO,proposição (ementa/payload),proposicao,payload,IND 9077/2022,9814,,,,,2022-11-22,"Sugere ao Poder Executivo que, por intermédio do Departamento de Transito do Distrito Federal – DETRAN/DF, promova a repintura das faixas no Setor de Industrias Gráficas, na altura do Banco BRB e Posto Petrobras, na Região Administrativa do Sudoeste/Octogonal – RA XXII. ","te"": null, ""descricaoProposicao"": ""9077/2022 - Indicação"", ""ementa"": ""Sugere ao Poder Executivo que, por intermédio do Departamento de Transito do Distrito Federal – DETRAN/DF, promova a repintura das faixas no Setor de Industrias Gráficas, na altura do Banco BRB e Posto Petrobras, na Região Administrativa do Sudoeste/Octogonal – RA XXII. "", ""etapa"": ""Apresentação"", ""habilitadoOnline"": null, ""id"": 9814, ""idAutoria"": null, ""idRelator"": null, ""idTipoProposicao"": null, ""idUnidade"": null, ""idUsuarioAtribuido"": null, ""i",https://ple.cl.df.gov.br/pleservico/api/public/proposicao/9814/documento/ativas,data/raw/documento-ativas/995f876c3bb9e4cc.json
BRB,BRB,BRB-OUTRO,proposição (ementa/payload),proposicao,ementa,PL 27/2023,10041,,,,,2023-02-01,"Dá nova denominação ao Complexo Esportivo de Brasília: Arena BRB Mané Garrincha, Arena BRB Nilson Nelson e Complexo Aquático Claudio Coutinho.","Dá nova denominação ao Complexo Esportivo de Brasília: Arena BRB Mané Garrincha, Arena BRB Nilson Nelson e Complexo Aquático Claudio Coutinho.",https://ple.cl.df.gov.br/pleservico/api/public/proposicao/10041/documento/ativas,data/raw/documento-ativas/d9d6923db1e2094d.json
BRB,BRB,BRB-OUTRO,proposição (ementa/payload),proposicao,payload,PL 27/2023,10041,,,,,2023-02-01,"Dá nova denominação ao Complexo Esportivo de Brasília: Arena BRB Mané Garrincha, Arena BRB Nilson Nelson e Complexo Aquático Claudio Coutinho.","ano"": null, ""autores"": null, ""autoria"": ""Deputado Chico Vigilante"", ""dataAcesso"": null, ""dataLeitura"": ""2023-02-01"", ""dataLimite"": null, ""descricaoProposicao"": ""27/2023 - Projeto de Lei"", ""ementa"": ""Dá nova denominação ao Complexo Esportivo de Brasília: Arena BRB Mané Garrincha, Arena BRB Nilson Nelson e Complexo Aquático Claudio Coutinho."", ""etapa"": ""Apresentação"", ""habilitadoOnline"": null, ""id"": 10041, ""idAutoria"": null, ""idRelator"": null, ""idTipoProposicao"": null, ""idUnidade"": null, ""idUsuarioAtribuido"": null, """,https://ple.cl.df.gov.br/pleservico/api/public/proposicao/10041/documento/ativas,data/raw/documento-ativas/d9d6923db1e2094d.json
BRB,BRB,BRB-OUTRO,proposição (ementa/payload),proposicao,ementa,REQ 155/2023,10590,,,,,2023-02-14,Requer a transformação da Sessão Ordinária do dia 23 de fevereiro de 2023 em Comissão Geral para debater o endividamento dos servidores públicos do Distrito Federal com o Banco de Brasília – BRB.,Requer a transformação da Sessão Ordinária do dia 23 de fevereiro de 2023 em Comissão Geral para debater o endividamento dos servidores públicos do Distrito Federal com o Banco de Brasília – BRB.,https://ple.cl.df.gov.br/pleservico/api/public/proposicao/10590/documento/ativas,data/raw/documento-ativas/07b9c504bbded42c.json
BRB,BRB,BRB-OUTRO,proposição (ementa/payload),proposicao,payload,REQ 155/2023,10590,,,,,2023-02-14,Requer a transformação da Sessão Ordinária do dia 23 de fevereiro de 2023 em Comissão Geral para debater o endividamento dos servidores públicos do Distrito Federal com o Banco de Brasília – BRB.,": null, ""descricaoProposicao"": ""155/2023 - Requerimento"", ""ementa"": ""Requer a transformação da Sessão Ordinária do dia 23 de fevereiro de 2023 em Comissão Geral para debater o endividamento dos servidores públicos do Distrito Federal com o Banco de Brasília – BRB."", ""etapa"": ""Apresentação"", ""habilitadoOnline"": null, ""id"": 10590, ""idAutoria"": null, ""idRelator"": null, ""idTipoProposicao"": null, ""idUnidade"": null, ""idUsuarioAtribuido"": null, ""idUsuarioDisponibilizado"": null, ""idsMarcadores"": [], ""parecer"": null, ""pesqu",https://ple.cl.df.gov.br/pleservico/api/public/proposicao/10590/documento/ativas,data/raw/documento-ativas/07b9c504bbded42c.json
BRB,BRB,BRB-OUTRO,proposição (ementa/payload),proposicao,ementa,IND 250/2023,10647,,,,,2023-02-23,"Sugere ao Poder Executivo que, por intermédio da Administração Regional de Ceilândia, e da Companhia Urbanizadora da Nova Capital – NOVACAP, promovam a construção de estacionamento em frente ao BRB na ADE do P Sul, Região Administrativa de Ceilândia – RA IX.","Sugere ao Poder Executivo que, por intermédio da Administração Regional de Ceilândia, e da Companhia Urbanizadora da Nova Capital – NOVACAP, promovam a construção de estacionamento em frente ao BRB na ADE do P Sul, Região Administrativa de Ceilândia – RA IX.",https://ple.cl.df.gov.br/pleservico/api/public/proposicao/10647/documento/ativas,data/raw/documento-ativas/1df0aff18973f1e0.json
BRB,BRB,BRB-OUTRO,proposição (ementa/payload),proposicao,payload,IND 250/2023,10647,,,,,2023-02-23,"Sugere ao Poder Executivo que, por intermédio da Administração Regional de Ceilândia, e da Companhia Urbanizadora da Nova Capital – NOVACAP, promovam a construção de estacionamento em frente ao BRB na ADE do P Sul, Região Administrativa de Ceilândia – RA IX.",": null, ""descricaoProposicao"": ""250/2023 - Indicação"", ""ementa"": ""Sugere ao Poder Executivo que, por intermédio da Administração Regional de Ceilândia, e da Companhia Urbanizadora da Nova Capital – NOVACAP, promovam a construção de estacionamento em frente ao BRB na ADE do P Sul, Região Administrativa de Ceilândia – RA IX."", ""etapa"": ""Apresentação"", ""habilitadoOnline"": null, ""id"": 10647, ""idAutoria"": null, ""idRelator"": null, ""idTipoProposicao"": null, ""idUnidade"": null, ""idUsuarioAtribuido"": null, ""idUsuarioDisponib",https://ple.cl.df.gov.br/pleservico/api/public/proposicao/10647/documento/ativas,data/raw/documento-ativas/1df0aff18973f1e0.json
BRB,BRB,BRB-OUTRO,proposição (ementa/payload),proposicao,ementa,IND 876/2023,11909,,,,,2023-03-29,"Sugere ao Poder Executivo, por intermédio do Banco de Brasília – BRB, a criação de uma linha de crédito especial para produtores rurais de micro, pequenas e médias propriedades situadas na Região Administrativa de Ceilândia – RA IX.","Sugere ao Poder Executivo, por intermédio do Banco de Brasília – BRB, a criação de uma linha de crédito especial para produtores rurais de micro, pequenas e médias propriedades situadas na Região Administrativa de Ceilândia – RA IX.",https://ple.cl.df.gov.br/pleservico/api/public/proposicao/11909/documento/ativas,data/raw/documento-ativas/3c0bcc21d7a18a9b.json
BRB,BRB,BRB-OUTRO,proposição (ementa/payload),proposicao,payload,IND 876/2023,11909,,,,,2023-03-29,"Sugere ao Poder Executivo, por intermédio do Banco de Brasília – BRB, a criação de uma linha de crédito especial para produtores rurais de micro, pequenas e médias propriedades situadas na Região Administrativa de Ceilândia – RA IX.","ano"": null, ""autores"": null, ""autoria"": ""Deputado Wellington Luiz"", ""dataAcesso"": null, ""dataLeitura"": ""2023-03-29"", ""dataLimite"": null, ""descricaoProposicao"": ""876/2023 - Indicação"", ""ementa"": ""Sugere ao Poder Executivo, por intermédio do Banco de Brasília – BRB, a criação de uma linha de crédito especial para produtores rurais de micro, pequenas e médias propriedades situadas na Região Administrativa de Ceilândia – RA IX."", ""etapa"": ""Apresentação"", ""habilitadoOnline"": null, ""id"": 11909, ""idAutoria"": null, ""idRela",https://ple.cl.df.gov.br/pleservico/api/public/proposicao/11909/documento/ativas,data/raw/documento-ativas/3c0bcc21d7a18a9b.json
BRB,BRB,BRB-OUTRO,proposição (ementa/payload),proposicao,ementa,IND 995/2023,12140,,,,,2023-04-11,"Sugere ao Poder Executivo, por intermédio do Banco de Brasília - BRB,  providências tendentes a concessão de linha de crédito destinada a pessoas com deficiência e ás entidades que trabalhem na sua promoção e na defesa de seu direitos.","Sugere ao Poder Executivo, por intermédio do Banco de Brasília - BRB, providências tendentes a concessão de linha de crédito destinada a pessoas com deficiência e ás entidades que trabalhem na sua promoção e na defesa de seu direitos.",https://ple.cl.df.gov.br/pleservico/api/public/proposicao/12140/documento/ativas,data/raw/documento-ativas/7e210c200f40fe91.json
BRB,BRB,BRB-OUTRO,proposição (ementa/payload),proposicao,payload,IND 995/2023,12140,,,,,2023-04-11,"Sugere ao Poder Executivo, por intermédio do Banco de Brasília - BRB,  providências tendentes a concessão de linha de crédito destinada a pessoas com deficiência e ás entidades que trabalhem na sua promoção e na defesa de seu direitos.","{""ano"": null, ""autores"": null, ""autoria"": ""Deputado Iolando"", ""dataAcesso"": null, ""dataLeitura"": ""2023-04-11"", ""dataLimite"": null, ""descricaoProposicao"": ""995/2023 - Indicação"", ""ementa"": ""Sugere ao Poder Executivo, por intermédio do Banco de Brasília - BRB, providências tendentes a concessão de linha de crédito destinada a pessoas com deficiência e ás entidades que trabalhem na sua promoção e na defesa de seu direitos."", ""etapa"": ""Apresentação"", ""habilitadoOnline"": null, ""id"": 12140, ""idAutoria"": null, ""idRela",https://ple.cl.df.gov.br/pleservico/api/public/proposicao/12140/documento/ativas,data/raw/documento-ativas/7e210c200f40fe91.json
BRB,BRB,BRB-OUTRO,proposição (ementa/payload),proposicao,ementa,IND 1147/2023,12475,,,,,2023-05-02,"Sugere ao Governador do Distrito Federal a elaboração de um termo de acordo técnico entre os órgãos de proteção e fiscalização do Distrito Federal (PMDF, CBMDF, DF LEGAL, AGEFIS, SAMU, VIGILANCIA SANITÀRIA, DETRAN), para que os mesmos atuem de forma integrada ao prestarem os serviços indispensáveis ","de proteção e fiscalização do Distrito Federal (PMDF, CBMDF, DF LEGAL, AGEFIS, SAMU, VIGILANCIA SANITÀRIA, DETRAN), para que os mesmos atuem de forma integrada ao prestarem os serviços indispensáveis de segurança e manutenção da ordem pública no ESPAÇO ARENA BRB MANÉ GARRINCHA.",https://ple.cl.df.gov.br/pleservico/api/public/proposicao/12475/documento/ativas,data/raw/documento-ativas/260b7132d63e4522.json
BRB,BRB,BRB-OUTRO,proposição (ementa/payload),proposicao,payload,IND 1147/2023,12475,,,,,2023-05-02,"Sugere ao Governador do Distrito Federal a elaboração de um termo de acordo técnico entre os órgãos de proteção e fiscalização do Distrito Federal (PMDF, CBMDF, DF LEGAL, AGEFIS, SAMU, VIGILANCIA SANITÀRIA, DETRAN), para que os mesmos atuem de forma integrada ao prestarem os serviços indispensáveis ","de proteção e fiscalização do Distrito Federal (PMDF, CBMDF, DF LEGAL, AGEFIS, SAMU, VIGILANCIA SANITÀRIA, DETRAN), para que os mesmos atuem de forma integrada ao prestarem os serviços indispensáveis de segurança e manutenção da ordem pública no ESPAÇO ARENA BRB MANÉ GARRINCHA."", ""etapa"": ""Apresentação"", ""habilitadoOnline"": null, ""id"": 12475, ""idAutoria"": null, ""idRelator"": null, ""idTipoProposicao"": null, ""idUnidade"": null, ""idUsuarioAtribuido"": null, ""idUsuarioDisponibilizado"": null, ""idsMarcadores"": [], ""parecer""",https://ple.cl.df.gov.br/pleservico/api/public/proposicao/12475/documento/ativas,data/raw/documento-ativas/260b7132d63e4522.json
BRB,BRB,BRB-OUTRO,proposição (ementa/payload),proposicao,ementa,REQ 545/2023,12756,,,,,2023-05-16,Requer ao Banco de Brasília (BRB) informações acerca do cumprimento da Lei 7.239/2023.,Requer ao Banco de Brasília (BRB) informações acerca do cumprimento da Lei 7.239/2023.,https://ple.cl.df.gov.br/pleservico/api/public/proposicao/12756/documento/ativas,data/raw/documento-ativas/87aaf27b657d4bb2.json
BRB,BRB,BRB-OUTRO,proposição (ementa/payload),proposicao,payload,REQ 545/2023,12756,,,,,2023-05-16,Requer ao Banco de Brasília (BRB) informações acerca do cumprimento da Lei 7.239/2023.,"no"": null, ""autores"": null, ""autoria"": ""Comissão de Fiscalização Governança Transparência Controle"", ""dataAcesso"": null, ""dataLeitura"": ""2023-05-16"", ""dataLimite"": null, ""descricaoProposicao"": ""545/2023 - Requerimento"", ""ementa"": ""Requer ao Banco de Brasília (BRB) informações acerca do cumprimento da Lei 7.239/2023."", ""etapa"": ""Apresentação"", ""habilitadoOnline"": null, ""id"": 12756, ""idAutoria"": null, ""idRelator"": null, ""idTipoProposicao"": null, ""idUnidade"": null, ""idUsuarioAtribuido"": null, ""idUsuarioDisponibilizado",https://ple.cl.df.gov.br/pleservico/api/public/proposicao/12756/documento/ativas,data/raw/documento-ativas/87aaf27b657d4bb2.json
BRB,BRB,BRB-OUTRO,proposição (ementa/payload),proposicao,ementa,IND 1516/2023,13136,,,,,2023-05-16,"Sugere ao Poder Executivo do Distrito Federal, por intermédio do Banco de Brasília – BRB, a instalação de Agência Bancária na Região Administrativa do Sol Nascente e Pôr do Sol - RA XXXII.","Sugere ao Poder Executivo do Distrito Federal, por intermédio do Banco de Brasília – BRB, a instalação de Agência Bancária na Região Administrativa do Sol Nascente e Pôr do Sol - RA XXXII.",https://ple.cl.df.gov.br/pleservico/api/public/proposicao/13136/documento/ativas,data/raw/documento-ativas/e1b0f5fc77fb3312.json
BRB,BRB,BRB-OUTRO,proposição (ementa/payload),proposicao,payload,IND 1516/2023,13136,,,,,2023-05-16,"Sugere ao Poder Executivo do Distrito Federal, por intermédio do Banco de Brasília – BRB, a instalação de Agência Bancária na Região Administrativa do Sol Nascente e Pôr do Sol - RA XXXII.",": null, ""autoria"": ""Deputado Eduardo Pedrosa"", ""dataAcesso"": null, ""dataLeitura"": ""2023-05-16"", ""dataLimite"": null, ""descricaoProposicao"": ""1516/2023 - Indicação"", ""ementa"": ""Sugere ao Poder Executivo do Distrito Federal, por intermédio do Banco de Brasília – BRB, a instalação de Agência Bancária na Região Administrativa do Sol Nascente e Pôr do Sol - RA XXXII."", ""etapa"": ""Apresentação"", ""habilitadoOnline"": null, ""id"": 13136, ""idAutoria"": null, ""idRelator"": null, ""idTipoProposicao"": null, ""idUnidade"": null, ""idUsua",https://ple.cl.df.gov.br/pleservico/api/public/proposicao/13136/documento/ativas,data/raw/documento-ativas/e1b0f5fc77fb3312.json
BRB,BRB,BRB-OUTRO,proposição (ementa/payload),proposicao,ementa,IND 1608/2023,13259,,,,,2023-05-23,"Sugere ao Governador do Distrito Federal que apresente à Câmara Legislativa do Distrito Federal Projeto de Lei Complementar que dispõe sobre a possibilidade de utilização, por servidores públicos distritais, dos créditos decorrentes da conversão de licença prêmio em pecúnia para pagamento de dívidas","a do Distrito Federal Projeto de Lei Complementar que dispõe sobre a possibilidade de utilização, por servidores públicos distritais, dos créditos decorrentes da conversão de licença prêmio em pecúnia para pagamento de dívidas junto ao Banco de Brasília S/A - BRB.",https://ple.cl.df.gov.br/pleservico/api/public/proposicao/13259/documento/ativas,data/raw/documento-ativas/4521c343ba22ae51.json
BRB,BRB,BRB-OUTRO,proposição (ementa/payload),proposicao,payload,IND 1608/2023,13259,,,,,2023-05-23,"Sugere ao Governador do Distrito Federal que apresente à Câmara Legislativa do Distrito Federal Projeto de Lei Complementar que dispõe sobre a possibilidade de utilização, por servidores públicos distritais, dos créditos decorrentes da conversão de licença prêmio em pecúnia para pagamento de dívidas","a do Distrito Federal Projeto de Lei Complementar que dispõe sobre a possibilidade de utilização, por servidores públicos distritais, dos créditos decorrentes da conversão de licença prêmio em pecúnia para pagamento de dívidas junto ao Banco de Brasília S/A - BRB."", ""etapa"": ""Apresentação"", ""habilitadoOnline"": null, ""id"": 13259, ""idAutoria"": null, ""idRelator"": null, ""idTipoProposicao"": null, ""idUnidade"": null, ""idUsuarioAtribuido"": null, ""idUsuarioDisponibilizado"": null, ""idsMarcadores"": [], ""parecer"": null, ""pesqu",https://ple.cl.df.gov.br/pleservico/api/public/proposicao/13259/documento/ativas,data/raw/documento-ativas/4521c343ba22ae51.json
BRB,BRB,BRB-OUTRO,proposição (ementa/payload),proposicao,ementa,IND 1740/2023,13561,,,,,2023-06-14,"Sugere ao Poder Executivo do Distrito Federal, por intermédio do Banco de Brasília – BRB, a instalação de Agência Bancária no Núcleo Rural Café sem Troco, Região Administrativa do Paranoá - RA VII.","Sugere ao Poder Executivo do Distrito Federal, por intermédio do Banco de Brasília – BRB, a instalação de Agência Bancária no Núcleo Rural Café sem Troco, Região Administrativa do Paranoá - RA VII.",https://ple.cl.df.gov.br/pleservico/api/public/proposicao/13561/documento/ativas,data/raw/documento-ativas/01168cd81c170da7.json
BRB,BRB,BRB-OUTRO,proposição (ementa/payload),proposicao,payload,IND 1740/2023,13561,,,,,2023-06-14,"Sugere ao Poder Executivo do Distrito Federal, por intermédio do Banco de Brasília – BRB, a instalação de Agência Bancária no Núcleo Rural Café sem Troco, Região Administrativa do Paranoá - RA VII.",": null, ""autoria"": ""Deputado Eduardo Pedrosa"", ""dataAcesso"": null, ""dataLeitura"": ""2023-06-14"", ""dataLimite"": null, ""descricaoProposicao"": ""1740/2023 - Indicação"", ""ementa"": ""Sugere ao Poder Executivo do Distrito Federal, por intermédio do Banco de Brasília – BRB, a instalação de Agência Bancária no Núcleo Rural Café sem Troco, Região Administrativa do Paranoá - RA VII."", ""etapa"": ""Apresentação"", ""habilitadoOnline"": null, ""id"": 13561, ""idAutoria"": null, ""idRelator"": null, ""idTipoProposicao"": null, ""idUnidade"": null",https://ple.cl.df.gov.br/pleservico/api/public/proposicao/13561/documento/ativas,data/raw/documento-ativas/01168cd81c170da7.json
BRB,BRB,BRB-OUTRO,proposição (ementa/payload),proposicao,ementa,IND 1730/2023,13671,,,,,2023-06-06,"Sugere ao Poder Executivo, por intermédio do Banco de Brasília - BRB, a instalação de uma agência do BRB na Região Administrativa do Riacho Fundo II - RA XXI.","Sugere ao Poder Executivo, por intermédio do Banco de Brasília - BRB, a instalação de uma agência do BRB na Região Administrativa do Riacho Fundo II - RA XXI.",https://ple.cl.df.gov.br/pleservico/api/public/proposicao/13671/documento/ativas,data/raw/documento-ativas/09cbf099f9e5b231.json
BRB,BRB,BRB-OUTRO,proposição (ementa/payload),proposicao,payload,IND 1730/2023,13671,,,,,2023-06-06,"Sugere ao Poder Executivo, por intermédio do Banco de Brasília - BRB, a instalação de uma agência do BRB na Região Administrativa do Riacho Fundo II - RA XXI.","no"": null, ""autores"": null, ""autoria"": ""Deputada Jaqueline Silva"", ""dataAcesso"": null, ""dataLeitura"": ""2023-06-06"", ""dataLimite"": null, ""descricaoProposicao"": ""1730/2023 - Indicação"", ""ementa"": ""Sugere ao Poder Executivo, por intermédio do Banco de Brasília - BRB, a instalação de uma agência do BRB na Região Administrativa do Riacho Fundo II - RA XXI."", ""etapa"": ""Apresentação"", ""habilitadoOnline"": null, ""id"": 13671, ""idAutoria"": null, ""idRelator"": null, ""idTipoProposicao"": null, ""idUnidade"": null, ""idUsuarioAtribui",https://ple.cl.df.gov.br/pleservico/api/public/proposicao/13671/documento/ativas,data/raw/documento-ativas/09cbf099f9e5b231.json
BRB,BRB,BRB-OUTRO,proposição (ementa/payload),proposicao,ementa,REQ 654/2023,14072,,,,,2023-06-20,Solicita informar a quantidade de servidores clientes do BRB endividados e com a renda comprometida.,Solicita informar a quantidade de servidores clientes do BRB endividados e com a renda comprometida.,https://ple.cl.df.gov.br/pleservico/api/public/proposicao/14072/documento/ativas,data/raw/documento-ativas/6276f42cbf51cd4e.json
BRB,BRB,BRB-OUTRO,proposição (ementa/payload),proposicao,payload,REQ 654/2023,14072,,,,,2023-06-20,Solicita informar a quantidade de servidores clientes do BRB endividados e com a renda comprometida.,"{""ano"": null, ""autores"": null, ""autoria"": ""Deputado Roosevelt Vilela"", ""dataAcesso"": null, ""dataLeitura"": ""2023-06-20"", ""dataLimite"": null, ""descricaoProposicao"": ""654/2023 - Requerimento"", ""ementa"": ""Solicita informar a quantidade de servidores clientes do BRB endividados e com a renda comprometida."", ""etapa"": ""Apresentação"", ""habilitadoOnline"": null, ""id"": 14072, ""idAutoria"": null, ""idRelator"": null, ""idTipoProposicao"": null, ""idUnidade"": null, ""idUsuarioAtribuido"": null, ""idUsuarioDisponibilizado"": null, ""idsMar",https://ple.cl.df.gov.br/pleservico/api/public/proposicao/14072/documento/ativas,data/raw/documento-ativas/6276f42cbf51cd4e.json
BRB,BRB,BRB-OUTRO,proposição (ementa/payload),proposicao,ementa,IND 2121/2023,14183,,,,,2023-08-01,"Sugere ao Excelentíssimo Senhor Governador do Distrito Federal, a criação de incentivos fiscais e de acesso à crédito junto ao Banco de Brasília-BRB às empresas que possuírem o Selo Empresa Boa Pagadora no Distrito Federal, conforme Lei Distrital n° 6.298/2019.","Sugere ao Excelentíssimo Senhor Governador do Distrito Federal, a criação de incentivos fiscais e de acesso à crédito junto ao Banco de Brasília-BRB às empresas que possuírem o Selo Empresa Boa Pagadora no Distrito Federal, conforme Lei Distrital n° 6.298/2019.",https://ple.cl.df.gov.br/pleservico/api/public/proposicao/14183/documento/ativas,data/raw/documento-ativas/a885fe0d294e2f7c.json
BRB,BRB,BRB-OUTRO,proposição (ementa/payload),proposicao,payload,IND 2121/2023,14183,,,,,2023-08-01,"Sugere ao Excelentíssimo Senhor Governador do Distrito Federal, a criação de incentivos fiscais e de acesso à crédito junto ao Banco de Brasília-BRB às empresas que possuírem o Selo Empresa Boa Pagadora no Distrito Federal, conforme Lei Distrital n° 6.298/2019.","null, ""dataLeitura"": ""2023-08-01"", ""dataLimite"": null, ""descricaoProposicao"": ""2121/2023 - Indicação"", ""ementa"": ""Sugere ao Excelentíssimo Senhor Governador do Distrito Federal, a criação de incentivos fiscais e de acesso à crédito junto ao Banco de Brasília-BRB às empresas que possuírem o Selo Empresa Boa Pagadora no Distrito Federal, conforme Lei Distrital n° 6.298/2019."", ""etapa"": ""Apresentação"", ""habilitadoOnline"": null, ""id"": 14183, ""idAutoria"": null, ""idRelator"": null, ""idTipoProposicao"": null, ""idUnidade"": n",https://ple.cl.df.gov.br/pleservico/api/public/proposicao/14183/documento/ativas,data/raw/documento-ativas/a885fe0d294e2f7c.json
BRB,BRB,BRB-OUTRO,proposição (ementa/payload),proposicao,ementa,REQ 726/2023,14555,,,,,2023-08-02,"Requer a retirada de tramitação do Projeto de Lei 1105/2020 que, Dispõe sobre medidas de mitigação dos efeitos do Covid-19 para clientes do Banco Regional de Brasília - BRB, e dá outras providências","Requer a retirada de tramitação do Projeto de Lei 1105/2020 que, Dispõe sobre medidas de mitigação dos efeitos do Covid-19 para clientes do Banco Regional de Brasília - BRB, e dá outras providências",https://ple.cl.df.gov.br/pleservico/api/public/proposicao/14555/documento/ativas,data/raw/documento-ativas/63a9b222428e9ae8.json
BRB,BRB,BRB-OUTRO,proposição (ementa/payload),proposicao,payload,REQ 726/2023,14555,,,,,2023-08-02,"Requer a retirada de tramitação do Projeto de Lei 1105/2020 que, Dispõe sobre medidas de mitigação dos efeitos do Covid-19 para clientes do Banco Regional de Brasília - BRB, e dá outras providências","3-08-02"", ""dataLimite"": null, ""descricaoProposicao"": ""726/2023 - Requerimento"", ""ementa"": ""Requer a retirada de tramitação do Projeto de Lei 1105/2020 que, Dispõe sobre medidas de mitigação dos efeitos do Covid-19 para clientes do Banco Regional de Brasília - BRB, e dá outras providências"", ""etapa"": ""Apresentação"", ""habilitadoOnline"": null, ""id"": 14555, ""idAutoria"": null, ""idRelator"": null, ""idTipoProposicao"": null, ""idUnidade"": null, ""idUsuarioAtribuido"": null, ""idUsuarioDisponibilizado"": null, ""idsMarcadores"": []",https://ple.cl.df.gov.br/pleservico/api/public/proposicao/14555/documento/ativas,data/raw/documento-ativas/63a9b222428e9ae8.json
BRB,BRB,BRB-OUTRO,proposição (ementa/payload),proposicao,ementa,REQ 918/2023,15952,,,,,2023-10-03,"Requer a realização de Audiência Pública no dia 10 de outubro de 2023, às 19 horas, no Plenário, para debater sobre o superendividamento dos servidores públicos do Distrito Federal junto ao Banco de Brasília - BRB.","Requer a realização de Audiência Pública no dia 10 de outubro de 2023, às 19 horas, no Plenário, para debater sobre o superendividamento dos servidores públicos do Distrito Federal junto ao Banco de Brasília - BRB.",https://ple.cl.df.gov.br/pleservico/api/public/proposicao/15952/documento/ativas,data/raw/documento-ativas/d36f3e1b173a7f45.json
BRB,BRB,BRB-OUTRO,proposição (ementa/payload),proposicao,payload,REQ 918/2023,15952,,,,,2023-10-03,"Requer a realização de Audiência Pública no dia 10 de outubro de 2023, às 19 horas, no Plenário, para debater sobre o superendividamento dos servidores públicos do Distrito Federal junto ao Banco de Brasília - BRB.","roposicao"": ""918/2023 - Requerimento"", ""ementa"": ""Requer a realização de Audiência Pública no dia 10 de outubro de 2023, às 19 horas, no Plenário, para debater sobre o superendividamento dos servidores públicos do Distrito Federal junto ao Banco de Brasília - BRB."", ""etapa"": ""Apresentação"", ""habilitadoOnline"": null, ""id"": 15952, ""idAutoria"": null, ""idRelator"": null, ""idTipoProposicao"": null, ""idUnidade"": null, ""idUsuarioAtribuido"": null, ""idUsuarioDisponibilizado"": null, ""idsMarcadores"": [], ""parecer"": null, ""pesqu",https://ple.cl.df.gov.br/pleservico/api/public/proposicao/15952/documento/ativas,data/raw/documento-ativas/d36f3e1b173a7f45.json
BRB,BRB,BRB-OUTRO,proposição (ementa/payload),proposicao,ementa,IND 3342/2023,16159,,,,,2023-09-20,"Sugere ao Poder Executivo que, por intermédio do Departamento de Estradas de Rodagem do DF - DER, promova a instalação de uma Barreira Eletrônica na quadra 102 próximo ao BRB,  localizado na Região Administrativa do Recanto das Emas - RA XV","Sugere ao Poder Executivo que, por intermédio do Departamento de Estradas de Rodagem do DF - DER, promova a instalação de uma Barreira Eletrônica na quadra 102 próximo ao BRB, localizado na Região Administrativa do Recanto das Emas - RA XV",https://ple.cl.df.gov.br/pleservico/api/public/proposicao/16159/documento/ativas,data/raw/documento-ativas/1fe5dedf9fe5a2ff.json
BRB,BRB,BRB-OUTRO,proposição (ementa/payload),proposicao,payload,IND 3342/2023,16159,,,,,2023-09-20,"Sugere ao Poder Executivo que, por intermédio do Departamento de Estradas de Rodagem do DF - DER, promova a instalação de uma Barreira Eletrônica na quadra 102 próximo ao BRB,  localizado na Região Administrativa do Recanto das Emas - RA XV","3-09-20"", ""dataLimite"": null, ""descricaoProposicao"": ""3342/2023 - Indicação"", ""ementa"": ""Sugere ao Poder Executivo que, por intermédio do Departamento de Estradas de Rodagem do DF - DER, promova a instalação de uma Barreira Eletrônica na quadra 102 próximo ao BRB, localizado na Região Administrativa do Recanto das Emas - RA XV"", ""etapa"": ""Apresentação"", ""habilitadoOnline"": null, ""id"": 16159, ""idAutoria"": null, ""idRelator"": null, ""idTipoProposicao"": null, ""idUnidade"": null, ""idUsuarioAtribuido"": null, ""idUsuarioDisp",https://ple.cl.df.gov.br/pleservico/api/public/proposicao/16159/documento/ativas,data/raw/documento-ativas/1fe5dedf9fe5a2ff.json
BRB,BRB,BRB-OUTRO,proposição (ementa/payload),proposicao,ementa,IND 3931/2023,17067,,,,,2023-10-26,"Sugere ao Poder Executivo do Distrito Federal, por intermédio do Banco de Brasília – BRB, a instalação de Agência Bancária na Região Administrativa do Sol Nascente e Pôr do Sol - RA XXXII.","Sugere ao Poder Executivo do Distrito Federal, por intermédio do Banco de Brasília – BRB, a instalação de Agência Bancária na Região Administrativa do Sol Nascente e Pôr do Sol - RA XXXII.",https://ple.cl.df.gov.br/pleservico/api/public/proposicao/17067/documento/ativas,data/raw/documento-ativas/5480a1effab8385d.json
BRB,BRB,BRB-OUTRO,proposição (ementa/payload),proposicao,payload,IND 3931/2023,17067,,,,,2023-10-26,"Sugere ao Poder Executivo do Distrito Federal, por intermédio do Banco de Brasília – BRB, a instalação de Agência Bancária na Região Administrativa do Sol Nascente e Pôr do Sol - RA XXXII.",": null, ""autoria"": ""Deputado Eduardo Pedrosa"", ""dataAcesso"": null, ""dataLeitura"": ""2023-10-26"", ""dataLimite"": null, ""descricaoProposicao"": ""3931/2023 - Indicação"", ""ementa"": ""Sugere ao Poder Executivo do Distrito Federal, por intermédio do Banco de Brasília – BRB, a instalação de Agência Bancária na Região Administrativa do Sol Nascente e Pôr do Sol - RA XXXII."", ""etapa"": ""Apresentação"", ""habilitadoOnline"": null, ""id"": 17067, ""idAutoria"": null, ""idRelator"": null, ""idTipoProposicao"": null, ""idUnidade"": null, ""idUsua",https://ple.cl.df.gov.br/pleservico/api/public/proposicao/17067/documento/ativas,data/raw/documento-ativas/5480a1effab8385d.json
BRB,BRB,BRB-OUTRO,proposição (ementa/payload),proposicao,ementa,REQ 1020/2023,17301,,,,,2023-11-16,"Requer a realização de Audiência Pública, no âmbito da Comissão de Fiscalização, Governança, Transparência e Controle, com a finalidade de debater a gestão do Banco de Brasília - BRB.","Requer a realização de Audiência Pública, no âmbito da Comissão de Fiscalização, Governança, Transparência e Controle, com a finalidade de debater a gestão do Banco de Brasília - BRB.",https://ple.cl.df.gov.br/pleservico/api/public/proposicao/17301/documento/ativas,data/raw/documento-ativas/92ded665ab59bdb8.json
BRB,BRB,BRB-OUTRO,proposição (ementa/payload),proposicao,payload,REQ 1020/2023,17301,,,,,2023-11-16,"Requer a realização de Audiência Pública, no âmbito da Comissão de Fiscalização, Governança, Transparência e Controle, com a finalidade de debater a gestão do Banco de Brasília - BRB.","dataLimite"": null, ""descricaoProposicao"": ""1020/2023 - Requerimento"", ""ementa"": ""Requer a realização de Audiência Pública, no âmbito da Comissão de Fiscalização, Governança, Transparência e Controle, com a finalidade de debater a gestão do Banco de Brasília - BRB."", ""etapa"": ""Apresentação"", ""habilitadoOnline"": null, ""id"": 17301, ""idAutoria"": null, ""idRelator"": null, ""idTipoProposicao"": null, ""idUnidade"": null, ""idUsuarioAtribuido"": null, ""idUsuarioDisponibilizado"": null, ""idsMarcadores"": [], ""parecer"": null, ""pesqu",https://ple.cl.df.gov.br/pleservico/api/public/proposicao/17301/documento/ativas,data/raw/documento-ativas/92ded665ab59bdb8.json
BRB,BRB,BRB-OUTRO,proposição (ementa/payload),proposicao,ementa,IND 4260/2024,17926,,,,,2024-02-01,"Sugere ao Poder Executivo do Distrito Federal, por intermédio do Banco de Brasília – BRB, a instalação de Agência Bancária na Região Administrativa de Água Quente – RA XXXV. ","Sugere ao Poder Executivo do Distrito Federal, por intermédio do Banco de Brasília – BRB, a instalação de Agência Bancária na Região Administrativa de Água Quente – RA XXXV.",https://ple.cl.df.gov.br/pleservico/api/public/proposicao/17926/documento/ativas,data/raw/documento-ativas/a7cd9813750d3cc8.json
BRB,BRB,BRB-OUTRO,proposição (ementa/payload),proposicao,payload,IND 4260/2024,17926,,,,,2024-02-01,"Sugere ao Poder Executivo do Distrito Federal, por intermédio do Banco de Brasília – BRB, a instalação de Agência Bancária na Região Administrativa de Água Quente – RA XXXV. ",": null, ""autoria"": ""Deputado Eduardo Pedrosa"", ""dataAcesso"": null, ""dataLeitura"": ""2024-02-01"", ""dataLimite"": null, ""descricaoProposicao"": ""4260/2024 - Indicação"", ""ementa"": ""Sugere ao Poder Executivo do Distrito Federal, por intermédio do Banco de Brasília – BRB, a instalação de Agência Bancária na Região Administrativa de Água Quente – RA XXXV. "", ""etapa"": ""Apresentação"", ""habilitadoOnline"": null, ""id"": 17926, ""idAutoria"": null, ""idRelator"": null, ""idTipoProposicao"": null, ""idUnidade"": null, ""idUsuarioAtribuido"":",https://ple.cl.df.gov.br/pleservico/api/public/proposicao/17926/documento/ativas,data/raw/documento-ativas/a7cd9813750d3cc8.json
BRB,BRB,BRB-OUTRO,proposição (ementa/payload),proposicao,ementa,IND 4843/2024,19378,,,,,2024-04-24,"Sugere ao Poder Executivo do Distrito Federal, por intermédio do Banco de Brasília – BRB, a instalação de unidade do BRB Conveniência no Engenho das Lajes, no Gama - RA II.","Sugere ao Poder Executivo do Distrito Federal, por intermédio do Banco de Brasília – BRB, a instalação de unidade do BRB Conveniência no Engenho das Lajes, no Gama - RA II.",https://ple.cl.df.gov.br/pleservico/api/public/proposicao/19378/documento/ativas,data/raw/documento-ativas/fcc6d7501a90b9fd.json
BRB,BRB,BRB-OUTRO,proposição (ementa/payload),proposicao,payload,IND 4843/2024,19378,,,,,2024-04-24,"Sugere ao Poder Executivo do Distrito Federal, por intermédio do Banco de Brasília – BRB, a instalação de unidade do BRB Conveniência no Engenho das Lajes, no Gama - RA II.","ores"": null, ""autoria"": ""Deputado Max Maciel"", ""dataAcesso"": null, ""dataLeitura"": ""2024-04-24"", ""dataLimite"": null, ""descricaoProposicao"": ""4843/2024 - Indicação"", ""ementa"": ""Sugere ao Poder Executivo do Distrito Federal, por intermédio do Banco de Brasília – BRB, a instalação de unidade do BRB Conveniência no Engenho das Lajes, no Gama - RA II."", ""etapa"": ""Apresentação"", ""habilitadoOnline"": null, ""id"": 19378, ""idAutoria"": null, ""idRelator"": null, ""idTipoProposicao"": null, ""idUnidade"": null, ""idUsuarioAtribuido"": n",https://ple.cl.df.gov.br/pleservico/api/public/proposicao/19378/documento/ativas,data/raw/documento-ativas/fcc6d7501a90b9fd.json
BRB,BRB,BRB-OUTRO,proposição (ementa/payload),proposicao,ementa,IND 5000/2024,19648,,,,,2024-05-08,"Sugere ao Poder Executivo, por intermédio do Banco de Brasília - BRB, a instalação de uma agência do BRB próximo ao Fórum, na Região Administrativa do Itapoã - RA XXVIII.","Sugere ao Poder Executivo, por intermédio do Banco de Brasília - BRB, a instalação de uma agência do BRB próximo ao Fórum, na Região Administrativa do Itapoã - RA XXVIII.",https://ple.cl.df.gov.br/pleservico/api/public/proposicao/19648/documento/ativas,data/raw/documento-ativas/8f1fc40ede06e934.json
BRB,BRB,BRB-OUTRO,proposição (ementa/payload),proposicao,payload,IND 5000/2024,19648,,,,,2024-05-08,"Sugere ao Poder Executivo, por intermédio do Banco de Brasília - BRB, a instalação de uma agência do BRB próximo ao Fórum, na Região Administrativa do Itapoã - RA XXVIII.","no"": null, ""autores"": null, ""autoria"": ""Deputada Jaqueline Silva"", ""dataAcesso"": null, ""dataLeitura"": ""2024-05-08"", ""dataLimite"": null, ""descricaoProposicao"": ""5000/2024 - Indicação"", ""ementa"": ""Sugere ao Poder Executivo, por intermédio do Banco de Brasília - BRB, a instalação de uma agência do BRB próximo ao Fórum, na Região Administrativa do Itapoã - RA XXVIII."", ""etapa"": ""Apresentação"", ""habilitadoOnline"": null, ""id"": 19648, ""idAutoria"": null, ""idRelator"": null, ""idTipoProposicao"": null, ""idUnidade"": null, ""idUs",https://ple.cl.df.gov.br/pleservico/api/public/proposicao/19648/documento/ativas,data/raw/documento-ativas/8f1fc40ede06e934.json
BRB,BRB,BRB-OUTRO,proposição (ementa/payload),proposicao,ementa,IND 5132/2024,19860,,,,,2024-05-22,"Sugere ao Poder Executivo a reinstalação de uma agência do BRB no P. Sul, em Ceilândia.  ","Sugere ao Poder Executivo a reinstalação de uma agência do BRB no P. Sul, em Ceilândia.",https://ple.cl.df.gov.br/pleservico/api/public/proposicao/19860/documento/ativas,data/raw/documento-ativas/a0c7a5f821938618.json
BRB,BRB,BRB-OUTRO,proposição (ementa/payload),proposicao,payload,IND 5132/2024,19860,,,,,2024-05-22,"Sugere ao Poder Executivo a reinstalação de uma agência do BRB no P. Sul, em Ceilândia.  ","{""ano"": null, ""autores"": null, ""autoria"": ""Deputado Joaquim Roriz Neto"", ""dataAcesso"": null, ""dataLeitura"": ""2024-05-22"", ""dataLimite"": null, ""descricaoProposicao"": ""5132/2024 - Indicação"", ""ementa"": ""Sugere ao Poder Executivo a reinstalação de uma agência do BRB no P. Sul, em Ceilândia.\n\n"", ""etapa"": ""Apresentação"", ""habilitadoOnline"": null, ""id"": 19860, ""idAutoria"": null, ""idRelator"": null, ""idTipoProposicao"": null, ""idUnidade"": null, ""idUsuarioAtribuido"": null, ""idUsuarioDisponibilizado"": null, ""idsMarcadores"":",https://ple.cl.df.gov.br/pleservico/api/public/proposicao/19860/documento/ativas,data/raw/documento-ativas/a0c7a5f821938618.json
BRB,BRB,BRB-OUTRO,proposição (ementa/payload),proposicao,ementa,REQ 1395/2024,19872,,,,,2024-05-21,Requer ao Banco de Brasília (BRB) informações acerca do Aviso de Consulta Pública nº 03/24.,Requer ao Banco de Brasília (BRB) informações acerca do Aviso de Consulta Pública nº 03/24.,https://ple.cl.df.gov.br/pleservico/api/public/proposicao/19872/documento/ativas,data/raw/documento-ativas/95f3ecc84e040500.json
BRB,BRB,BRB-OUTRO,proposição (ementa/payload),proposicao,payload,REQ 1395/2024,19872,,,,,2024-05-21,Requer ao Banco de Brasília (BRB) informações acerca do Aviso de Consulta Pública nº 03/24.,"{""ano"": null, ""autores"": null, ""autoria"": ""Deputada Jaqueline Silva"", ""dataAcesso"": null, ""dataLeitura"": ""2024-05-21"", ""dataLimite"": null, ""descricaoProposicao"": ""1395/2024 - Requerimento"", ""ementa"": ""Requer ao Banco de Brasília (BRB) informações acerca do Aviso de Consulta Pública nº 03/24."", ""etapa"": ""Apresentação"", ""habilitadoOnline"": null, ""id"": 19872, ""idAutoria"": null, ""idRelator"": null, ""idTipoProposicao"": null, ""idUnidade"": null, ""idUsuarioAtribuido"": null, ""idUsuarioDisponibiliza",https://ple.cl.df.gov.br/pleservico/api/public/proposicao/19872/documento/ativas,data/raw/documento-ativas/95f3ecc84e040500.json
BRB,BRB,BRB-OUTRO,proposição (ementa/payload),proposicao,ementa,IND 6282/2024,21957,,,,,2024-09-25,"Sugere ao Poder Executivo, por intermédio do Banco de Brasília - BRB, providências tendentes a concessão de linha de crédito especial destinada às famílias rurais que perderam suas moradias em decorrência das queimadas no Distrito Federal.  ","Sugere ao Poder Executivo, por intermédio do Banco de Brasília - BRB, providências tendentes a concessão de linha de crédito especial destinada às famílias rurais que perderam suas moradias em decorrência das queimadas no Distrito Federal.",https://ple.cl.df.gov.br/pleservico/api/public/proposicao/21957/documento/ativas,data/raw/documento-ativas/76c2f371d88755bb.json
BRB,BRB,BRB-OUTRO,proposição (ementa/payload),proposicao,payload,IND 6282/2024,21957,,,,,2024-09-25,"Sugere ao Poder Executivo, por intermédio do Banco de Brasília - BRB, providências tendentes a concessão de linha de crédito especial destinada às famílias rurais que perderam suas moradias em decorrência das queimadas no Distrito Federal.  ","l, ""autores"": null, ""autoria"": ""Deputado Pastor Daniel de Castro"", ""dataAcesso"": null, ""dataLeitura"": ""2024-09-25"", ""dataLimite"": null, ""descricaoProposicao"": ""6282/2024 - Indicação"", ""ementa"": ""Sugere ao Poder Executivo, por intermédio do Banco de Brasília - BRB, providências tendentes a concessão de linha de crédito especial destinada às famílias rurais que perderam suas moradias em decorrência das queimadas no Distrito Federal.\n\n"", ""etapa"": ""Apresentação"", ""habilitadoOnline"": null, ""id"": 21957, ""idAutoria"": nu",https://ple.cl.df.gov.br/pleservico/api/public/proposicao/21957/documento/ativas,data/raw/documento-ativas/76c2f371d88755bb.json
BRB,BRB,BRB-OUTRO,proposição (ementa/payload),proposicao,ementa,IND 6320/2024,22125,,,,,2024-10-01,"Sugere ao Poder Executivo, por intermédio do Banco de Brasília - BRB, a instalação de uma agência do BRB no Setor Habitacional Torto, na Região Administrativa do Plano Piloto - RA I.  ","Sugere ao Poder Executivo, por intermédio do Banco de Brasília - BRB, a instalação de uma agência do BRB no Setor Habitacional Torto, na Região Administrativa do Plano Piloto - RA I.",https://ple.cl.df.gov.br/pleservico/api/public/proposicao/22125/documento/ativas,data/raw/documento-ativas/87bc94dbc03b9164.json
BRB,BRB,BRB-OUTRO,proposição (ementa/payload),proposicao,payload,IND 6320/2024,22125,,,,,2024-10-01,"Sugere ao Poder Executivo, por intermédio do Banco de Brasília - BRB, a instalação de uma agência do BRB no Setor Habitacional Torto, na Região Administrativa do Plano Piloto - RA I.  ","no"": null, ""autores"": null, ""autoria"": ""Deputada Jaqueline Silva"", ""dataAcesso"": null, ""dataLeitura"": ""2024-10-01"", ""dataLimite"": null, ""descricaoProposicao"": ""6320/2024 - Indicação"", ""ementa"": ""Sugere ao Poder Executivo, por intermédio do Banco de Brasília - BRB, a instalação de uma agência do BRB no Setor Habitacional Torto, na Região Administrativa do Plano Piloto - RA I.\n\n"", ""etapa"": ""Apresentação"", ""habilitadoOnline"": null, ""id"": 22125, ""idAutoria"": null, ""idRelator"": null, ""idTipoProposicao"": null, ""idUnida",https://ple.cl.df.gov.br/pleservico/api/public/proposicao/22125/documento/ativas,data/raw/documento-ativas/87bc94dbc03b9164.json
BRB,BRB,BRB-OUTRO,proposição (ementa/payload),proposicao,ementa,IND 6502/2024,22503,,,,,2024-10-22,"SUGERE AO PODER EXECUTIVO DO DISTRITO FEDERAL, QUE ATRAVÉS DO BANCO REGIONAL DE BRASÍLIA (BRB), SEJA INSTALADA UMA AGÊNCIA BANCÁRIA DO BRB OU UMA UNIDADE DO BRB CONVENIÊNCIA NA COLÔNIA AGRÍCOLA 26 DE SETEMBRO NA REGIÃO ADMINISTRATIVA VICENTE PIRES.","SUGERE AO PODER EXECUTIVO DO DISTRITO FEDERAL, QUE ATRAVÉS DO BANCO REGIONAL DE BRASÍLIA (BRB), SEJA INSTALADA UMA AGÊNCIA BANCÁRIA DO BRB OU UMA UNIDADE DO BRB CONVENIÊNCIA NA COLÔNIA AGRÍCOLA 26 DE SETEMBRO NA REGIÃO ADMINISTRATIVA VICENTE PIRES.",https://ple.cl.df.gov.br/pleservico/api/public/proposicao/22503/documento/ativas,data/raw/documento-ativas/15c3095645cc890a.json
BRB,BRB,BRB-OUTRO,proposição (ementa/payload),proposicao,payload,IND 6502/2024,22503,,,,,2024-10-22,"SUGERE AO PODER EXECUTIVO DO DISTRITO FEDERAL, QUE ATRAVÉS DO BANCO REGIONAL DE BRASÍLIA (BRB), SEJA INSTALADA UMA AGÊNCIA BANCÁRIA DO BRB OU UMA UNIDADE DO BRB CONVENIÊNCIA NA COLÔNIA AGRÍCOLA 26 DE SETEMBRO NA REGIÃO ADMINISTRATIVA VICENTE PIRES.","""autoria"": ""Deputado Robério Negreiros"", ""dataAcesso"": null, ""dataLeitura"": ""2024-10-22"", ""dataLimite"": null, ""descricaoProposicao"": ""6502/2024 - Indicação"", ""ementa"": ""SUGERE AO PODER EXECUTIVO DO DISTRITO FEDERAL, QUE ATRAVÉS DO BANCO REGIONAL DE BRASÍLIA (BRB), SEJA INSTALADA UMA AGÊNCIA BANCÁRIA DO BRB OU UMA UNIDADE DO BRB CONVENIÊNCIA NA COLÔNIA AGRÍCOLA 26 DE SETEMBRO NA REGIÃO ADMINISTRATIVA VICENTE PIRES."", ""etapa"": ""Apresentação"", ""habilitadoOnline"": null, ""id"": 22503, ""idAutoria"": null, ""idRelator"": null",https://ple.cl.df.gov.br/pleservico/api/public/proposicao/22503/documento/ativas,data/raw/documento-ativas/15c3095645cc890a.json
BRB,BRB,BRB-OUTRO,proposição (ementa/payload),proposicao,ementa,IND 6561/2024,22628,,,,,2024-10-29,"Sugere ao Poder Executivo a revitalização do Ponto de Encontro Comunitário - PEC no canteiro central da 1ª Avenida Norte, em frente ao BRB, em Samambaia.  ","Sugere ao Poder Executivo a revitalização do Ponto de Encontro Comunitário - PEC no canteiro central da 1ª Avenida Norte, em frente ao BRB, em Samambaia.",https://ple.cl.df.gov.br/pleservico/api/public/proposicao/22628/documento/ativas,data/raw/documento-ativas/5808364c250e090c.json
BRB,BRB,BRB-OUTRO,proposição (ementa/payload),proposicao,payload,IND 6561/2024,22628,,,,,2024-10-29,"Sugere ao Poder Executivo a revitalização do Ponto de Encontro Comunitário - PEC no canteiro central da 1ª Avenida Norte, em frente ao BRB, em Samambaia.  ","taAcesso"": null, ""dataLeitura"": ""2024-10-29"", ""dataLimite"": null, ""descricaoProposicao"": ""6561/2024 - Indicação"", ""ementa"": ""Sugere ao Poder Executivo a revitalização do Ponto de Encontro Comunitário - PEC no canteiro central da 1ª Avenida Norte, em frente ao BRB, em Samambaia.\n\n"", ""etapa"": ""Apresentação"", ""habilitadoOnline"": null, ""id"": 22628, ""idAutoria"": null, ""idRelator"": null, ""idTipoProposicao"": null, ""idUnidade"": null, ""idUsuarioAtribuido"": null, ""idUsuarioDisponibilizado"": null, ""idsMarcadores"": [], ""pare",https://ple.cl.df.gov.br/pleservico/api/public/proposicao/22628/documento/ativas,data/raw/documento-ativas/5808364c250e090c.json
BRB,BRB,BRB-OUTRO,proposição (ementa/payload),proposicao,ementa,IND 6927/2024,150299,,,,,2024-12-04,"Sugere ao Poder Executivo, por intermédio do Banco de Brasília - BRB, a instalação de uma agência do BRB na QR 512 Conjunto 4 Samambaia Sul, na Região Administrativa de Samambaia - RA XII.  ","Sugere ao Poder Executivo, por intermédio do Banco de Brasília - BRB, a instalação de uma agência do BRB na QR 512 Conjunto 4 Samambaia Sul, na Região Administrativa de Samambaia - RA XII.",https://ple.cl.df.gov.br/pleservico/api/public/proposicao/150299/documento/ativas,data/raw/documento-ativas/e1c93bf123923bdc.json
BRB,BRB,BRB-OUTRO,proposição (ementa/payload),proposicao,payload,IND 6927/2024,150299,,,,,2024-12-04,"Sugere ao Poder Executivo, por intermédio do Banco de Brasília - BRB, a instalação de uma agência do BRB na QR 512 Conjunto 4 Samambaia Sul, na Região Administrativa de Samambaia - RA XII.  ","no"": null, ""autores"": null, ""autoria"": ""Deputada Jaqueline Silva"", ""dataAcesso"": null, ""dataLeitura"": ""2024-12-04"", ""dataLimite"": null, ""descricaoProposicao"": ""6927/2024 - Indicação"", ""ementa"": ""Sugere ao Poder Executivo, por intermédio do Banco de Brasília - BRB, a instalação de uma agência do BRB na QR 512 Conjunto 4 Samambaia Sul, na Região Administrativa de Samambaia - RA XII.\n\n"", ""etapa"": ""Apresentação"", ""habilitadoOnline"": null, ""id"": 150299, ""idAutoria"": null, ""idRelator"": null, ""idTipoProposicao"": null, """,https://ple.cl.df.gov.br/pleservico/api/public/proposicao/150299/documento/ativas,data/raw/documento-ativas/e1c93bf123923bdc.json
BRB,BRB,BRB-OUTRO,proposição (ementa/payload),proposicao,ementa,IND 6979/2025,150566,,,,,2025-02-04,"Sugere ao Poder Executivo que, por intermédio da Secretaria de Transporte e Mobilidade do Distrito Federal e do BRB Mobilidade, implemente e/ou facilite o pagamento por meio dos cartões de banco físicos, na função débito, no Sistema de Bilhetagem Automática (SBA) adotado no Sistema de Transporte Púb","Sugere ao Poder Executivo que, por intermédio da Secretaria de Transporte e Mobilidade do Distrito Federal e do BRB Mobilidade, implemente e/ou facilite o pagamento por meio dos cartões de banco físicos, na função débito, no Sistema de Bilhetagem Automática (SBA) adotado no Sistema de Transporte Público Coletivo do Distrito Federal (STPC/DF).",https://ple.cl.df.gov.br/pleservico/api/public/proposicao/150566/documento/ativas,data/raw/documento-ativas/f1f12656d48a73f4.json
BRB,BRB,BRB-OUTRO,proposição (ementa/payload),proposicao,payload,IND 6979/2025,150566,,,,,2025-02-04,"Sugere ao Poder Executivo que, por intermédio da Secretaria de Transporte e Mobilidade do Distrito Federal e do BRB Mobilidade, implemente e/ou facilite o pagamento por meio dos cartões de banco físicos, na função débito, no Sistema de Bilhetagem Automática (SBA) adotado no Sistema de Transporte Púb","putado Max Maciel"", ""dataAcesso"": null, ""dataLeitura"": ""2025-02-04"", ""dataLimite"": null, ""descricaoProposicao"": ""6979/2025 - Indicação"", ""ementa"": ""Sugere ao Poder Executivo que, por intermédio da Secretaria de Transporte e Mobilidade do Distrito Federal e do BRB Mobilidade, implemente e/ou facilite o pagamento por meio dos cartões de banco físicos, na função débito, no Sistema de Bilhetagem Automática (SBA) adotado no Sistema de Transporte Público Coletivo do Distrito Federal (STPC/DF).\n\n"", ""etapa"": ""Apresentaçã",https://ple.cl.df.gov.br/pleservico/api/public/proposicao/150566/documento/ativas,data/raw/documento-ativas/f1f12656d48a73f4.json
BRB,BRB,BRB-OUTRO,proposição (ementa/payload),proposicao,ementa,IND 8561/2025,153347,,,,,2025-07-21,"Sugere ao Ilustríssimo Senhor Presidente do Banco de Brasília – BRB a adoção de providências para a ativação das fontes ornamentais da Torre de TV e do Jardim Burle Marx, aos domingos e feriados, a partir das 7h, no Eixo Monumental, Região Administrativa do Plano Piloto (RA-I).","Sugere ao Ilustríssimo Senhor Presidente do Banco de Brasília – BRB a adoção de providências para a ativação das fontes ornamentais da Torre de TV e do Jardim Burle Marx, aos domingos e feriados, a partir das 7h, no Eixo Monumental, Região Administrativa do Plano Piloto (RA-I).",https://ple.cl.df.gov.br/pleservico/api/public/proposicao/153347/documento/ativas,data/raw/documento-ativas/a3640c12872d3677.json
BRB,BRB,BRB-OUTRO,proposição (ementa/payload),proposicao,payload,IND 8561/2025,153347,,,,,2025-07-21,"Sugere ao Ilustríssimo Senhor Presidente do Banco de Brasília – BRB a adoção de providências para a ativação das fontes ornamentais da Torre de TV e do Jardim Burle Marx, aos domingos e feriados, a partir das 7h, no Eixo Monumental, Região Administrativa do Plano Piloto (RA-I).","null, ""autores"": null, ""autoria"": ""Deputado Rogério Morro da Cruz"", ""dataAcesso"": null, ""dataLeitura"": ""2025-07-21"", ""dataLimite"": null, ""descricaoProposicao"": ""8561/2025 - Indicação"", ""ementa"": ""Sugere ao Ilustríssimo Senhor Presidente do Banco de Brasília – BRB a adoção de providências para a ativação das fontes ornamentais da Torre de TV e do Jardim Burle Marx, aos domingos e feriados, a partir das 7h, no Eixo Monumental, Região Administrativa do Plano Piloto (RA-I)."", ""etapa"": ""Apresentação"", ""habilitadoOnline""",https://ple.cl.df.gov.br/pleservico/api/public/proposicao/153347/documento/ativas,data/raw/documento-ativas/a3640c12872d3677.json
BRB,BRB,BRB-OUTRO,proposição (ementa/payload),proposicao,ementa,REQ 2208/2025,153854,,,,,2025-08-19,"Requer interstício de 1 (um) dia, para votação em 2º turno, do Projeto  de Lei 1.882, de 2025, que ""Autoriza o BRB - Banco de Brasília a adquirir participação em instituições financeiras sediadas no Brasil e no exterior, empresas com atividades próprias ou complementares às do setor financeiro, incl","Requer interstício de 1 (um) dia, para votação em 2º turno, do Projeto de Lei 1.882, de 2025, que ""Autoriza o BRB - Banco de Brasília a adquirir participação em instituições financeiras sediadas no Brasil e no exterior, empresas com atividades próprias ou complementares às do setor financeiro, inclusive no ramo de tecnologia da informação (TI) e empresas com objetos soci",https://ple.cl.df.gov.br/pleservico/api/public/proposicao/153854/documento/ativas,data/raw/documento-ativas/78fd412bb9e042ed.json
BRB,BRB,BRB-OUTRO,proposição (ementa/payload),proposicao,payload,REQ 2208/2025,153854,,,,,2025-08-19,"Requer interstício de 1 (um) dia, para votação em 2º turno, do Projeto  de Lei 1.882, de 2025, que ""Autoriza o BRB - Banco de Brasília a adquirir participação em instituições financeiras sediadas no Brasil e no exterior, empresas com atividades próprias ou complementares às do setor financeiro, incl","ado Max Maciel"", ""dataAcesso"": null, ""dataLeitura"": ""2025-08-19"", ""dataLimite"": null, ""descricaoProposicao"": ""2208/2025 - Requerimento"", ""ementa"": ""Requer interstício de 1 (um) dia, para votação em 2º turno, do Projeto de Lei 1.882, de 2025, que \""Autoriza o BRB - Banco de Brasília a adquirir participação em instituições financeiras sediadas no Brasil e no exterior, empresas com atividades próprias ou complementares às do setor financeiro, inclusive no ramo de tecnologia da informação (TI) e empresas com objetos so",https://ple.cl.df.gov.br/pleservico/api/public/proposicao/153854/documento/ativas,data/raw/documento-ativas/78fd412bb9e042ed.json
BRB,BRB,BRB-OUTRO,proposição (ementa/payload),proposicao,ementa,IND 9060/2025,154446,,,,,2025-09-23,"Sugere ao Poder Executivo, por meio da Secretaria de Estado de Transporte e Mobilidade do Distrito Federal - SEMOB/DF e do BRB Mobilidade, a devida e imediata sinalização adequada do posto de atendimento localizado no Terminal Rodoviário de Brazlândia.  ","Sugere ao Poder Executivo, por meio da Secretaria de Estado de Transporte e Mobilidade do Distrito Federal - SEMOB/DF e do BRB Mobilidade, a devida e imediata sinalização adequada do posto de atendimento localizado no Terminal Rodoviário de Brazlândia.",https://ple.cl.df.gov.br/pleservico/api/public/proposicao/154446/documento/ativas,data/raw/documento-ativas/2385e29cc6070701.json
BRB,BRB,BRB-OUTRO,proposição (ementa/payload),proposicao,payload,IND 9060/2025,154446,,,,,2025-09-23,"Sugere ao Poder Executivo, por meio da Secretaria de Estado de Transporte e Mobilidade do Distrito Federal - SEMOB/DF e do BRB Mobilidade, a devida e imediata sinalização adequada do posto de atendimento localizado no Terminal Rodoviário de Brazlândia.  ","Maciel"", ""dataAcesso"": null, ""dataLeitura"": ""2025-09-23"", ""dataLimite"": null, ""descricaoProposicao"": ""9060/2025 - Indicação"", ""ementa"": ""Sugere ao Poder Executivo, por meio da Secretaria de Estado de Transporte e Mobilidade do Distrito Federal - SEMOB/DF e do BRB Mobilidade, a devida e imediata sinalização adequada do posto de atendimento localizado no Terminal Rodoviário de Brazlândia.\n\n"", ""etapa"": ""Apresentação"", ""habilitadoOnline"": null, ""id"": 154446, ""idAutoria"": null, ""idRelator"": null, ""idTipoProposicao"": n",https://ple.cl.df.gov.br/pleservico/api/public/proposicao/154446/documento/ativas,data/raw/documento-ativas/2385e29cc6070701.json
BRB,BRB,BRB-OUTRO,proposição (ementa/payload),proposicao,ementa,REQ 2390/2025,155223,,,,,2025-11-10,Requer informações a respeito da atuação do BRB como agente financeiro oficial de fomento do Governo do Distrito Federal,Requer informações a respeito da atuação do BRB como agente financeiro oficial de fomento do Governo do Distrito Federal,https://ple.cl.df.gov.br/pleservico/api/public/proposicao/155223/documento/ativas,data/raw/documento-ativas/9baaf7fd0481905c.json
BRB,BRB,BRB-OUTRO,proposição (ementa/payload),proposicao,payload,REQ 2390/2025,155223,,,,,2025-11-10,Requer informações a respeito da atuação do BRB como agente financeiro oficial de fomento do Governo do Distrito Federal,"{""ano"": null, ""autores"": null, ""autoria"": ""Deputado Fábio Felix"", ""dataAcesso"": null, ""dataLeitura"": ""2025-11-10"", ""dataLimite"": null, ""descricaoProposicao"": ""2390/2025 - Requerimento"", ""ementa"": ""Requer informações a respeito da atuação do BRB como agente financeiro oficial de fomento do Governo do Distrito Federal"", ""etapa"": ""Apresentação"", ""habilitadoOnline"": null, ""id"": 155223, ""idAutoria"": null, ""idRelator"": null, ""idTipoProposicao"": null, ""idUnidade"": null, ""idUsuarioAtribuido"": null, ""idUsuar",https://ple.cl.df.gov.br/pleservico/api/public/proposicao/155223/documento/ativas,data/raw/documento-ativas/9baaf7fd0481905c.json
BRB,BRB,BRB-OUTRO,proposição (ementa/payload),proposicao,ementa,IND 9388/2025,155232,,,,,2025-11-04,"Sugere ao Poder Executivo que promova, por meio da Secretaria de Estado de Transporte e Mobilidade do Distrito Federal - SEMOB/DF, da Secretaria de Estado da Educação - SEE e do BRB Mobilidade, a ampliação da quantidade de acessos diários e mensais concedidos aos beneficiários do Passe Livre Estudan","Sugere ao Poder Executivo que promova, por meio da Secretaria de Estado de Transporte e Mobilidade do Distrito Federal - SEMOB/DF, da Secretaria de Estado da Educação - SEE e do BRB Mobilidade, a ampliação da quantidade de acessos diários e mensais concedidos aos beneficiários do Passe Livre Estudantil, para adequar o benefício à realidade das atividades de formação e permanência estudantil.",https://ple.cl.df.gov.br/pleservico/api/public/proposicao/155232/documento/ativas,data/raw/documento-ativas/50ca830e54fcfcb1.json
BRB,BRB,BRB-OUTRO,proposição (ementa/payload),proposicao,payload,IND 9388/2025,155232,,,,,2025-11-04,"Sugere ao Poder Executivo que promova, por meio da Secretaria de Estado de Transporte e Mobilidade do Distrito Federal - SEMOB/DF, da Secretaria de Estado da Educação - SEE e do BRB Mobilidade, a ampliação da quantidade de acessos diários e mensais concedidos aos beneficiários do Passe Livre Estudan",""", ""dataLimite"": null, ""descricaoProposicao"": ""9388/2025 - Indicação"", ""ementa"": ""Sugere ao Poder Executivo que promova, por meio da Secretaria de Estado de Transporte e Mobilidade do Distrito Federal - SEMOB/DF, da Secretaria de Estado da Educação - SEE e do BRB Mobilidade, a ampliação da quantidade de acessos diários e mensais concedidos aos beneficiários do Passe Livre Estudantil, para adequar o benefício à realidade das atividades de formação e permanência estudantil."", ""etapa"": ""Apresentação"", ""habilitadoOnlin",https://ple.cl.df.gov.br/pleservico/api/public/proposicao/155232/documento/ativas,data/raw/documento-ativas/50ca830e54fcfcb1.json
BRB,BRB,BRB-OUTRO,proposição (ementa/payload),proposicao,ementa,PROC 44/2025,155520,,,,,2025-11-19,"Indicação do Senhor Nelson Antônio de Souza para ocupar o cargo de Diretor-Presidente do Banco de Brasília - BRB, nos termos do art. 100, XV, c/c o art. 60, XXXV, da Lei Orgânica do Distrito Federal.","Indicação do Senhor Nelson Antônio de Souza para ocupar o cargo de Diretor-Presidente do Banco de Brasília - BRB, nos termos do art. 100, XV, c/c o art. 60, XXXV, da Lei Orgânica do Distrito Federal.",https://ple.cl.df.gov.br/pleservico/api/public/proposicao/155520/documento/ativas,data/raw/documento-ativas/982021dabdf0dea1.json
BRB,BRB,BRB-OUTRO,proposição (ementa/payload),proposicao,payload,PROC 44/2025,155520,,,,,2025-11-19,"Indicação do Senhor Nelson Antônio de Souza para ocupar o cargo de Diretor-Presidente do Banco de Brasília - BRB, nos termos do art. 100, XV, c/c o art. 60, XXXV, da Lei Orgânica do Distrito Federal.","""autoria"": ""Poder Executivo"", ""dataAcesso"": null, ""dataLeitura"": ""2025-11-19"", ""dataLimite"": null, ""descricaoProposicao"": ""44/2025 - Proc"", ""ementa"": ""Indicação do Senhor Nelson Antônio de Souza para ocupar o cargo de Diretor-Presidente do Banco de Brasília - BRB, nos termos do art. 100, XV, c/c o art. 60, XXXV, da Lei Orgânica do Distrito Federal."", ""etapa"": ""Comissões"", ""habilitadoOnline"": null, ""id"": 155520, ""idAutoria"": null, ""idRelator"": null, ""idTipoProposicao"": null, ""idUnidade"": null, ""idUsuarioAtribuido"": ",https://ple.cl.df.gov.br/pleservico/api/public/proposicao/155520/documento/ativas,data/raw/documento-ativas/982021dabdf0dea1.json
BRB,BRB,BRB-OUTRO,proposição (ementa/payload),proposicao,ementa,REQ 2512/2025,155534,,,,,2025-11-24,"Requer o encaminhamento de pedido de informações à Secretária de Estado de Desenvolvimento Econômico, Trabalho e Renda do Distrito Federal, relativas à execução e à gestão dos programas sociais sob sua responsabilidade, à operacionalização dos pagamentos realizados por meio do Banco de Brasília – BR","nformações à Secretária de Estado de Desenvolvimento Econômico, Trabalho e Renda do Distrito Federal, relativas à execução e à gestão dos programas sociais sob sua responsabilidade, à operacionalização dos pagamentos realizados por meio do Banco de Brasília – BRB, à transparência das transferências de renda e à consolidação dos dados financeiros e administrativos referentes aos atendimentos a famílias vulneráveis no Distrito Federal",https://ple.cl.df.gov.br/pleservico/api/public/proposicao/155534/documento/ativas,data/raw/documento-ativas/6f47aa2b0b429c2b.json
BRB,BRB,BRB-OUTRO,proposição (ementa/payload),proposicao,payload,REQ 2512/2025,155534,,,,,2025-11-24,"Requer o encaminhamento de pedido de informações à Secretária de Estado de Desenvolvimento Econômico, Trabalho e Renda do Distrito Federal, relativas à execução e à gestão dos programas sociais sob sua responsabilidade, à operacionalização dos pagamentos realizados por meio do Banco de Brasília – BR","nformações à Secretária de Estado de Desenvolvimento Econômico, Trabalho e Renda do Distrito Federal, relativas à execução e à gestão dos programas sociais sob sua responsabilidade, à operacionalização dos pagamentos realizados por meio do Banco de Brasília – BRB, à transparência das transferências de renda e à consolidação dos dados financeiros e administrativos referentes aos atendimentos a famílias vulneráveis no Distrito Federal"", ""etapa"": ""Apresentação"", ""habilitadoOnline"": null, ""id"": 155534, ""idAutoria"": nul",https://ple.cl.df.gov.br/pleservico/api/public/proposicao/155534/documento/ativas,data/raw/documento-ativas/6f47aa2b0b429c2b.json
BRB,BRB,BRB-OUTRO,proposição (ementa/payload),proposicao,ementa,PDL 393/2025,155583,,,,,2025-11-25,Aprova a Indicação do Diretor-Presidente do Banco de Brasília S/A - BRB. ,Aprova a Indicação do Diretor-Presidente do Banco de Brasília S/A - BRB.,https://ple.cl.df.gov.br/pleservico/api/public/proposicao/155583/documento/ativas,data/raw/documento-ativas/3d84abfd9e5ba113.json
BRB,BRB,BRB-OUTRO,proposição (ementa/payload),proposicao,payload,PDL 393/2025,155583,,,,,2025-11-25,Aprova a Indicação do Diretor-Presidente do Banco de Brasília S/A - BRB. ,"omissão de Economia, Orçamento e Finanças"", ""dataAcesso"": null, ""dataLeitura"": ""2025-11-25"", ""dataLimite"": null, ""descricaoProposicao"": ""393/2025 - Projeto de Decreto Legislativo"", ""ementa"": ""Aprova a Indicação do Diretor-Presidente do Banco de Brasília S/A - BRB. "", ""etapa"": ""Sanção Veto ou Promulgação"", ""habilitadoOnline"": null, ""id"": 155583, ""idAutoria"": null, ""idRelator"": null, ""idTipoProposicao"": null, ""idUnidade"": null, ""idUsuarioAtribuido"": null, ""idUsuarioDisponibilizado"": null, ""idsMarcadores"": [], ""parece",https://ple.cl.df.gov.br/pleservico/api/public/proposicao/155583/documento/ativas,data/raw/documento-ativas/3d84abfd9e5ba113.json
BRB,BRB,BRB-OUTRO,proposição (ementa/payload),proposicao,ementa,REQ 2533/2025,155738,,,,,2025-12-08,Requer ao Banco de Brasília (BRB) o encaminhamento de informações sobre o evento BRB Stock Car 2025 em Brasília.,Requer ao Banco de Brasília (BRB) o encaminhamento de informações sobre o evento BRB Stock Car 2025 em Brasília.,https://ple.cl.df.gov.br/pleservico/api/public/proposicao/155738/documento/ativas,data/raw/documento-ativas/7ff65d37fcbb40cb.json
BRB,BRB,BRB-OUTRO,proposição (ementa/payload),proposicao,payload,REQ 2533/2025,155738,,,,,2025-12-08,Requer ao Banco de Brasília (BRB) o encaminhamento de informações sobre o evento BRB Stock Car 2025 em Brasília.,"{""ano"": null, ""autores"": null, ""autoria"": ""Deputado Gabriel Magno"", ""dataAcesso"": null, ""dataLeitura"": ""2025-12-08"", ""dataLimite"": null, ""descricaoProposicao"": ""2533/2025 - Requerimento"", ""ementa"": ""Requer ao Banco de Brasília (BRB) o encaminhamento de informações sobre o evento BRB Stock Car 2025 em Brasília."", ""etapa"": ""Apresentação"", ""habilitadoOnline"": null, ""id"": 155738, ""idAutoria"": null, ""idRelator"": null, ""idTipoProposicao"": null, ""idUnidade"": null, ""idUsuarioAtribuido"": null, """,https://ple.cl.df.gov.br/pleservico/api/public/proposicao/155738/documento/ativas,data/raw/documento-ativas/7ff65d37fcbb40cb.json
BRB,BRB,BRB-OUTRO,proposição (ementa/payload),proposicao,ementa,REQ 2566/2026,156077,,,,,2026-02-03,"Requer a criação de Comissão Especial para Acompanhamento dos Desdobramentos Financeiros do Banco de Brasília – BRB, com foco na Recuperação de Recursos Investidos em Ativos de Alto Risco e na Análise do Plano de Reestruturação Financeira da Instituição.","Requer a criação de Comissão Especial para Acompanhamento dos Desdobramentos Financeiros do Banco de Brasília – BRB, com foco na Recuperação de Recursos Investidos em Ativos de Alto Risco e na Análise do Plano de Reestruturação Financeira da Instituição.",https://ple.cl.df.gov.br/pleservico/api/public/proposicao/156077/documento/ativas,data/raw/documento-ativas/0aaafd31a8cf7bf5.json
BRB,BRB,BRB-OUTRO,proposição (ementa/payload),proposicao,payload,REQ 2566/2026,156077,,,,,2026-02-03,"Requer a criação de Comissão Especial para Acompanhamento dos Desdobramentos Financeiros do Banco de Brasília – BRB, com foco na Recuperação de Recursos Investidos em Ativos de Alto Risco e na Análise do Plano de Reestruturação Financeira da Instituição.","Gabriel Magno"", ""dataAcesso"": null, ""dataLeitura"": ""2026-02-03"", ""dataLimite"": null, ""descricaoProposicao"": ""2566/2026 - Requerimento"", ""ementa"": ""Requer a criação de Comissão Especial para Acompanhamento dos Desdobramentos Financeiros do Banco de Brasília – BRB, com foco na Recuperação de Recursos Investidos em Ativos de Alto Risco e na Análise do Plano de Reestruturação Financeira da Instituição."", ""etapa"": ""Apresentação"", ""habilitadoOnline"": null, ""id"": 156077, ""idAutoria"": null, ""idRelator"": null, ""idTipoPropos",https://ple.cl.df.gov.br/pleservico/api/public/proposicao/156077/documento/ativas,data/raw/documento-ativas/0aaafd31a8cf7bf5.json
BRB,BRB,BRB-OUTRO,proposição (ementa/payload),proposicao,ementa,REQ 2571/2026,156146,,,,,2026-02-04,"Requer ao Presidente do Banco de Brasília - BRB, cópia integral do relatório preliminar entregue pela auditoria forense contratada pelo banco junto à Machado & Meyer com suporte técnico da Kroll, contendo ""achados relevantes"" sobre eventuais atos ilícitos, praticados na gestão anterior do BRB, entre","Requer ao Presidente do Banco de Brasília - BRB, cópia integral do relatório preliminar entregue pela auditoria forense contratada pelo banco junto à Machado & Meyer com suporte técnico da Kroll, contendo ""achados relevantes"" sobre eventuais atos ilícitos, praticados na gestão anterior do BRB, entregue à P",https://ple.cl.df.gov.br/pleservico/api/public/proposicao/156146/documento/ativas,data/raw/documento-ativas/b2e177db3b8bb543.json
BRB,BRB,BRB-OUTRO,proposição (ementa/payload),proposicao,payload,REQ 2571/2026,156146,,,,,2026-02-04,"Requer ao Presidente do Banco de Brasília - BRB, cópia integral do relatório preliminar entregue pela auditoria forense contratada pelo banco junto à Machado & Meyer com suporte técnico da Kroll, contendo ""achados relevantes"" sobre eventuais atos ilícitos, praticados na gestão anterior do BRB, entre","l, ""autores"": null, ""autoria"": ""Deputado Chico Vigilante, Deputado Chico Vigilante"", ""dataAcesso"": null, ""dataLeitura"": ""2026-02-04"", ""dataLimite"": null, ""descricaoProposicao"": ""2571/2026 - Requerimento"", ""ementa"": ""Requer ao Presidente do Banco de Brasília - BRB, cópia integral do relatório preliminar entregue pela auditoria forense contratada pelo banco junto à Machado & Meyer com suporte técnico da Kroll, contendo \""achados relevantes\"" sobre eventuais atos ilícitos, praticados na gestão anterior do BRB, entregu",https://ple.cl.df.gov.br/pleservico/api/public/proposicao/156146/documento/ativas,data/raw/documento-ativas/b2e177db3b8bb543.json
BRB,BRB,BRB-OUTRO,proposição (ementa/payload),proposicao,ementa,PL 2165/2026,156358,,,,,2026-02-21,"Dispõe sobre as medidas a serem adotadas pelo Distrito Federal, na condição de acionista controlador, para o restabelecimento e fortalecimento das condições econômico-financeiras do Banco de Brasília S.A. – BRB, e dá outras providências.","Dispõe sobre as medidas a serem adotadas pelo Distrito Federal, na condição de acionista controlador, para o restabelecimento e fortalecimento das condições econômico-financeiras do Banco de Brasília S.A. – BRB, e dá outras providências.",https://ple.cl.df.gov.br/pleservico/api/public/proposicao/156358/documento/ativas,data/raw/documento-ativas/1ad6497d3a58223e.json
BRB,BRB,BRB-OUTRO,proposição (ementa/payload),proposicao,payload,PL 2165/2026,156358,,,,,2026-02-21,"Dispõe sobre as medidas a serem adotadas pelo Distrito Federal, na condição de acionista controlador, para o restabelecimento e fortalecimento das condições econômico-financeiras do Banco de Brasília S.A. – BRB, e dá outras providências.","roposicao"": ""2165/2026 - Projeto de Lei"", ""ementa"": ""Dispõe sobre as medidas a serem adotadas pelo Distrito Federal, na condição de acionista controlador, para o restabelecimento e fortalecimento das condições econômico-financeiras do Banco de Brasília S.A. – BRB, e dá outras providências."", ""etapa"": ""Apresentação"", ""habilitadoOnline"": null, ""id"": 156358, ""idAutoria"": null, ""idRelator"": null, ""idTipoProposicao"": null, ""idUnidade"": null, ""idUsuarioAtribuido"": null, ""idUsuarioDisponibilizado"": null, ""idsMarcadores"": ",https://ple.cl.df.gov.br/pleservico/api/public/proposicao/156358/documento/ativas,data/raw/documento-ativas/1ad6497d3a58223e.json
BRB,BRB,BRB-OUTRO,proposição (ementa/payload),proposicao,ementa,REQ 2683/2026,156408,,,,,2026-03-16,"Requer informações junto ao Instituto de Previdência dos Servidores do Distrito Federal (Iprev-DF) a respeito da extinção e da utilização do Fundo Solidário Garantidor para constituição de Fundo de Investimento Imobiliário (FII), administrado pelo Banco de Brasília (BRB).","informações junto ao Instituto de Previdência dos Servidores do Distrito Federal (Iprev-DF) a respeito da extinção e da utilização do Fundo Solidário Garantidor para constituição de Fundo de Investimento Imobiliário (FII), administrado pelo Banco de Brasília (BRB).",https://ple.cl.df.gov.br/pleservico/api/public/proposicao/156408/documento/ativas,data/raw/documento-ativas/9cb8c53c8e2d046b.json
BRB,BRB,BRB-OUTRO,proposição (ementa/payload),proposicao,payload,REQ 2683/2026,156408,,,,,2026-03-16,"Requer informações junto ao Instituto de Previdência dos Servidores do Distrito Federal (Iprev-DF) a respeito da extinção e da utilização do Fundo Solidário Garantidor para constituição de Fundo de Investimento Imobiliário (FII), administrado pelo Banco de Brasília (BRB).","informações junto ao Instituto de Previdência dos Servidores do Distrito Federal (Iprev-DF) a respeito da extinção e da utilização do Fundo Solidário Garantidor para constituição de Fundo de Investimento Imobiliário (FII), administrado pelo Banco de Brasília (BRB)."", ""etapa"": ""Apresentação"", ""habilitadoOnline"": null, ""id"": 156408, ""idAutoria"": null, ""idRelator"": null, ""idTipoProposicao"": null, ""idUnidade"": null, ""idUsuarioAtribuido"": null, ""idUsuarioDisponibilizado"": null, ""idsMarcadores"": [], ""parecer"": null, ""pes",https://ple.cl.df.gov.br/pleservico/api/public/proposicao/156408/documento/ativas,data/raw/documento-ativas/9cb8c53c8e2d046b.json
BRB,BRB,BRB-OUTRO,proposição (ementa/payload),proposicao,ementa,REQ 2709/2026,156917,,,,,2026-03-26,Requer o encaminhamento de pedido de informações ao Presidente do Banco de Brasília S.A (BRB).,Requer o encaminhamento de pedido de informações ao Presidente do Banco de Brasília S.A (BRB).,https://ple.cl.df.gov.br/pleservico/api/public/proposicao/156917/documento/ativas,data/raw/documento-ativas/1f9c190c723b8f33.json
BRB,BRB,BRB-OUTRO,proposição (ementa/payload),proposicao,payload,REQ 2709/2026,156917,,,,,2026-03-26,Requer o encaminhamento de pedido de informações ao Presidente do Banco de Brasília S.A (BRB).,"ll, ""autoria"": ""Deputado Ricardo Vale"", ""dataAcesso"": null, ""dataLeitura"": ""2026-03-26"", ""dataLimite"": null, ""descricaoProposicao"": ""2709/2026 - Requerimento"", ""ementa"": ""Requer o encaminhamento de pedido de informações ao Presidente do Banco de Brasília S.A (BRB)."", ""etapa"": ""Apresentação"", ""habilitadoOnline"": null, ""id"": 156917, ""idAutoria"": null, ""idRelator"": null, ""idTipoProposicao"": null, ""idUnidade"": null, ""idUsuarioAtribuido"": null, ""idUsuarioDisponibilizado"": null, ""idsMarcadores"": [], ""parecer"": null, ""pes",https://ple.cl.df.gov.br/pleservico/api/public/proposicao/156917/documento/ativas,data/raw/documento-ativas/1f9c190c723b8f33.json
BRB,BRB,BRB-OUTRO,proposição (ementa/payload),proposicao,ementa,IND 10194/2026,157069,,,,,2026-04-13,"Sugere ao Poder Executivo que promova, por meio da Secretaria de Estado de Transporte e Mobilidade do Distrito Federal - SEMOB/DF, da Secretaria de Estado da Educação - SEE e do BRB Mobilidade, a adaptação dos meios de pagamento da taxa referente à segunda via do Passe Livre Estudantil, visando ampl","Sugere ao Poder Executivo que promova, por meio da Secretaria de Estado de Transporte e Mobilidade do Distrito Federal - SEMOB/DF, da Secretaria de Estado da Educação - SEE e do BRB Mobilidade, a adaptação dos meios de pagamento da taxa referente à segunda via do Passe Livre Estudantil, visando ampliar e facilitar o acesso ao benefício.",https://ple.cl.df.gov.br/pleservico/api/public/proposicao/157069/documento/ativas,data/raw/documento-ativas/b1ca48e8916a875d.json
BRB,BRB,BRB-OUTRO,proposição (ementa/payload),proposicao,payload,IND 10194/2026,157069,,,,,2026-04-13,"Sugere ao Poder Executivo que promova, por meio da Secretaria de Estado de Transporte e Mobilidade do Distrito Federal - SEMOB/DF, da Secretaria de Estado da Educação - SEE e do BRB Mobilidade, a adaptação dos meios de pagamento da taxa referente à segunda via do Passe Livre Estudantil, visando ampl",", ""dataLimite"": null, ""descricaoProposicao"": ""10194/2026 - Indicação"", ""ementa"": ""Sugere ao Poder Executivo que promova, por meio da Secretaria de Estado de Transporte e Mobilidade do Distrito Federal - SEMOB/DF, da Secretaria de Estado da Educação - SEE e do BRB Mobilidade, a adaptação dos meios de pagamento da taxa referente à segunda via do Passe Livre Estudantil, visando ampliar e facilitar o acesso ao benefício. "", ""etapa"": ""Apresentação"", ""habilitadoOnline"": null, ""id"": 157069, ""idAutoria"": null, ""idRelator"":",https://ple.cl.df.gov.br/pleservico/api/public/proposicao/157069/documento/ativas,data/raw/documento-ativas/b1ca48e8916a875d.json
BRB,BRB,BRB-OUTRO,proposição (ementa/payload),proposicao,ementa,PL 2265/2026,157155,,,,,2026-04-08,"Altera a Lei nº 7.845, de 10 de MARÇO de 2026, que ""dispõe sobre as medidas a serem adotadas pelo Distrito Federal, na condição de acionista controlador, para o restabelecimento e fortalecimento das condições econômico-financeiras do Banco de Brasília S.A. – BRB, e dá outras providências"", para reti","Altera a Lei nº 7.845, de 10 de MARÇO de 2026, que ""dispõe sobre as medidas a serem adotadas pelo Distrito Federal, na condição de acionista controlador, para o restabelecimento e fortalecimento das condições econômico-financeiras do Banco de Brasília S.A. – BRB, e dá outras providências"", para retirar a Gleba A, com 716 hectares, da lista dos imóveis de que trata a lei.",https://ple.cl.df.gov.br/pleservico/api/public/proposicao/157155/documento/ativas,data/raw/documento-ativas/c09ac17bf1faf105.json
BRB,BRB,BRB-OUTRO,proposição (ementa/payload),proposicao,payload,PL 2265/2026,157155,,,,,2026-04-08,"Altera a Lei nº 7.845, de 10 de MARÇO de 2026, que ""dispõe sobre as medidas a serem adotadas pelo Distrito Federal, na condição de acionista controlador, para o restabelecimento e fortalecimento das condições econômico-financeiras do Banco de Brasília S.A. – BRB, e dá outras providências"", para reti","Altera a Lei nº 7.845, de 10 de MARÇO de 2026, que \""dispõe sobre as medidas a serem adotadas pelo Distrito Federal, na condição de acionista controlador, para o restabelecimento e fortalecimento das condições econômico-financeiras do Banco de Brasília S.A. – BRB, e dá outras providências\"", para retirar a Gleba A, com 716 hectares, da lista dos imóveis de que trata a lei."", ""etapa"": ""Comissões, Disponibilizada(Parecer)"", ""habilitadoOnline"": null, ""id"": 157155, ""idAutoria"": null, ""idRelator"": null, ""idTipoProposica",https://ple.cl.df.gov.br/pleservico/api/public/proposicao/157155/documento/ativas,data/raw/documento-ativas/c09ac17bf1faf105.json
BRB,BRB,BRB-OUTRO,proposição (ementa/payload),proposicao,ementa,REQ 2761/2026,157364,,,,,2026-04-23,"Requer ao Poder Executivo, por intermédio da Casa Civil do Distrito Federal, informações acerca de eventual manifestação jurídica da Procuradoria-Geral do Distrito Federal relativa a medidas de socorro financeiro ao Banco de Brasília S.A. – BRB, bem como sobre fatos relacionados à exoneração de memb","Requer ao Poder Executivo, por intermédio da Casa Civil do Distrito Federal, informações acerca de eventual manifestação jurídica da Procuradoria-Geral do Distrito Federal relativa a medidas de socorro financeiro ao Banco de Brasília S.A. – BRB, bem como sobre fatos relacionados à exoneração de membro da carreira jurídica supostamente motivada por divergência de entendimento.",https://ple.cl.df.gov.br/pleservico/api/public/proposicao/157364/documento/ativas,data/raw/documento-ativas/540872c607662808.json
BRB,BRB,BRB-OUTRO,proposição (ementa/payload),proposicao,payload,REQ 2761/2026,157364,,,,,2026-04-23,"Requer ao Poder Executivo, por intermédio da Casa Civil do Distrito Federal, informações acerca de eventual manifestação jurídica da Procuradoria-Geral do Distrito Federal relativa a medidas de socorro financeiro ao Banco de Brasília S.A. – BRB, bem como sobre fatos relacionados à exoneração de memb","mento"", ""ementa"": ""Requer ao Poder Executivo, por intermédio da Casa Civil do Distrito Federal, informações acerca de eventual manifestação jurídica da Procuradoria-Geral do Distrito Federal relativa a medidas de socorro financeiro ao Banco de Brasília S.A. – BRB, bem como sobre fatos relacionados à exoneração de membro da carreira jurídica supostamente motivada por divergência de entendimento."", ""etapa"": ""Apresentação"", ""habilitadoOnline"": null, ""id"": 157364, ""idAutoria"": null, ""idRelator"": null, ""idTipoProposicao",https://ple.cl.df.gov.br/pleservico/api/public/proposicao/157364/documento/ativas,data/raw/documento-ativas/540872c607662808.json
BRB,BRB,BRB-OUTRO,proposição (ementa/payload),proposicao,ementa,REQ 2768/2026,157374,,,,,2026-04-27,"Requer o encaminhamento de pedido de informações ao Presidente do Banco de Brasília S.A. – BRB, acerca da operação de aumento de capital, com solicitação de documentos, estudos técnicos, pareceres e demais elementos que detalhem os impactos fiscais, patrimoniais e de governança da medida.","Requer o encaminhamento de pedido de informações ao Presidente do Banco de Brasília S.A. – BRB, acerca da operação de aumento de capital, com solicitação de documentos, estudos técnicos, pareceres e demais elementos que detalhem os impactos fiscais, patrimoniais e de governança da medida.",https://ple.cl.df.gov.br/pleservico/api/public/proposicao/157374/documento/ativas,data/raw/documento-ativas/186e80ad89eb8365.json
BRB,BRB,BRB-OUTRO,proposição (ementa/payload),proposicao,payload,REQ 2768/2026,157374,,,,,2026-04-27,"Requer o encaminhamento de pedido de informações ao Presidente do Banco de Brasília S.A. – BRB, acerca da operação de aumento de capital, com solicitação de documentos, estudos técnicos, pareceres e demais elementos que detalhem os impactos fiscais, patrimoniais e de governança da medida.","""autoria"": ""Deputada Paula Belmonte"", ""dataAcesso"": null, ""dataLeitura"": ""2026-04-27"", ""dataLimite"": null, ""descricaoProposicao"": ""2768/2026 - Requerimento"", ""ementa"": ""Requer o encaminhamento de pedido de informações ao Presidente do Banco de Brasília S.A. – BRB, acerca da operação de aumento de capital, com solicitação de documentos, estudos técnicos, pareceres e demais elementos que detalhem os impactos fiscais, patrimoniais e de governança da medida."", ""etapa"": ""Apresentação"", ""habilitadoOnline"": null, ""id"": 15",https://ple.cl.df.gov.br/pleservico/api/public/proposicao/157374/documento/ativas,data/raw/documento-ativas/186e80ad89eb8365.json
BRB,BRB,BRB-OUTRO,proposição (ementa/payload),proposicao,ementa,PL 2295/2026,157411,,,,,2026-04-27,"Altera a Lei nº 7.845, de 10 de março de 2026, que ""dispõe sobre as medidas a serem adotadas pelo Distrito Federal, na condição de acionista controlador, para o restabelecimento e fortalecimento das condições econômico-financeiras do Banco de Brasília S.A. - BRB, e dá outras providências"".","Altera a Lei nº 7.845, de 10 de março de 2026, que ""dispõe sobre as medidas a serem adotadas pelo Distrito Federal, na condição de acionista controlador, para o restabelecimento e fortalecimento das condições econômico-financeiras do Banco de Brasília S.A. - BRB, e dá outras providências"".",https://ple.cl.df.gov.br/pleservico/api/public/proposicao/157411/documento/ativas,data/raw/documento-ativas/99ebdf6b2d89fd00.json
BRB,BRB,BRB-OUTRO,proposição (ementa/payload),proposicao,payload,PL 2295/2026,157411,,,,,2026-04-27,"Altera a Lei nº 7.845, de 10 de março de 2026, que ""dispõe sobre as medidas a serem adotadas pelo Distrito Federal, na condição de acionista controlador, para o restabelecimento e fortalecimento das condições econômico-financeiras do Banco de Brasília S.A. - BRB, e dá outras providências"".","ltera a Lei nº 7.845, de 10 de março de 2026, que \""dispõe sobre as medidas a serem adotadas pelo Distrito Federal, na condição de acionista controlador, para o restabelecimento e fortalecimento das condições econômico-financeiras do Banco de\nBrasília S.A. - BRB, e dá outras providências\""."", ""etapa"": ""Sanção Veto ou Promulgação, Retorno(Emenda)"", ""habilitadoOnline"": null, ""id"": 157411, ""idAutoria"": null, ""idRelator"": null, ""idTipoProposicao"": null, ""idUnidade"": null, ""idUsuarioAtribuido"": null, ""idUsuarioDisponib",https://ple.cl.df.gov.br/pleservico/api/public/proposicao/157411/documento/ativas,data/raw/documento-ativas/99ebdf6b2d89fd00.json
BRB,BRB,BRB-OUTRO,proposição (ementa/payload),proposicao,ementa,REQ 2778/2026,157461,,,,,2026-04-29,Requer ao Banco de Brasília S.A - BRB informações que especifica. ,Requer ao Banco de Brasília S.A - BRB informações que especifica.,https://ple.cl.df.gov.br/pleservico/api/public/proposicao/157461/documento/ativas,data/raw/documento-ativas/2019c0d33b0a225b.json
BRB,BRB,BRB-OUTRO,proposição (ementa/payload),proposicao,payload,REQ 2778/2026,157461,,,,,2026-04-29,Requer ao Banco de Brasília S.A - BRB informações que especifica. ,""": null, ""autoria"": ""Deputado Chico Vigilante, Deputado Gabriel Magno, Deputado Ricardo Vale"", ""dataAcesso"": null, ""dataLeitura"": ""2026-04-29"", ""dataLimite"": null, ""descricaoProposicao"": ""2778/2026 - Requerimento"", ""ementa"": ""Requer ao Banco de Brasília S.A - BRB informações que especifica. "", ""etapa"": ""Apresentação"", ""habilitadoOnline"": null, ""id"": 157461, ""idAutoria"": null, ""idRelator"": null, ""idTipoProposicao"": null, ""idUnidade"": null, ""idUsuarioAtribuido"": null, ""idUsuarioDisponibilizado"": null, ""idsMarcadores""",https://ple.cl.df.gov.br/pleservico/api/public/proposicao/157461/documento/ativas,data/raw/documento-ativas/2019c0d33b0a225b.json
BRB,BRB,BRB-OUTRO,proposição (ementa/payload),proposicao,ementa,REQ 2776/2026,157468,,,,,2026-04-28,"Requer à Procuradoria-Geral do Distrito Federal cópia dos pareceres, e instrumentos análogos, exarados nos exercícios de 2025 e 2026 relacionados ao Banco de Brasília (BRB).","Requer à Procuradoria-Geral do Distrito Federal cópia dos pareceres, e instrumentos análogos, exarados nos exercícios de 2025 e 2026 relacionados ao Banco de Brasília (BRB).",https://ple.cl.df.gov.br/pleservico/api/public/proposicao/157468/documento/ativas,data/raw/documento-ativas/f4ef27437a502343.json
BRB,BRB,BRB-OUTRO,proposição (ementa/payload),proposicao,payload,REQ 2776/2026,157468,,,,,2026-04-28,"Requer à Procuradoria-Geral do Distrito Federal cópia dos pareceres, e instrumentos análogos, exarados nos exercícios de 2025 e 2026 relacionados ao Banco de Brasília (BRB).","6-04-28"", ""dataLimite"": null, ""descricaoProposicao"": ""2776/2026 - Requerimento"", ""ementa"": ""Requer à Procuradoria-Geral do Distrito Federal cópia dos pareceres, e instrumentos análogos, exarados nos exercícios de 2025 e 2026 relacionados ao Banco de Brasília (BRB)."", ""etapa"": ""Apresentação"", ""habilitadoOnline"": null, ""id"": 157468, ""idAutoria"": null, ""idRelator"": null, ""idTipoProposicao"": null, ""idUnidade"": null, ""idUsuarioAtribuido"": null, ""idUsuarioDisponibilizado"": null, ""idsMarcadores"": [], ""parecer"": null, ""pes",https://ple.cl.df.gov.br/pleservico/api/public/proposicao/157468/documento/ativas,data/raw/documento-ativas/f4ef27437a502343.json
BRB,BRB,BRB-OUTRO,proposição (ementa/payload),proposicao,ementa,REQ 2799/2026,157571,,,,,2026-05-07,Requer informações ao Banco de Brasília S.A - BRB acerca da gestão dos depósitos judiciais realizados pelos Tribunais de Justiça.,Requer informações ao Banco de Brasília S.A - BRB acerca da gestão dos depósitos judiciais realizados pelos Tribunais de Justiça.,https://ple.cl.df.gov.br/pleservico/api/public/proposicao/157571/documento/ativas,data/raw/documento-ativas/f7a24f1559d4eec8.json
BRB,BRB,BRB-OUTRO,proposição (ementa/payload),proposicao,payload,REQ 2799/2026,157571,,,,,2026-05-07,Requer informações ao Banco de Brasília S.A - BRB acerca da gestão dos depósitos judiciais realizados pelos Tribunais de Justiça.,"{""ano"": null, ""autores"": null, ""autoria"": ""Deputado Fábio Felix"", ""dataAcesso"": null, ""dataLeitura"": ""2026-05-07"", ""dataLimite"": null, ""descricaoProposicao"": ""2799/2026 - Requerimento"", ""ementa"": ""Requer informações ao Banco de Brasília S.A - BRB acerca da gestão dos depósitos judiciais realizados pelos Tribunais de Justiça."", ""etapa"": ""Apresentação"", ""habilitadoOnline"": null, ""id"": 157571, ""idAutoria"": null, ""idRelator"": null, ""idTipoProposicao"": null, ""idUnidade"": null, ""idUsuarioAtribuido"": null, """,https://ple.cl.df.gov.br/pleservico/api/public/proposicao/157571/documento/ativas,data/raw/documento-ativas/f7a24f1559d4eec8.json
BRB,BRB,BRB-OUTRO,proposição (ementa/payload),proposicao,ementa,REQ 2973/2026,158207,,,,,2026-06-09,"Requer a convocação do Senhor Nelson Antônio de Souza, Presidente do Banco de Brasília S.A. – BRB, para comparecer à Câmara Legislativa do Distrito Federal, a fim de prestar esclarecimentos sobre a situação econômico-financeira do Banco e sobre a operação de crédito proposta pelo Poder Executivo par","Requer a convocação do Senhor Nelson Antônio de Souza, Presidente do Banco de Brasília S.A. – BRB, para comparecer à Câmara Legislativa do Distrito Federal, a fim de prestar esclarecimentos sobre a situação econômico-financeira do Banco e sobre a operação de crédito proposta pelo Poder Executivo para integralizar capital",https://ple.cl.df.gov.br/pleservico/api/public/proposicao/158207/documento/ativas,data/raw/documento-ativas/44122a0fbe1d5be1.json
BRB,BRB,BRB-OUTRO,proposição (ementa/payload),proposicao,payload,REQ 2973/2026,158207,,,,,2026-06-09,"Requer a convocação do Senhor Nelson Antônio de Souza, Presidente do Banco de Brasília S.A. – BRB, para comparecer à Câmara Legislativa do Distrito Federal, a fim de prestar esclarecimentos sobre a situação econômico-financeira do Banco e sobre a operação de crédito proposta pelo Poder Executivo par","""autoria"": ""Deputado Fábio Felix"", ""dataAcesso"": null, ""dataLeitura"": ""2026-06-09"", ""dataLimite"": null, ""descricaoProposicao"": ""2973/2026 - Requerimento"", ""ementa"": ""Requer a convocação do Senhor Nelson Antônio de Souza, Presidente do Banco de Brasília S.A. – BRB, para comparecer à Câmara Legislativa do Distrito Federal, a fim de prestar esclarecimentos sobre a situação econômico-financeira do Banco e sobre a operação de crédito proposta pelo Poder Executivo para integralizar capital"", ""etapa"": ""Apresentação"", ""hab",https://ple.cl.df.gov.br/pleservico/api/public/proposicao/158207/documento/ativas,data/raw/documento-ativas/44122a0fbe1d5be1.json
BRB,BRB,BRB-OUTRO,proposição (ementa/payload),proposicao,ementa,REQ 2974/2026,158208,,,,,2026-06-09,"Requer a convocação do Senhor Nelson Antônio de Souza, Presidente do Banco de Brasília S.A. – BRB, para comparecer à Câmara Legislativa do Distrito Federal, a fim de prestar esclarecimentos sobre a situação econômico-financeira do Banco e sobre a operação de crédito proposta pelo Poder Executivo par","Requer a convocação do Senhor Nelson Antônio de Souza, Presidente do Banco de Brasília S.A. – BRB, para comparecer à Câmara Legislativa do Distrito Federal, a fim de prestar esclarecimentos sobre a situação econômico-financeira do Banco e sobre a operação de crédito proposta pelo Poder Executivo para integralizar capital",https://ple.cl.df.gov.br/pleservico/api/public/proposicao/158208/documento/ativas,data/raw/documento-ativas/ddf686fad4404122.json
BRB,BRB,BRB-OUTRO,proposição (ementa/payload),proposicao,payload,REQ 2974/2026,158208,,,,,2026-06-09,"Requer a convocação do Senhor Nelson Antônio de Souza, Presidente do Banco de Brasília S.A. – BRB, para comparecer à Câmara Legislativa do Distrito Federal, a fim de prestar esclarecimentos sobre a situação econômico-financeira do Banco e sobre a operação de crédito proposta pelo Poder Executivo par","""autoria"": ""Deputado Fábio Felix"", ""dataAcesso"": null, ""dataLeitura"": ""2026-06-09"", ""dataLimite"": null, ""descricaoProposicao"": ""2974/2026 - Requerimento"", ""ementa"": ""Requer a convocação do Senhor Nelson Antônio de Souza, Presidente do Banco de Brasília S.A. – BRB, para comparecer à Câmara Legislativa do Distrito Federal, a fim de prestar esclarecimentos sobre a situação econômico-financeira do Banco e sobre a operação de crédito proposta pelo Poder Executivo para integralizar capital"", ""etapa"": ""Plenário"", ""habilit",https://ple.cl.df.gov.br/pleservico/api/public/proposicao/158208/documento/ativas,data/raw/documento-ativas/ddf686fad4404122.json
BRB,BRB,BRB-OUTRO,proposição (ementa/payload),proposicao,ementa,IND 10853/2026,158678,,,,,2026-08-03,"Sugere ao Banco de Brasília (BRB) a manutenção e o aprimoramento do atendimento presencial, exclusivo e humanizado às pessoas idosas na contratação de empréstimos e demais serviços financeiros.","Sugere ao Banco de Brasília (BRB) a manutenção e o aprimoramento do atendimento presencial, exclusivo e humanizado às pessoas idosas na contratação de empréstimos e demais serviços financeiros.",https://ple.cl.df.gov.br/pleservico/api/public/proposicao/158678/documento/ativas,data/raw/documento-ativas/cc611b914fca7989.json
BRB,BRB,BRB-OUTRO,proposição (ementa/payload),proposicao,payload,IND 10853/2026,158678,,,,,2026-08-03,"Sugere ao Banco de Brasília (BRB) a manutenção e o aprimoramento do atendimento presencial, exclusivo e humanizado às pessoas idosas na contratação de empréstimos e demais serviços financeiros.","{""ano"": null, ""autores"": null, ""autoria"": ""Deputado Eduardo Pedrosa"", ""dataAcesso"": null, ""dataLeitura"": ""2026-08-03"", ""dataLimite"": null, ""descricaoProposicao"": ""10853/2026 - Indicação"", ""ementa"": ""Sugere ao Banco de Brasília (BRB) a manutenção e o aprimoramento do atendimento presencial, exclusivo e humanizado às pessoas idosas na contratação de empréstimos e demais serviços financeiros."", ""etapa"": ""Apresentação"", ""habilitadoOnline"": null, ""id"": 158678, ""idAutoria"": null, ""idRelator"":",https://ple.cl.df.gov.br/pleservico/api/public/proposicao/158678/documento/ativas,data/raw/documento-ativas/cc611b914fca7989.json
Master,Master,FORA,proposição (ementa/payload),proposicao,ementa,MO 1568/2022,8349,,,,,2022-05-24,"Reconhece e apresenta Votos de Louvor à Senhora Sandra Nery Medeiros, RG nº 1443989 SSP/DF, CPF nº688339461-34, Mantenedora do Instituto Social Educacional Master, pelo comprometimento, profissionalismo e dedicação em prol das crianças e famílias do Distrito Federal.","Reconhece e apresenta Votos de Louvor à Senhora Sandra Nery Medeiros, RG nº 1443989 SSP/DF, CPF nº688339461-34, Mantenedora do Instituto Social Educacional Master, pelo comprometimento, profissionalismo e dedicação em prol das crianças e famílias do Distrito Federal.",https://ple.cl.df.gov.br/pleservico/api/public/proposicao/8349/documento/ativas,data/raw/documento-ativas/dfaff4acb7ff60fa.json
Master,Master,FORA,proposição (ementa/payload),proposicao,payload,MO 1568/2022,8349,,,,,2022-05-24,"Reconhece e apresenta Votos de Louvor à Senhora Sandra Nery Medeiros, RG nº 1443989 SSP/DF, CPF nº688339461-34, Mantenedora do Instituto Social Educacional Master, pelo comprometimento, profissionalismo e dedicação em prol das crianças e famílias do Distrito Federal.","""dataLeitura"": ""2022-05-24"", ""dataLimite"": null, ""descricaoProposicao"": ""1568/2022 - Moção"", ""ementa"": ""Reconhece e apresenta Votos de Louvor à Senhora Sandra Nery Medeiros, RG nº 1443989 SSP/DF, CPF nº688339461-34, Mantenedora do Instituto Social Educacional Master, pelo comprometimento, profissionalismo e dedicação em prol das crianças e famílias do Distrito Federal."", ""etapa"": ""Apresentação"", ""habilitadoOnline"": null, ""id"": 8349, ""idAutoria"": null, ""idRelator"": null, ""idTipoProposicao"": null, ""idUnidade"": null, ",https://ple.cl.df.gov.br/pleservico/api/public/proposicao/8349/documento/ativas,data/raw/documento-ativas/dfaff4acb7ff60fa.json
Master,Master,FORA,proposição (ementa/payload),proposicao,ementa,PDL 184/2024,21797,,,,,2024-09-17,Concede o Título de Cidadão Honorário de Brasília ao Master Rodolpho Cavenatti. ,Concede o Título de Cidadão Honorário de Brasília ao Master Rodolpho Cavenatti.,https://ple.cl.df.gov.br/pleservico/api/public/proposicao/21797/documento/ativas,data/raw/documento-ativas/ede9d737c6d5bb74.json
Master,Master,FORA,proposição (ementa/payload),proposicao,payload,PDL 184/2024,21797,,,,,2024-09-17,Concede o Título de Cidadão Honorário de Brasília ao Master Rodolpho Cavenatti. ,"ll, ""autores"": null, ""autoria"": ""Deputado Thiago Manzoni"", ""dataAcesso"": null, ""dataLeitura"": ""2024-09-17"", ""dataLimite"": null, ""descricaoProposicao"": ""184/2024 - Projeto de Decreto Legislativo"", ""ementa"": ""Concede o Título de Cidadão Honorário de Brasília ao Master Rodolpho Cavenatti. "", ""etapa"": ""Sanção Veto ou Promulgação, Retorno(Parecer)"", ""habilitadoOnline"": null, ""id"": 21797, ""idAutoria"": null, ""idRelator"": null, ""idTipoProposicao"": null, ""idUnidade"": null, ""idUsuarioAtribuido"": null, ""idUsuarioDisponibiliza",https://ple.cl.df.gov.br/pleservico/api/public/proposicao/21797/documento/ativas,data/raw/documento-ativas/ede9d737c6d5bb74.json
BRB,BRB,BRB-OUTRO,verba indenizatória,verba_comprovante,comprovante,,,,,,,30/092023,,2 cheque BRB n.º 700363,,
BRB,BRB,BRB-OUTRO,verba indenizatória,verba_comprovante,comprovante,,,,,,,2023-05-31,,13 Cheque BRB n.º 700358,,
BRB,BRB,BRB-OUTRO,verba indenizatória,verba_comprovante,comprovante,,,,,,,2023-10-31,,3 cheque BRB n.º 700366,,
BRB,BRB,BRB-OUTRO,verba indenizatória,verba_comprovante,comprovante,,,,,,,2023-08-28,,61 Cheque BRB n.º 700362,,
BRB,BRB,BRB-OUTRO,verba indenizatória,verba_comprovante,comprovante,,,,,,,2023-08-28,,61 Cheque BRB n.º 700362,,
BRB,BRB,BRB-OUTRO,verba indenizatória,verba_comprovante,comprovante,,,,,,,2026-04-30,,NF n.º 59 Cheque BRB n.º 55 700455,,
BRB,BRB,BRB-OUTRO,verba indenizatória,verba_comprovante,comprovante,,,,,,,2026-04-30,,Cheque BRB n.º 700453,,
BRB,BRB,BRB-OUTRO,verba indenizatória,verba_comprovante,comprovante,,,,,,,2026-04-30,,NF n.º 726 Cheque BRB n.º 700454,,
BRB,BRB,BRB-OUTRO,verba indenizatória,verba_comprovante,comprovante,,,,,,,2026-01-31,,NF n.º 56 Cheque BRB n.º 55 700445,,
BRB,BRB,BRB-OUTRO,verba indenizatória,verba_comprovante,comprovante,,,,,,,2026-01-30,,Cheque BRB n.º 700446,,
BRB,BRB,BRB-OUTRO,verba indenizatória,verba_comprovante,comprovante,,,,,,,2026-01-30,,NF n.º 625 Cheque BRB n.º 700444,,
BRB,BRB,BRB-OUTRO,verba indenizatória,verba_comprovante,comprovante,,,,,,,2/28/2026,,NF n.º 57 Cheque BRB n.º 700448,,
BRB,BRB,BRB-OUTRO,verba indenizatória,verba_comprovante,comprovante,,,,,,,2/27/2026,,Cheque BRB n.º 700447,,
BRB,BRB,BRB-OUTRO,verba indenizatória,verba_comprovante,comprovante,,,,,,,2/27/2026,,NF n.º 663 Cheque BRB n.º 700449,,
BRB,BRB,BRB-OUTRO,verba indenizatória,verba_comprovante,comprovante,,,,,,,3/31/2026,,NF n.º 58 Cheque BRB n.º 55 700452,,
BRB,BRB,BRB-OUTRO,verba indenizatória,verba_comprovante,comprovante,,,,,,,3/30/2026,,Cheque BRB n.º 700450,,
BRB,BRB,BRB-OUTRO,verba indenizatória,verba_comprovante,comprovante,,,,,,,3/31/2026,,NF n.º 696 Cheque BRB n.º 700451,,
BRB,BRB,BRB-OUTRO,verba indenizatória,verba_comprovante,comprovante,,,,,,,3/31/2026,,NF n.º 58 Cheque BRB n.º 55 700452,,
BRB,BRB,BRB-OUTRO,verba indenizatória,verba_comprovante,comprovante,,,,,,,3/30/2026,,Cheque BRB n.º 700450,,
BRB,BRB,BRB-OUTRO,verba indenizatória,verba_comprovante,comprovante,,,,,,,3/31/2026,,NF n.º 696 Cheque BRB n.º 700451,,
BRB,BRB,BRB-OUTRO,votação em plenário,votacao,ementa,,,,,,,2025-11-25,,"INDICAÇÃO DO SENHOR NELSON ANTÔNIO DE SOUZA PARA OCUPAR O CARGO DE DIRETOR-PRESIDENTE DO BANCO DE BRASÍLIA - BRB, NOS TERMOS DO ART. 100, XV, C/C O ART. 60, XXXV, DA LEI ORGÂNICA DO DISTRITO FEDERAL. AUTORIA: CEOF",,
BRB,BRB,BRB-OUTRO,votação em plenário,votacao,ementa,,,,,,,2025-11-25,,"AUTORIA: CEOF RELATORIA: IOLANDO - CCJ INDICAÇÃO DO SENHOR NELSON ANTÔNIO DE SOUZA PARA OCUPAR O CARGO DE DIRETOR-PRESIDENTE DO BANCO DE BRASÍLIA - BRB, NOS TERMOS DO ART. 100, XV, C/C O ART. 60, XXXV, DA LEI ORGÂNICA DO DISTRITO FEDERAL.",,
BRB,BRB,BRB-OUTRO,votação em plenário,votacao,ementa,,,,,,,2026-06-09,,"EMENTA: ""REQUER A CONVOCAÇÃO DO SENHOR NELSON ANTÔNIO DE SOUZA, PRESIDENTE DO BANCO DE BRASÍLIA S.A. – BRB, PARA COMPARECER À CÂMARA LEGISLATIVA DO DISTRITO FEDERAL, A FIM DE PRESTAR ESCLARECIMENTOS SOBRE A SITUAÇÃO ECONÔMICO-FINANCEIRA DO BANCO E SOBRE A OPERAÇÃO DE CRÉDITO PROPOSTA PELO PODER EXECUTIVO PARA INTEGRALIZAR CAPITAL"" AUTORIA: FÁBIO FÉLIX",,
