proposicao,autoria,ementa,data_leitura,dias_ate_22_09_2026,documentos_no_processo,documentos_de_resposta,respostas_legiveis,remetido_ao_sei,encerrado,etapa,id_proposicao
REQ 1000/2023,Deputada Dayse Amarilio,Requer informações à Secretaria de Estado de Educação do Distrito Federal acerca do processo eleitoral para os cargos diretivos das unidades escolares da rede pública de ensino ocorrida no mês de outubro de 2023.,2023-11-01,1056,3,0,0,sim,sim,Apresentação,17300
REQ 1001/2023,Deputado Iolando,REQUER INFORMAÇÕES DA SECRETARIA DA  PESSOA COM DEFICIÊNCIA A RESPEITO DA IMPRESSÃO E DISTRIBUIÇÃO DO CARTÃO DE IDENTIFICAÇÃO DA PESSOA COM DEFICIÊNCIA E DA CARTEIRA DE IDENTIFICAÇÃO DA PESSOA COM TRANSTORNO DE ESPECTRO AUTISTA. ,2023-11-07,1050,3,0,0,sim,sim,Apresentação,17296
REQ 1005/2023,Deputada Dayse Amarilio,Requer informações à Secretaria de Estado de Desenvolvimento Social do Distrito Federal acerca do Restaurante Comunitário do Sol Nascente/Pôr do Sol.,2023-11-14,1043,3,0,0,sim,sim,Apresentação,17391
REQ 1006/2023,"Deputada Dayse Amarilio, Deputada Dayse Amarilio",Requer informações ao Instituto de Gestão Estratégica de Saúde do Distrito Federal acerca da espera para atendimento nas Unidades de Pronto Atendimento da Ceilândia.,2023-11-14,1043,4,0,0,sim,sim,Apresentação,17400
REQ 1008/2023,Deputada Dayse Amarilio,Requer informações à Secretaria de Estado de Saúde acerca do quantitativo de vacâncias nos cargos que especifica.,2023-11-14,1043,3,0,0,sim,sim,Apresentação,17411
REQ 1011/2023,Deputada Dayse Amarilio,Requer informações à Secretaria de Estado da Casa Civil do Distrito Federal - CACI acerca da aplicação da Lei nº 6.908/21.,2023-11-14,1043,3,0,0,sim,sim,Apresentação,17429
REQ 1014/2023,Deputada Dayse Amarilio,Requer informações ao Instituto de Gestão Estratégica de Saúde do Distrito Federal acerca da espera para atendimento da Região de Saúde Centro-Sul. ,2023-11-14,1043,4,0,0,sim,sim,Apresentação,17446
REQ 1015/2023,Deputada Dayse Amarilio,Requer informações à Secretaria de Estado de Saúde do Distrito Federal acerca do tempo de espera pelo atendimento no Hospital Regional do Guará. ,2023-11-14,1043,3,0,0,sim,sim,Apresentação,17448
REQ 1024/2023,Deputado Ricardo Vale,Requer o encaminhamento de pedido de informações à Secretaria de Estado de Educação do Distrito Federal.,2023-11-21,1036,3,0,0,sim,sim,Apresentação,17498
REQ 1036/2023,Deputada Dayse Amarilio,Requer informações à Secretaria de Estado de Saúde do Distrito Federal acerca da fila para hemodiálise.,2023-11-23,1034,3,0,0,sim,sim,Apresentação,17573
REQ 1044/2023,Deputada Dayse Amarilio,Requer informações à Secretaria de Estado da Mulher do Distrito Federal - SMDF acerca dos recursos para os órfãos de feminicídio e das vagas de emprego para as mulheres vítimas de violência doméstica.,2023-11-28,1029,3,0,0,sim,sim,Apresentação,17663
REQ 1047/2023,Deputada Dayse Amarilio,Requer informações à Secretaria de Estado de Saúde do Distrito Federal acerca dos cargos da Secretaria de Estado de Saúde que especifica.,2023-12-05,1022,3,0,0,sim,sim,Apresentação,17689
REQ 1053/2023,Deputada Dayse Amarilio,Requer informações à Secretaria de Estado de Saúde do Distrito Federal acerca do fluxograma da SES para pacientes necessitados de hemodiálise.,2023-12-06,1021,3,0,0,sim,sim,Apresentação,17761
REQ 1056/2023,Deputada Dayse Amarilio,Requer informações à Secretaria de Estado de Saúde do Distrito Federal acerca da situação do paciente Odaílton de Souza com fratura exposta há nove meses.,2023-12-12,1015,3,0,0,sim,sim,Apresentação,17776
REQ 1058/2023,Deputada Dayse Amarilio,Requer informações à Secretaria de Estado de Obras e Infraestrutura - SODF acerca da execução e conclusão do contrato nº 017/2022 que trata de obras de urbanização no Sol Nascente.,2023-12-12,1015,3,0,0,sim,sim,Apresentação,17814
REQ 1061/2023,Deputado Max Maciel,Requer o encaminhamento de solicitação de informações à Secretaria de Estado de Saúde sobre a atenção em saúde à interrupção gestacional no Distrito Federal.,2023-12-12,1015,3,0,0,sim,sim,Apresentação,17644
REQ 107/2023,Deputada Dayse Amarilio,"Requer informações ao Instituto de Gestão Estratégica de Saúde do Distrito Federal acerca dos acontecimentos que culminaram no falecimento da senhora Maria Auciliadora do Nascimento.
",2023-02-07,1323,3,0,0,sim,sim,Apresentação,10423
REQ 1073/2024,Deputado Pastor Daniel de Castro,"Requer informações à Secretaria de Estado de Proteção da Ordem Urbanística do Distrito Federal (DF LEGAL) a respeito de quais operações foram realizadas em 2023, na região denominada ""26 de Setembro"".",2024-02-01,964,3,0,0,sim,sim,Apresentação,17978
REQ 108/2023,Deputada Dayse Amarilio,"
Requer informações à Secretaria de Estado de Saúde do Distrito Federal acerca dos acontecimentos que culminaram no falecimento da senhora Maria Auciliadora do Nascimento.

",2023-02-07,1323,3,0,0,sim,sim,Apresentação,10422
REQ 1080/2024,Deputada Dayse Amarilio,Requer informações à Secretaria de Estado de Desenvolvimento Social do Distrito Federal - SEDES acerca da reativação e revitalização do Centro de Convivência do Idoso da Estrutural.,2024-02-01,964,3,0,0,sim,sim,Apresentação,18061
REQ 1082/2024,Deputado Fábio Felix,Requer informações à Secretaria de Saúde do Distrito Federal sobre a contratação de Agentes de Vigilância Ambiental em Saúde (AVAS) e Agentes Comunitários de Saúde (ACS).,2024-02-06,959,3,0,0,sim,sim,Apresentação,18054
REQ 1083/2024,Deputado Fábio Felix,"Requer informações ao Poder Executivo sobre a aplicação dos critérios de priorização do atendimento às famílias em situação de risco, atingidas por remoções decorrentes de intervenções públicas, estado de emergência ou calamidade pública no âmbito da política habitacional do Distrito Federal.

 ",2024-02-06,959,3,0,0,sim,sim,Apresentação,18044
REQ 1084/2024,Deputado Fábio Felix,Requer informações à SEMOB acerca dos bloqueios e multas impostos aos usuários do Passe Livre Estudantil no DF.,2024-02-06,959,3,0,0,sim,sim,Apresentação,18015
REQ 1122/2024,Deputada Dayse Amarilio,Requer informações à Secretaria de Estado de Saúde do Distrito Federal acerca da nomeação de Agentes de Vigilância Ambiental em Saúde (AVAS) e Agentes Comunitários de Saúde (ACS).,2024-02-15,950,3,0,0,sim,sim,Apresentação,18181
REQ 1123/2024,Deputada Dayse Amarilio,Requer informações à Secretaria de Estado de Saúde do Distrito Federal - SES acerca do fluxograma para a compra de testes rápidos de dengue.,2024-02-15,950,3,0,0,sim,sim,Apresentação,18184
REQ 1124/2024,Deputada Dayse Amarilio,Requer informações à Secretaria de Estado de Saúde do Distrito Federal - SES acerca do pagamento de adicional de insalubridade aos servidores da Administração Central da Secretaria de Saúde - ADMC/SES que estão trabalhando nas tendas e hospitais de campanha contra a dengue.,2024-02-15,950,3,0,0,sim,sim,Apresentação,18185
REQ 1126/2024,Deputada Dayse Amarilio,Requer informações à Secretaria de Estado de Saúde do Distrito Federal - SES acerca do quantitativo de viaturas do Serviço de Atendimento Móvel de Urgência (SAMU) em funcionamento e eventuais problemas correlatos.,2024-02-15,950,4,0,0,sim,sim,Apresentação,18200
REQ 1130/2024,Deputada Dayse Amarilio,"Requer informações à Secretaria de Estado da Mulher do Distrito Federal - SMDF acerca da construção do Espaço Acolher, antigo NAFAVD, na Região Administrativa do Guará.",2024-02-20,945,3,0,0,sim,sim,Apresentação,18300
REQ 1131/2024,Deputada Dayse Amarilio,"Requer informações à Secretaria de Estado de Desenvolvimento Social do Distrito Federal - SEDES acerca do cronograma das obras de manutenção dos CRAS e CREAS no ano de 2024, bem como a implementação do CREAS Imigrantes.",2024-02-20,945,3,0,0,sim,sim,Apresentação,18299
REQ 1132/2024,"Deputada Dayse Amarilio, Deputado Max Maciel","Requer informações ao Secretário de Estado da Família e Juventude do Distrito Federal acerca do disposto na Portaria nº 131, de 9 de fevereiro de 2024, que remaneja jovens do Programa Jovem Candango para atuação em atividades administrativas nas Tendas de Hidratação da Secretaria de Estado de Saúde.",2024-02-20,945,3,0,0,sim,sim,Apresentação,18298
REQ 1133/2024,Deputada Dayse Amarilio,Requer informações ao Secretário de Estado de Economia do Distrito Federal acerca dos contratos de manutenção dos veículos do Serviço de Atendimento Móvel de Urgência.,2024-02-20,945,3,0,0,sim,sim,Apresentação,18301
REQ 1137/2024,Deputada Dayse Amarilio,"Requer informações à Secretaria de Estado de Justiça e Cidadania - SEJUS acerca da destinação de terreno, na Região Administrativa do Guará, para a construção de sede própria do Conselho Tutelar após recurso parlamentar.",2024-02-20,945,3,0,0,sim,sim,Apresentação,18330
REQ 1139/2024,Deputado Ricardo Vale,Requer o encaminhamento de pedido de informações à Secretaria de Estado de Transporte e Mobilidade.,2024-02-20,945,3,0,0,sim,sim,Apresentação,18320
REQ 1140/2024,Deputada Dayse Amarilio,Requer informações à Secretaria de Estado de Justiça e Cidadania - SEJUS acerca do cronograma das obras de manutenção das unidades do Pró-Vítima no ano de 2024.,2024-02-20,945,3,0,0,sim,sim,Apresentação,18338
REQ 1149/2024,Deputada Dayse Amarilio,Requer informações à Secretaria de Estado de Saúde do Distrito Federal - SES acerca do atendimento da população durante a atual situação de emergência.,2024-02-21,944,3,0,0,sim,sim,Apresentação,18356
REQ 1151/2024,Deputado Gabriel Magno,Requer à Companhia Imobiliária de Brasília - Terracap informações sobre o Edital de Concorrência nº 14/2023.,2024-02-21,944,3,0,0,sim,sim,Apresentação,18335
REQ 1156/2024,Deputado Fábio Felix,"Requer a Companhia de Saneamento Ambiental do Distrito Federal - CAESB, informações referente a listagem de todos os eventos no Distrito Federal, nos anos de 2019 a fevereiro de 2024, para os quais a CAESB forneceu gratuitamente água potável para a população. ",2024-02-27,938,3,0,0,sim,sim,Apresentação,18152
REQ 1161/2024,Deputado Fábio Felix,"Requer informações à Secretaria de Saúde do Distrito Federal sobre o itinerário das coletas do laboratório Laboratório Central de Saúde Pública (LACEN).
",2024-02-27,938,3,0,0,sim,sim,Apresentação,18370
REQ 1162/2024,Deputado Fábio Felix,"Requer informações ao DF LEGAL acerca das medidas fiscalizatórias adotadas em relação ao terreno baldio localizado na L2 Norte, na altura da quadra 606.",2024-02-27,938,3,0,0,sim,sim,Apresentação,18092
REQ 1204/2024,Deputado Fábio Felix,"Requer ao Governo do Distrito Federal, por intermédio da Secretaria de Desenvolvimento Social, o encaminhamento de informações sobre a execução da Lei N°14.821, de 16 de Janeiro de 2024.",2024-03-12,924,3,0,0,sim,sim,Apresentação,18056
REQ 1205/2024,Deputado Fábio Felix,"Requer informações à Secretaria de Estado de Justiça e Cidadania - SEJUS, acerca da situação dos projetos do edital n°003/2022. 
",2024-03-12,924,5,2,0,sim,sim,Apresentação,18555
REQ 122/2023,Deputado Max Maciel,Requer o encaminhamento de solicitação de informação à Secretaria de Estado de Desenvolvimento Social sobre 11 micro-ônibus sem uso.,2023-02-07,1323,3,0,0,sim,sim,Apresentação,10400
REQ 1222/2024,Deputado Fábio Felix,Requer informações ao Governo do Distrito Federal acerca do cumprimento da Meta 17 do Plano Distrital de Educação,2024-03-19,917,3,0,0,sim,sim,Apresentação,18471
REQ 1223/2024,Deputado Fábio Felix,Requer informações a respeito de programas de distribuição de absorventes íntimos para população vulnerável,2024-03-19,917,3,0,0,sim,sim,Apresentação,18625
REQ 1224/2024,Deputado Fábio Felix,"Requer ao Governo do Distrito Federal, por intermédio da Secretaria de Estado de Saúde - SES/DF, o encaminhamento de informações sobre a desinstitucionalização para o Hospital São Vicente e os dados e protocolos existentes das residências terapêuticas, pós-fechamento da Ala de Tratamento Psiquiátrico do Sistema Prisional- ATP.",2024-03-19,917,3,0,0,sim,sim,Apresentação,18627
REQ 1225/2024,Deputado Fábio Felix,"Requer ao Governo do Distrito Federal, por intermédio da Secretaria de Desenvolvimento Social- SEDES/DF, o encaminhamento de informações sobre a desinstitucionalização para o Hospital São Vicente e os dados e protocolos existentes de acolhimento, pós-fechamento da Ala de Tratamento Psiquiátrico do Sistema Prisional- ATP. 
",2024-03-19,917,3,0,0,sim,sim,Apresentação,18628
REQ 1226/2024,Deputado Fábio Felix,"Requer à Secretaria de Estado de Administração Penitenciária informações sobre o atendimento à Resolução CNJ nº 487/2023, que Institui a Política Antimanicomial do Poder Judiciário.
",2024-03-19,917,3,0,0,sim,sim,Apresentação,18702
REQ 1227/2024,Deputado Fábio Felix,"Requer informações à Secretaria de Estado de Desenvolvimento Urbano e Habitação - SEDUH acerca do decreto de regulamentação da Lei Complementar nº 883, de 25 de junho de 2014, em relação às quadras do Setor Comercial Local Residencial Norte – SCLRN e do Setor Comercial Residencial Norte – SCRN ",2024-03-19,917,3,0,0,sim,sim,Apresentação,18661
REQ 1228/2024,Deputada Dayse Amarilio,"
Requer informações à Secretaria de Estado de Saúde do Distrito Federal acerca do Núcleo de Prevenção e Assistência à situação de violência – NUPAV e Centro de Especialidade para Atenção às Pessoas em Situação de Violência Sexual, Familiar e Doméstica (CEPAV).
",2024-03-19,917,3,0,0,sim,sim,Apresentação,18737
REQ 123/2023,Deputado Max Maciel,Requer o encaminhamento de solicitação de informação à Secretaria de Estado de Cultura e Economia Criativa do Distrito Federal sobre obras de revitalização do Cine Itapuã do Gama.,2023-02-07,1323,3,0,0,sim,sim,Apresentação,10416
REQ 1230/2024,Deputado Jorge Vianna,"Requer informações sobre as medidas tomadas para regulamentação da Lei n.º 6.667, de 2020, que dispõe sobre o programa de estágio nas unidades de saúde da Secretaria de Estado de Saúde do Distrito Federal (bolsa estágio), para alunos de cursos de formação profissional para as áreas em saúde.",2024-03-19,917,3,0,0,sim,sim,Apresentação,18724
REQ 1231/2024,Deputado Rogério Morro da Cruz,"Requer o encaminhamento de solicitação de informações à Excelentíssima Senhora Secretária de Estado de Saúde do Distrito Federal, acerca dos bens e serviços entregues com recursos procedentes de emenda parlamentar à Lei Orçamentária Anual 2023 destinada à suplementação de Programa de Descentralização Progressiva de Ações de Saúde (PDPAS).",2024-03-19,917,3,0,0,sim,sim,Apresentação,18714
REQ 1232/2024,Deputado Rogério Morro da Cruz,"Requer o encaminhamento de solicitação de informações à Excelentíssima Senhora Secretária de Estado de Saúde do Distrito Federal, acerca dos bens e serviços entregues com recursos procedentes de emenda parlamentar à Lei Orçamentária Anual 2023 destinada à aquisição de equipamentos para a Unidade de Pronto Atendimento (UPA) da Região Administrativa de São Sebastião (RA-XIV).",2024-03-19,917,3,0,0,sim,sim,Apresentação,18719
REQ 1233/2024,Deputado Rogério Morro da Cruz,"Requer o encaminhamento de solicitação de informações ao Ilustríssimo Senhor Diretor-Presidente da Companhia Urbanizadora da Nova Capital do Brasil, acerca dos bens e serviços entregues com recursos procedentes de emenda parlamentar à Lei Orçamentária Anual 2023 destinada à manutenção de áreas urbanizadas e ajardinadas.",2024-03-19,917,3,0,0,sim,sim,Apresentação,18720
REQ 1234/2024,Deputado Rogério Morro da Cruz,"Requer o encaminhamento de solicitação de informações ao Ilustríssimo Senhor Presidente do Departamento de Estradas de Rodagem do Distrito Federal, acerca dos bens e serviços entregues com recursos procedentes de emenda parlamentar à Lei Orçamentária Anual 2023 destinada à manutenção da sinalização vertical e horizontal de vias.",2024-03-19,917,3,0,0,sim,sim,Apresentação,18722
REQ 1235/2024,Deputado Rogério Morro da Cruz,"Requer o encaminhamento de solicitação de informações ao Ilustríssimo Senhor Presidente do Departamento de Estradas de Rodagem do Distrito Federal, acerca dos bens e serviços entregues com recursos procedentes de emenda parlamentar à Lei Orçamentária Anual 2023 destinada à execução de pavimentação asfáltica no Distrito Federal.",2024-03-19,917,3,0,0,sim,sim,Apresentação,18725
REQ 1236/2024,Deputado Rogério Morro da Cruz,"Requer o encaminhamento de solicitação de informações ao Ilustríssimo Senhor Presidente do Departamento de Estradas de Rodagem do Distrito Federal, acerca dos bens e serviços entregues com recursos procedentes de emenda parlamentar à Lei Orçamentária Anual 2023 destinada à elaboração de projetos.",2024-03-19,917,3,0,0,sim,sim,Apresentação,18727
REQ 1237/2024,Deputado Rogério Morro da Cruz,"Requer o encaminhamento de solicitação de informações ao Ilustríssimo Senhor Presidente do Departamento de Estradas de Rodagem do Distrito Federal, acerca dos bens e serviços entregues com recursos procedentes de emenda parlamentar à Lei Orçamentária Anual 2023 destinada à conservação de rodovias.",2024-03-19,917,3,0,0,sim,sim,Apresentação,18729
REQ 1238/2024,Deputado Rogério Morro da Cruz,"Requer o encaminhamento de solicitação de informações à Excelentíssima Senhora Secretária de Estado de Educação do Distrito Federal, acerca da execução orçamentária-financeira de emenda parlamentar à Lei Orçamentária Anual 2023 destinada à suplementação do Programa de Descentralização Administrativa e Financeira (PDAF).",2024-03-19,917,3,0,0,sim,sim,Apresentação,18732
REQ 124/2023,Deputado Ricardo Vale,Requer o encaminhamento de pedido de informações à Secretaria de Estado de Fazenda do Distrito Federal.,2023-02-07,1323,3,0,0,sim,sim,Apresentação,10426
REQ 1240/2024,Deputado Fábio Felix,"Solicita ao Poder Executivo, por meio da Secretaria de Saúde do Distrito Federal – SES, informações e cópia da Nota Técnica nº 3/2022-SES/SAIS/CATES/ DIASF, acerca de solicitações e entrega nas Farmácias de Alto Custo do Distrito Federal do Extrato Medicinal - Canabidiol. ",2024-03-19,917,3,0,0,sim,sim,Apresentação,17780
REQ 1241/2024,Deputado Gabriel Magno,Requer à Secretaria de Estado de Saúde do Distrito Federal informações sobre a situação da realização de transplantes.,2024-03-19,917,3,0,0,sim,sim,Apresentação,18774
REQ 1243/2024,Deputado Jorge Vianna,"Requer informações ao Secretário de Estado de Saúde do DF sobre a execução do programa de estágio nas unidades de saúde da Secretaria de Estado de Saúde do Distrito Federal (bolsa estágio), para alunos de cursos de formação profissional para as áreas em saúde, instituído pela Lei n.º 6.667, de 2020.",2024-03-19,917,3,0,0,sim,sim,Apresentação,18780
REQ 1250/2024,Deputado Fábio Felix,"Solicita informações ao Secretário de Mobilidade Urbana a respeito das medidas de fiscalizações e devido    cumprimento da Lei Distrital nº 6.677/2020, que ""Dispõe sobre os pontos de apoio para trabalhadores de aplicativos de entrega e de transporte individual privado de passageiros nas regiões administrativas do Distrito Federal"", regulamentada pelo Decreto nº 41.484/2020.",2024-03-20,916,3,0,0,sim,sim,Apresentação,18793
REQ 1265/2024,Deputado Rogério Morro da Cruz,"Requer o encaminhamento de solicitação de informações ao Ilustríssimo Senhor Presidente da Companhia de Saneamento Ambiental do Distrito Federal, relacionadas aos projetos em andamento de Sistema de Abastecimento de Água (SAA) e Sistema de Esgotamento Sanitário (SES) na Região Administrativa de São Sebastião (RA-XIV).
",2024-04-02,903,3,0,0,sim,sim,Apresentação,18950
REQ 1266/2024,Deputado Fábio Felix,Requer informações à Secretaria de Estado da Saúde sobre o Programa de Interrupção Gestacional Prevista em Lei - PIGL,2024-04-02,903,3,0,0,sim,sim,Apresentação,17474
REQ 1267/2024,Deputado Fábio Felix,"Requer informações à Secretaria de Estado de Educação do Distrito Federal sobre a implementação das recomendações do MPDFT – Grupo de Apoio à Segurança Escolar – GASE, constantes do documento Recomendação nº 001/2023-GASE, de 18 de abril de 2023.",2024-04-02,903,4,1,0,sim,sim,Apresentação,18631
REQ 1268/2024,Deputado Fábio Felix,"Requer informações à Secretaria de Estado de Segurança Pública do Distrito Federal sobre a implementação das recomendações do MPDFT – Grupo de Apoio à Segurança Escolar – GASE, n- documento – Recomendação nº 001/2023-GASE, de 18 de abril de 2023. ",2024-04-02,903,4,1,0,sim,sim,Apresentação,18806
REQ 1280/2024,Deputado Max Maciel,Requer o encaminhamento de solicitação de informações à Secretaria de Desenvolvimento Social sobre o fechamento do Centro de Convivência do Gama Leste.,2024-04-09,896,3,0,0,sim,sim,Apresentação,19085
REQ 1281/2024,Deputado Max Maciel,Requer o encaminhamento de solicitação de informações à Secretaria de Estado de Cultura e Economia Criativa sobre espaços culturais do Distrito Federal.,2024-04-09,896,3,0,0,sim,sim,Apresentação,19089
REQ 1282/2024,Deputada Dayse Amarilio,"Requer informações à Secretaria de Estado de Saúde acerca da aplicação do Decreto nº 43.138, de 24 de março de 2022, aos servidores da referida Secretaria.",2024-04-09,896,3,0,0,sim,sim,Apresentação,19110
REQ 1283/2024,Deputada Paula Belmonte,"Requer informações ao Governo do Distrito Federal, por intermédio da Polícia Militar do Distrito Federal/Secretaria de Segurança Pública, da situação dos serviços de saúde prestados aos Policiais Militares no Distrito Federal.",2024-04-09,896,3,0,0,sim,sim,Apresentação,18073
REQ 1284/2024,Deputado Fábio Felix,"Requer informações à Secretaria De Estado de Saúde SESDF, quanto a situação da lotação dos servidores dos Centros de Atenção Psicossocial e pagamento do adicional de insalubridade no Distrito Federal. ",2024-04-09,896,3,0,0,sim,sim,Apresentação,16851
REQ 1285/2024,Deputado Fábio Felix,"Requer informações à Secretaria de Estado de Cultura e Economia Criativa do Distrito Federal – SECES-DF, sobre o saldo remanescente dos recursos não aplicados do fundo anualmente relacionados ao FAC.",2024-04-09,896,3,0,0,sim,sim,Apresentação,18837
REQ 1286/2024,Deputado Fábio Felix,Solicita ao Diretor-Geral do Detran-DF informações a respeito da quantidade de acidentes que envolvem motociclistas,2024-04-09,896,3,0,0,sim,sim,Apresentação,18966
REQ 1287/2024,Deputado Gabriel Magno,Requer informações sobre a implementação do Programa Nacional de Alimentação Escolar – PNAE no Distrito Federal.,2024-04-09,896,3,0,0,sim,sim,Apresentação,19127
REQ 1301/2024,Deputada Dayse Amarilio,Requer informações à Secretaria de Estado de Saúde do Distrito Federal acerca da vacinação contra o HPV.,2024-04-16,889,3,0,0,sim,sim,Apresentação,19206
REQ 1314/2024,Deputado Max Maciel,Requer o encaminhamento de solicitação de informações à Companhia Urbanizadora da Nova Capital do Brasil - NOVACAP acerca das bacias de contenção de águas pluviais.,2024-04-17,888,3,0,0,sim,sim,Apresentação,19263
REQ 1326/2024,Deputada Dayse Amarilio,Requer informações à Secretaria de Estado de Cultura do Distrito Federal acerca da realização do concurso público para recomposição dos músicos da Orquestra Sinfônica do Teatro Nacional - OSTNCS.,2024-04-24,881,3,0,0,sim,sim,Apresentação,19411
REQ 1327/2024,Deputada Dayse Amarilio,Requer informações à Secretaria de Estado de Desenvolvimento Social acerca do serviço de acolhimento de crianças e adolescentes.,2024-04-24,881,3,0,0,sim,sim,Apresentação,19415
REQ 1328/2024,Deputada Dayse Amarilio,Requer informações à Secretaria de Estado da Mulher do Distrito Federal - SMDF acerca da formulação do Plano Distrital de Políticas para as Mulheres - PDPM.,2024-04-30,875,3,0,0,sim,sim,Apresentação,19440
REQ 1329/2024,Comissão de Fiscalização Governança Transparência Controle,"Requer à Secretaria de Estado de Educação do Distrito Federal informações acerca do sistema de gestão educacional, além de solicitar acesso ao referido sistema.
",2024-04-30,875,4,0,0,sim,sim,Apresentação,18986
REQ 1330/2024,Comissão de Fiscalização Governança Transparência Controle,Requer à Secretaria de Estado de Economia do Distrito Federal informações acerca dos imóveis do Governo do Distrito Federal.,2024-04-30,875,4,0,0,sim,sim,Apresentação,18937
REQ 1331/2024,Comissão de Fiscalização Governança Transparência Controle,"Requer o convite do Sr. Rodrigo de Sousa Conti, ex-Diretor de Atenção à Saúde do IGES-DF, para que compareça nesta Casa Legislativa, em audiência pública da CFGTC, para que apresente a prestação de contas acerca do período de intervenção no Instituto de Cardiologia e Transplantes do Distrito Federal - ICTDF, pela Secretaria de Estado de Saúde do Distrito Federal, na qual foi designado interventor, bem como para que preste eventuais informações e esclarecimentos que se façam necessárias.",2024-04-30,875,4,0,0,nao,nao,Apresentação,19390
REQ 1332/2024,Comissão de Educação Saúde e Cultura,Requer à Secretaria de Cultura e Economia Criativa do Distrito Federal informações sobre o andamento da reforma do Teatro Nacional Cláudio Santoro.,2024-04-30,875,3,0,0,sim,sim,Apresentação,19486
REQ 134/2023,Deputada Dayse Amarilio,Requer à Secretária de Estado de Saúde do Distrito informações acerca do Trabalho em Período Definido - TPD.,2023-02-07,1323,3,0,0,sim,sim,Apresentação,10489
REQ 1342/2024,Deputada Dayse Amarilio,"Requer informações à Secretaria de Estado de Economia do Distrito Federal acerca dos últimos Programas de Incentivo à Regularização Fiscal do Distrito Federal – REFIS.

",2024-05-07,868,3,0,0,sim,sim,Apresentação,19558
REQ 1344/2024,Deputado Fábio Felix,"Requer informações à Secretaria de Estado de Desenvolvimento Urbano e Habitação - SEDUH acerca dos valores arrecadados a título de ODIR e ONALT, e acerca da regulamentação da OPAR. ",2024-05-07,868,3,0,0,sim,sim,Apresentação,19339
REQ 1345/2024,Comissão de Fiscalização Governança Transparência Controle,"Requer o convite da Sra. Lucilene Florêncio, Secretária de Estado de Saúde do Distrito Federal, para que compareça a esta Casa Legislativa, em audiência pública da CFGTC, para que apresente a prestação de contas acerca do período de intervenção no Instituto de Cardiologia e Transplantes do Distrito Federal - ICTDF, pela Secretaria de Estado de Saúde do Distrito Federal, bem como para que preste eventuais informações e esclarecimentos que se façam necessários.

 ",2024-05-07,868,3,0,0,nao,nao,Apresentação,19529
REQ 1346/2024,Deputada Dayse Amarilio,Requer informações ao Serviço de Limpeza Urbana do Distrito Federal - SLU acerca dos Papa-Entulhos.,2024-05-07,868,3,0,0,sim,sim,Apresentação,19621
REQ 1347/2024,Deputada Dayse Amarilio,"Requer informações à Secretaria de Estado de Saúde do Distrito Federal - SES acerca dos espaços de repouso para residentes de programas multiprofissionais.
",2024-05-07,868,3,0,0,sim,sim,Apresentação,19622
REQ 1350/2024,Deputado Fábio Felix,"Requer informações à Secretaria de Estado de Desenvolvimento Urbano e Habitação - SEDUH e a Companhia Imobiliária de Brasília – TERRACAP, acerca dos procedimentos, requisitos e devidos processos referentes a regularização de Terreiros – Templos Religiosos de Matriz Africana no Distrito Federal.",2024-05-07,868,3,0,0,sim,sim,Apresentação,19544
REQ 1351/2024,Deputado Fábio Felix,"Requer informações à Secretaria de Saúde do Distrito Federal sobre as viaturas do Serviço de Atendimento Móvel de Urgência (SAMU), que serão utilizadas para apoio das Alas de Tratamento Psiquiátrico - ATP .
",2024-05-07,868,3,0,0,sim,sim,Apresentação,19541
REQ 1352/2024,Deputado Fábio Felix,Requer informações à Secretaria de Estado de Desenvolvimento Urbano e Habitação - SEDUH acerca da convocação da Conferência Distrital das Cidades.,2024-05-07,868,3,0,0,sim,sim,Apresentação,19279
REQ 1353/2024,Deputado Fábio Felix,"Requer informações à Secretaria de Estado de Proteção da Ordem Urbanística do Distrito Federal – DF Legal, sobre realização de ações de fiscalização de retirada das quadras comerciais, pontos de ônibus, locais de festividades e eventos públicos de trabalhadores e trabalhadoras ambulantes. ",2024-05-07,868,3,0,0,sim,sim,Apresentação,18959
REQ 1354/2024,Deputado Fábio Felix,"Requer informações à Secretaria de Estado de Justiça e Cidadania (SEJUS) sobre o funcionamento do Conselho Distrital de Promoção dos Direitos Humanos e Cidadania LGBT, criado pelo Decreto nº 38.292/2017.",2024-05-07,868,3,0,0,sim,sim,Apresentação,19161
REQ 1370/2024,Deputada Jaqueline Silva,Requer a Secretaria de Estado de Educação informações detalhadas das despesas com tecnologia da informação.,2024-05-14,861,4,0,0,sim,sim,Apresentação,19764
REQ 1374/2024,Deputada Dayse Amarilio,Requer informações à Administração da Rodoviária do Plano Piloto acerca das escadas rolantes situadas na Estação Central do metrô.,2024-05-14,861,3,0,0,sim,sim,Apresentação,19770
REQ 1377/2024,Deputado Gabriel Magno,"Requer informações ao Poder Executivo, por intermédio da Secretaria de Estado de Desenvolvimento Urbano e Habitação do Distrito Federal - SEDUH/DF, a respeito das reuniões públicas sobre o Plano Diretor de Ordenamento Territorial - PDOT.",2024-05-14,861,3,0,0,sim,sim,Apresentação,19751
REQ 138/2023,Deputada Dayse Amarilio,Requer informações à Polícia Civil do Distrito Federal acerca do tratamento dispensado à família de Izabel Aparecida Guimarães de Sousa.,2023-02-08,1322,3,0,0,sim,sim,Apresentação,10497
REQ 1380/2024,Deputado Fábio Felix,Requer informações à Secretária de Estado de Justiça e Cidadania acerca da publicação de portaria para dispor sobre o Regulamento de Lotação e Remanejamento Interno para os servidores da Carreira Socioeducativa.,2024-05-15,860,3,0,0,sim,sim,Apresentação,19699
REQ 1381/2024,Deputado Fábio Felix,Solicita informações ao Secretário de Mobilidade Urbana a respeito cumprimento dos artigos 15 a 17 do Decreto nº 41.484/2020.,2024-05-15,860,3,0,0,sim,sim,Apresentação,19334
REQ 1382/2024,Deputado Fábio Felix,"Requer informações à Secretaria de Estado de Segurança Pública – SSP-DF, sobre realização de ação policial em 20 de março/2024, na SHCN CLN 205/6 – Asa Norte, Brasília-DF, quadra comercial intitulada de Babilônia. ",2024-05-15,860,3,0,0,sim,sim,Apresentação,18995
REQ 1388/2024,Deputado Max Maciel,Requer o encaminhamento de solicitação de informações à Secretaria de Estado de Esporte e Lazer acerca da piscina do Centro Olímpico e Paralímpico de Santa Maria - RA XIII.,2024-05-21,854,3,0,0,sim,sim,Apresentação,19810
REQ 1390/2024,Deputado Gabriel Magno,Requerer informações acerca da supressão vegetal na Região Administrativa do Paranoá.,2024-05-21,854,3,0,0,sim,sim,Apresentação,19418
REQ 1392/2024,Deputada Dayse Amarilio,"Requer informações Instituto de Gestão Estratégica de Saúde do Distrito Federal acerca do atendimento dos pacientes oncológicos em suas unidades.
",2024-05-21,854,3,0,0,sim,sim,Apresentação,19877
REQ 1393/2024,Deputada Dayse Amarilio,Requer informações à Secretaria de Estado de Saúde acerca dos pacientes oncológicos na rede pública de saúde do Distrito Federal.,2024-05-21,854,3,0,0,sim,sim,Apresentação,19874
REQ 1395/2024,Deputada Jaqueline Silva,Requer ao Banco de Brasília (BRB) informações acerca do Aviso de Consulta Pública nº 03/24.,2024-05-21,854,3,0,0,sim,sim,Apresentação,19872
REQ 1396/2024,Deputada Jaqueline Silva,"Requer informações a Casa Civil sobre a regulamentação da Lei nº Lei nº 7.433, de 28 de fevereiro de 2024.",2024-05-21,854,3,0,0,sim,sim,Apresentação,19868
REQ 1399/2024,Deputado Fábio Felix,Requer informações à Secretaria de Estado de Educação do Distrito Federal sobre medidas para combater a violência e promover a paz nas escolas da rede pública do Distrito Federal,2024-05-22,853,3,0,0,sim,sim,Apresentação,19797
REQ 140/2023,Deputado Max Maciel,Requer o encaminhamento de solicitação de informação à Secretaria de Estado de Segurança Pública sobre repressão sofrida por Batalhas de Rima realizadas no DF.,2023-02-08,1322,3,0,0,sim,sim,Apresentação,10488
REQ 1402/2024,Deputada Dayse Amarilio,"Requer informações ao Secretário de Estado de Economia acerca do contrato nº 49040/2023, que trata da manutenção da frota de veículos do Distrito Federal.",2024-05-22,853,3,0,0,sim,sim,Apresentação,19932
REQ 1406/2024,"Deputada Dayse Amarilio, Deputado Max Maciel, Deputado Fábio Felix","Requer informações à Secretaria de Estado de Saúde do Distrito Federal acerca das 11 tendas instaladas para prestação de serviço de atendimento e hidratação de pacientes acometidos pela dengue e outras arboviroses, por meio do convênio 26202/2024, entabulado entre o Distrito Federal e a Santa Casa de Misericórdia de Oliveira dos Campinhos - INSV - Instituto de Saúde Nossa Senhora da Vitória.",2024-05-23,852,3,0,0,sim,sim,Apresentação,19957
REQ 1407/2024,Deputada Dayse Amarilio,"Requer informações da Secretaria de Estado de Justiça e Cidadania do Distrito Federal -SEJUS, sobre à instauração de sindicância ou processo disciplinar para apurar denúncia de servidoras do sistema socioeducativo, acerca de suposto assédio sexual dentro da unidade de Semiliberdade do Gama I.",2024-05-28,847,3,0,0,sim,sim,Apresentação,19959
REQ 1409/2024,Deputado Fábio Felix,"Requer informações à Secretaria de Estado de Educação do Distrito Federal sobre a aplicação da Lei Distrital nº 4.131, de 2 de maio de 2008",2024-05-28,847,3,0,0,sim,sim,Apresentação,19974
REQ 1410/2024,Deputado Fábio Felix,Requer informações à Secretaria de Desenvolvimento Social sobre a existência de protocolos de negativa de acesso por motivos de segurança em equipamentos da Assistência Social   ,2024-05-28,847,3,0,0,sim,sim,Apresentação,19954
REQ 1412/2024,Comissão de Fiscalização Governança Transparência Controle,"Requer à Secretaria de Saúde informações acerca da execução do Contrato de Gestão com o IGESDF, bem como acerca da metodologia e dos dados adotados na definição das metas do referido contrato.",2024-05-28,847,6,1,0,nao,sim,Apresentação,19970
REQ 1418/2024,Deputada Dayse Amarilio,"Requer informações à Secretaria de Estado de Saúde do Distrito Federal – SES, acerca do atendimento no Ambulatório Trans, do processo transexualizador, inclusive, da cirurgia de redesignação sexual.",2024-06-04,840,3,0,0,sim,sim,Apresentação,20053
REQ 1420/2024,Deputado Max Maciel,Requer informações à Secretaria de Estado de Saúde do Distrito Federal sobre a execução de recursos destinados à realização de cirurgias eletivas.,2024-06-04,840,3,0,0,sim,sim,Apresentação,20056
REQ 1426/2024,Deputado Thiago Manzoni,"Requer o encaminhamento, por intermédio da Mesa Diretora, de requerimento à Sra. Secretária de Estado de Saúde do Distrito Federal para que preste informações sobre a destinação dos recursos direcionados pelos Parlamentares desta Casa de Leis por meio da Lei 7.235/2023.

",2024-06-04,840,3,0,0,sim,sim,Apresentação,20033
REQ 1428/2024,Deputado Gabriel Magno,Requer informações acerca das publicações no site da Transparência do Governo do Distrito Federal.,2024-06-05,839,3,0,0,sim,sim,Apresentação,20105
REQ 1435/2024,Deputado Fábio Felix,"Solicita ao Poder Executivo, por meio da Secretaria de Saúde do Distrito Federal – SES, informações quanto a previsão orçamentária quanto a projetos e construção de novas Unidades de Pronto Atendimento (UPAs) no Distrito Federal. ",2024-06-05,839,3,0,0,sim,sim,Apresentação,20083
REQ 1437/2024,Deputada Dayse Amarilio,"Requer informações ao Instituto de Gestão Estratégica de Saúde (IGESDF) acerca do elevado número de óbitos no Centro Obstétrico do Hospital Regional de Santa Maria, entre os dias 20 e 21 de abril de 2024.",2024-06-06,838,3,0,0,sim,sim,Apresentação,20137
REQ 1438/2024,Deputado Eduardo Pedrosa,Requer o encaminhamento de pedido de informações ao Serviço de Limpeza Urbana do Distrito Federal - SLU sobre o Edital de Chamamento nº 001/2024-SLU/DF e da Nota Informativa nº03/2024 – SLU/PRES/CONTRAT de 17 de maio de 2024.,2024-06-06,838,3,0,0,sim,sim,Apresentação,20123
REQ 1439/2024,Deputada Paula Belmonte,"Requer a tramitação conjunta do Projeto de Lei n° 1.103, de 2024, que ""institui o Cadastro Distrital de Pessoas Condenadas por Crimes contra a Dignidade Sexual de Crianças e Adolescentes do Distrito Federal e dá outras providências"" com o Projeto de Lei n° 55, de 2023, que ""dispõe sobre a criação do cadastro distrital de informações para a proteção da infância e da juventude"".",2024-06-06,838,5,0,0,nao,sim,Apresentação,20154
REQ 1440/2024,Deputada Dayse Amarilio,"Requer informações à Secretaria de Transportes e Mobilidade - SEMOB, acerca do cumprimento da Lei Distrital nº 4.848/2012 que dispõe sobre a destinação de espaços exclusivos para mulheres e pessoa com deficiência no sistema metroviário do Distrito Federal.",2024-06-06,838,3,0,0,sim,sim,Apresentação,20152
REQ 1442/2024,Deputado Max Maciel,Requer o encaminhamento de solicitação de informações à Secretaria de Estado de Segurança Pública e à Secretaria de Estado de Educação sobre as Escolas de Gestão Compartilhada no Distrito Federal.,2024-06-11,833,3,0,0,sim,sim,Apresentação,20183
REQ 1443/2024,Deputado Max Maciel,"Requer o encaminhamento de solicitação de informações à Companhia de Saneamento Ambiental do Distrito Federal - CAESB acerca do Bairro Nossa Senhora de Fátima, em Arapoanga - RA XXXIV.",2024-06-11,833,3,0,0,sim,sim,Apresentação,19820
REQ 1444/2024,Deputada Dayse Amarilio,Requer informações à Secretaria de Estado de Educação do Distrito Federal acerca do peso da mochila escolar.,2024-06-11,833,3,0,0,sim,sim,Apresentação,20235
REQ 145/2023,Deputado Max Maciel,Requer o encaminhamento de solicitação de informação à Secretaria de Saúde sobre vacinação suspensa na UBS n°5 em Taguatinga.,2023-02-14,1316,3,0,0,sim,sim,Apresentação,10523
REQ 1452/2024,Deputado Pepa,"Requerimento de informações a Companhia de Saneamento Ambiental do Distrito Federal - CAESB, sobre a interrupção do atendimento presencial à população do Distrito Federal .",2024-06-12,832,3,0,0,sim,sim,Apresentação,20253
REQ 1454/2024,Deputado Fábio Felix,"Requer informações à Secretaria de Estado de Saúde do Distrito Federal- SES/DF, sobre o Hospital da Criança José Alencar.
",2024-06-12,832,3,0,0,sim,sim,Apresentação,19942
REQ 1455/2024,Deputado Roosevelt Vilela,"Requer informações à Secretaria de Estado de Economia do Distrito Federal, acerca da base de cálculo na cobrança do Imposto sobre Transmissão de Bens Imóveis - ITBI.",2024-06-13,831,3,0,0,sim,sim,Apresentação,20269
REQ 1457/2024,Deputada Dayse Amarilio,"Requer informações à Secretaria de Estado de Saúde do Distrito Federal acerca do cumprimento da Lei Federal nº 12.732, de 22 de novembro de 2012, que dispõe sobre o primeiro tratamento de paciente com neoplasia maligna comprovada e estabelece prazo para seu início.",2024-06-13,831,3,0,0,sim,sim,Apresentação,20288
REQ 146/2023,Deputada Dayse Amarilio,Requer informações à Secretaria de Estado de Saúde do Distrito Federal acerca da utilização da Fonte de Recurso 0138 - Recursos do SUS no Contrato de Gestão do Instituto de Gestão Estratégica de Saúde - IGES-DF.,2023-02-14,1316,4,0,0,sim,sim,Apresentação,10540
REQ 1461/2024,Deputado Pastor Daniel de Castro,"Solicito a Secretaria de Estado de Administração Penitenciária do Distrito Federal informações quanto  ao procedimento administrativo que visa apurar o caso de agressão por policiais na Penitenciaria da Papuda,  alegado  por Lucas Costa, preso pelos atos do dia 8 de janeiro de 2023  ",2024-06-18,826,3,0,0,sim,sim,Apresentação,20319
REQ 1463/2024,Deputada Dayse Amarilio,Requer informações ao Instituto de Gestão Estratégica de Saúde do Distrito Federal acerca de equipamentos necessários para realização de cirurgias no Hospital de Base. ,2024-06-18,826,3,0,0,sim,sim,Apresentação,20336
REQ 1464/2024,Deputada Dayse Amarilio,Requer informações à Secretaria de Estado de Saúde acerca do Trabalho por Período Definido realizado no Hospital Regional de Taguatinga.,2024-06-18,826,3,0,0,sim,sim,Apresentação,20337
REQ 1468/2024,Deputada Dayse Amarilio,Requer informações à NOVACAP acerca da construção de Casa de Parto na região administrativa da Ceilândia.,2024-06-19,825,3,0,0,sim,sim,Apresentação,20370
REQ 147/2023,Deputada Dayse Amarilio,Requer informações à Secretaria de Estado de Desenvolvimento Social acerca da parceria com a Organização da Sociedade Civil Instituto Mãos Solidárias.,2023-02-14,1316,3,0,0,sim,sim,Apresentação,10543
REQ 1470/2024,Deputada Dayse Amarilio,Requer informações à Companhia de Desenvolvimento Habitacional do Distrito Federal - CODHAB/DF acerca do andamento do processo de regularização dos lotes que especifica na Região Administrativa do Guará.,2024-06-19,825,3,0,0,sim,sim,Apresentação,20381
REQ 1475/2024,Deputada Dayse Amarilio,Requer informações à Secretaria de Estado de Proteção da Ordem Urbanística do Distrito Federal (DF LEGAL) a respeito de eventuais demolições ocorridas na região administrativa de Arniqueira/Areal,2024-06-20,824,3,0,0,sim,sim,Apresentação,20413
REQ 1476/2024,Deputada Dayse Amarilio,Requer informações à Secretaria de Estado de Saúde do Distrito Federal acerca do déficit de Fisioterapeutas na assistência pública de saúde.,2024-06-25,819,3,0,0,sim,sim,Apresentação,20433
REQ 1477/2024,Deputada Dayse Amarilio,Requer informações ao Instituto de Gestão Estratégica de Saúde do Distrito Federal acerca do déficit de Fisioterapeutas na assistência pública de saúde.,2024-06-25,819,3,0,0,sim,sim,Apresentação,20435
REQ 148/2023,Deputada Dayse Amarilio,"Requer informações à Secretaria de Estado de Saúde do Distrito Federal acerca das carreiras da Secretaria de Estado de Saúde que especifica.
",2023-02-14,1316,3,0,0,sim,sim,Apresentação,10553
REQ 1480/2024,Deputada Dayse Amarilio,Requer informações à Secretaria de Estado de Saúde do Distrito Federal acerca do trabalho dos Núcleos de Apoio e Remoção de Pacientes.,2024-06-25,819,3,0,0,sim,sim,Apresentação,20436
REQ 1481/2024,Deputada Dayse Amarilio,"Requer informações ao Banco de Brasília acerca do cumprimento da Lei 7.239/2023 e sobre o programa de renegociação, lançado em 4.12.2023.",2024-06-25,819,3,0,0,sim,sim,Apresentação,20438
REQ 1484/2024,Deputado Max Maciel,Requer o encaminhamento de solicitação de informações à Secretaria de Estado de Educação sobre a reforma do Centro de Atenção Integral à Criança e ao Adolescente - CAIC localizado no Gama - RA II.,2024-06-25,819,3,0,0,sim,sim,Apresentação,20472
REQ 1495/2024,Deputado Pastor Daniel de Castro,Requer informações à administração da rodoviaria do plano piloto a respeito de proibição de reprodução de musica gospel em apresentação cultural ocorrida em 13/07/2024,2024-08-01,782,3,0,0,sim,sim,Apresentação,20661
REQ 1497/2024,Deputada Dayse Amarilio,Requer informações ao Instituto de Gestão Estratégica de Saúde do Distrito Federal acerca do dimensionamento de pessoal da Urologia e do Pronto Socorro do Hospital de Base.,2024-08-01,782,3,0,0,sim,sim,Apresentação,20718
REQ 1498/2024,Deputada Dayse Amarilio,Requer informações à Secretaria de Estado de Saúde do Distrito Federal acerca de suposto crime de importunação sexual cometido dentro da Unidade Básica de Saúde (UBS) nº 8 do Vale do Amanhecer,2024-08-01,782,3,0,0,sim,sim,Apresentação,20719
REQ 1499/2024,Deputada Dayse Amarilio,"Requer informações à Secretaria de Estado de Saúde acerca da unidade Cidade do Sol, atualmente administrada pelo Instituto de Gestão Estratégica de Saúde do Distrito Federal.",2024-08-01,782,3,0,0,sim,sim,Apresentação,20726
REQ 1500/2024,Deputada Dayse Amarilio,Requer informações à Secretaria de Segurança Pública sobre o Programa Acolher Eles e Elas,2024-08-01,782,3,0,0,sim,sim,Apresentação,20740
REQ 1501/2024,Deputada Dayse Amarilio,Requer informações à Secretaria de Estado da Mulher (SMDF) sobre o Programa Acolher Eles e Elas,2024-08-01,782,3,0,0,sim,sim,Apresentação,20753
REQ 1521/2024,Deputado Max Maciel,Requer o encaminhamento de solicitação de informações à Secretaria de Estado de Obras e Infraestrutura sobre a construção de ponte no Sol Nascente - RA XXXII.,2024-08-14,769,3,0,0,sim,sim,Apresentação,20884
REQ 1523/2024,Deputada Dayse Amarilio,Requer informações à Secretaria de Estado de Saúde do Distrito Federal acerca do dimensionamento de pessoal nas unidades de saúde da Região Administrativa do Guará.,2024-08-14,769,3,0,0,sim,sim,Apresentação,21002
REQ 1530/2024,Deputado Fábio Felix,"Requer informações à Casa Civil do Distrito Federal sobre reserva de vagas de trabalho em serviços e obras públicas para pessoas em situação de rua, de que trata o Decreto nº 45.846, de 27 de maio de 2024. ",2024-08-14,769,3,0,0,sim,sim,Apresentação,20977
REQ 1531/2024,Deputado Fábio Felix,"Requer informações à Casa Civil do Distrito Federal sobre procedimentos adotados para cumprir determinação do Supremo Tribunal Federal – STF ao Poder Executivo distrital, na Arguição de Descumprimento de Preceito Fundamental – ADPF 976, de realizar diagnóstico pormenorizado da situação da população em situação de rua. ",2024-08-14,769,3,0,0,sim,sim,Apresentação,20978
REQ 1532/2024,Deputado Fábio Felix,"Requer informações à Secretaria de Desenvolvimento Social sobre o Serviço Especializado de Abordagem Social, acerca do atendimento à população em situação de rua e dos contratos e acordos de cooperação com Organização da Sociedade Civil para sua efetivação.",2024-08-14,769,3,0,0,sim,sim,Apresentação,20979
REQ 1537/2024,Deputado Max Maciel,Requer o encaminhamento de solicitação de informações à Polícia Militar do Distrito Federal sobre o Policiamento de Prevenção Orientada à Violência Doméstica - PROVID.,2024-08-14,769,3,0,0,sim,sim,Apresentação,21003
REQ 1538/2024,Deputada Dayse Amarilio,"Requer informações à Secretaria de Administração Penitenciária do Distrito Federal (Seape/DF) acerca das estratégias de enfrentamento ao assédio, em todas as suas formas, no ambiente de trabalho",2024-08-14,769,3,0,0,sim,sim,Apresentação,21094
REQ 1541/2024,Deputado Fábio Felix,"Solicita ao Poder Executivo, por meio da Secretaria de Estado de Saúde do Distrito Federal – SES-DF, informações para que os enfermeiros da Secretária possam cumprir 40 (quarenta) horas trabalhadas nos hospitais e nas Unidades de Pronto Atendimento (UPAs) do Distrito Federal.",2024-08-20,763,3,0,0,sim,sim,Apresentação,20624
REQ 1542/2024,Deputado Fábio Felix,"Requer informações à Casa Civil do Governo do Distrito Federal e a Secretaria de Estado de Educação do Distrito Federal sobre a desafetação /reversão, fechamento da Unidade 3 da SEE-DF, da Escola Classe SRIA no SIA/Guará, mudança de servidores e serviços e destinação de bens e equipamentos. ",2024-08-20,763,3,0,0,sim,sim,Apresentação,20424
REQ 1543/2024,Deputado Fábio Felix,Requer informações à Companhia de Saneamento Ambiental do Distrito Federal – Caesb sobre a execução do Programa Água Legal nas Áreas de Regularização de Interesse Social – Aris.,2024-08-20,763,3,0,0,sim,sim,Apresentação,21119
REQ 1544/2024,Deputado Fábio Felix,Requer informações à Secretaria de Educação do Distrito Federal sobre demissões de professores temporários.,2024-08-20,763,3,0,0,sim,sim,Apresentação,21102
REQ 1546/2024,Deputado Fábio Felix,Requer à Companhia Urbanizadora da Nova Capital do Brasil  informações a respeito do Plano de Arborização do Distrito Federal,2024-08-20,763,3,0,0,sim,sim,Apresentação,21032
REQ 1549/2024,Deputado Fábio Felix,Requer informações a respeito dos procedimentos para instalação de detectores de metal nas escolas da rede pública do Distrito Federal,2024-08-20,763,3,0,0,sim,sim,Apresentação,21143
REQ 1560/2024,"Deputada Dayse Amarilio, Deputada Dayse Amarilio",Requer informações à Secretaria de Estado da Mulher acerca do acompanhamento pelo Comitê de Proteção à Mulher do Itapõa do caso de feminicídio ocorrido na região do Itapoã-Paranoá,2024-08-27,756,4,0,0,sim,sim,Apresentação,21338
REQ 1561/2024,Deputada Dayse Amarilio,Requer informações à Secretaria de Administração Penitenciária do Distrito Federal (Seape/DF) acerca do funcionamento do Comitê Permanente de Planejamento e Desenvolvimento de Políticas Direcionadas às Mulheres da Seape-DF ,2024-08-28,755,3,0,0,sim,sim,Apresentação,21347
REQ 1562/2024,Deputada Jaqueline Silva,"Requer informações à Secretaria de Estado da Casa Civil do Distrito Federal - CACI sobre a regulamentação da Lei nº 6.355, de 7 de agosto de 2019, que dispõe sobre a obrigatoriedade da inclusão do Curso de Manobras Heimlich no pré-natal das gestantes da rede hospitalar pública e privada no Distrito Federal.",2024-08-29,754,3,0,0,sim,sim,Apresentação,20242
REQ 1563/2024,Deputada Jaqueline Silva,"Requer informações à Secretaria de Estado da Casa Civil do Distrito Federal - CACI sobre a regulamentação da Lei nº 7.445, de 28 de fevereiro de 2024 que institui o projeto Escola Aberta, que fomenta a prática de atividades culturais e esportivas aos finais de semana nas escolas da rede pública do Distrito Federal.",2024-08-29,754,3,0,0,sim,sim,Apresentação,20241
REQ 1569/2024,Deputada Dayse Amarilio,"Requer informações à Secretaria de Estado de Saúde do Distrito Federal acerca do fornecimento do medicamento Omalizumabe, utilizado para o tratamento de asma.",2024-09-03,749,3,0,0,sim,sim,Apresentação,21505
REQ 1570/2024,Deputada Dayse Amarilio,Requer informações à Secretaria de Estado de Saúde sobre os serviços de manutenção predial corretiva realizados nas unidades da Região Centro-Sul de Saúde.,2024-09-03,749,3,0,0,sim,sim,Apresentação,21511
REQ 1576/2024,Deputado Fábio Felix,"Requer informações à Secretaria de Estado de Proteção da Ordem Urbanística do Distrito Federal (DF Legal); ao Departamento de Estradas e Rodagens (DER-DF); e ao Comando-Geral da Polícia Militar, a respeito da ação de fiscalização realizada em 01.09.2024, no Eixão do Lazer",2024-09-03,749,3,0,0,sim,sim,Apresentação,21551
REQ 1577/2024,Deputado Fábio Felix,Requer informações à Companhia Urbanizadora da Nova Capital do Brasil (Novacap) e à Companhia Imobiliária de Brasília (Terracap) sobre a execução do Programa de Gestão de Águas e Drenagem Urbana do Distrito Federal (Drenar-DF).,2024-09-03,749,3,0,0,sim,sim,Apresentação,21436
REQ 1578/2024,Deputado Fábio Felix,Requer informações a respeito das contribuições em consulta pública sobre o Setor Habitacional Dom Bosco,2024-09-03,749,3,0,0,sim,sim,Apresentação,21492
REQ 1579/2024,Deputado Fábio Felix,Requer informações a respeito do cumprimento da Portaria SEMOB nº 28/2021,2024-09-03,749,3,0,0,sim,sim,Apresentação,21477
REQ 1582/2024,Deputada Dayse Amarilio,Requer informações à Secretaria de Estado de Saúde acerca do déficit de profissionais na área da saúde e o pagamento de Trabalho em Período Definido – TPD,2024-09-03,749,3,0,0,sim,sim,Apresentação,21574
REQ 1583/2024,Deputado Gabriel Magno,REQUER AO DEPARTAMENTO DE ESTRADAS DE RODAGENS DO DISTRITO FEDERAL O ENCAMINHAENTO DE INFORMAÇÕES SOBRE OS PROCESSOS ADMINISTRATIVOS RELACIONADOS À DECISÃO N.º 01/2024 – DER-DF/PRESI/SUOPER.,2024-09-03,749,3,0,0,sim,sim,Apresentação,21587
REQ 1586/2024,Deputado Fábio Felix,"Requer informações ao Instituto Brasília Ambiental (Ibram), a respeito da gestão e da preservação do Parque Ecológico do Taquari.",2024-09-03,749,3,0,0,sim,sim,Apresentação,21437
REQ 1589/2024,Deputada Dayse Amarilio,Requer informações à Polícia Civil do Distrito Federal a respeito do atendimento das mulheres vítimas de violência nas Seções de Atendimento à Mulher que funcionam nas Delegacias Circunscricionais (localizadas nas regiões administrativas) e nas Delegacias Especiais de Atendimento à Mulher. ,2024-09-04,748,3,0,0,sim,sim,Apresentação,21634
REQ 1593/2024,Deputada Dayse Amarilio,Requer informações à Secretaria de Estado de Saúde acerca das Casas de Parto de São Sebastião e Ceilândia.,2024-09-05,747,3,0,0,sim,sim,Apresentação,21659
REQ 1597/2024,Deputada Dayse Amarilio,"Requer informações à Secretaria de Obras à respeito do desabamento de uma residência na Colônia Agrícola Bernardo Sayão, após construção de uma bacia para conter água da chuva no local. ",2024-09-10,742,3,0,0,sim,sim,Apresentação,21681
REQ 1600/2024,Deputada Dayse Amarilio,Requer informações à Secretaria de Estado de Economia do Distrito Federal à respeito do concurso público destinado ao provimento de Cargos e Cadastro de Reserva de Analista e Técnico em Gestão e Assistência Pública à Saúde.,2024-09-10,742,3,0,0,sim,sim,Apresentação,21702
REQ 1601/2024,Deputada Dayse Amarilio,Requer informações à Fundação Hemocentro de Brasília acerca da realização do concurso público para recomposição do quadro de pessoal,2024-09-10,742,3,0,0,sim,sim,Apresentação,21704
REQ 1604/2024,Deputada Dayse Amarilio,Requer informações à Secretaria de Estado de Saúde do Distrito Federal - SES acerca da nomeação de candidatos aprovados no concurso de especialistas da SES,2024-09-10,742,3,0,0,sim,sim,Apresentação,21706
REQ 1605/2024,Deputada Dayse Amarilio,Requer informações à Secretaria de Estado de Economia do Distrito Federal acerca da nomeação de candidatos aprovados no concurso de especialistas da SES,2024-09-10,742,3,0,0,sim,sim,Apresentação,21707
REQ 1612/2024,Deputada Dayse Amarilio,Requer informações à Secretaria de Estado de Saúde acerca do déficit de profissionais na área da saúde ,2024-09-12,740,4,0,0,sim,sim,Apresentação,21766
REQ 1614/2024,Deputado Fábio Felix,"Requer informações ao Instituto Brasília Ambiental (Ibram), a respeito da gestão e da preservação do Parque Distrital Boca da Mata.",2024-09-17,735,3,0,0,sim,sim,Apresentação,21550
REQ 1615/2024,Deputado Fábio Felix,Requer informações à Secretaria de Meio Ambiente (SEMA) e à Secretaria de Segurança Pública (SSP) a respeito da prevenção e do combate a incêndios no Distrito Federal.,2024-09-17,735,3,0,0,sim,sim,Apresentação,21679
REQ 1616/2024,Deputado Fábio Felix,"Requer informações ao Governo do Distrito Federal, por intermédio da Secretaria do Meio Ambiente e o Instituto Brasília Ambiental - IBRAM, sobre a interrupção dos serviços de cirurgias no Hospital Veterinário Público de Brasília-DF. ",2024-09-17,735,3,0,0,sim,sim,Apresentação,21678
REQ 1617/2024,Deputado Fábio Felix,Requer informações à Secretaria de Estado de Educação do Distrito Federal sobre a carga horária e vencimento dos professores do contrato temporário do Centro de Línguas – CILT em Taguatinga-DF. ,2024-09-17,735,3,0,0,sim,sim,Apresentação,21810
REQ 1620/2024,Deputado Gabriel Magno,Requerer informações sobre a supressão vegetal no território do Centro de Ensino Fundamental 10 da Coordenação Regional de Ensino do Guará.,2024-09-17,735,3,0,0,sim,sim,Apresentação,21782
REQ 1621/2024,Deputado Gabriel Magno,Requerer informações sobre a ampliação das edificações no território do Centro de Ensino Fundamental 10 da Coordenação Regional de Ensino do Guará.,2024-09-17,735,3,0,0,sim,sim,Apresentação,21804
REQ 163/2023,Deputado Max Maciel,Requer o encaminhamento de solicitação de informação à Secretaria de Estado do Meio Ambiente sobre a poluição do Rio Melchior.,2023-02-15,1315,3,0,0,sim,sim,Apresentação,10548
REQ 1633/2024,Deputado Rogério Morro da Cruz,"Requer o encaminhamento de solicitação de informações ao Ilustríssimo Senhor Defensor Público-Geral do Distrito Federal acerca do andamento da execução da emenda parlamentar à Lei Orçamentária Anual de 2024, destinada à construção do Núcleo de Atendimento da Defensoria Pública do Distrito Federal.


",2024-09-24,728,3,0,0,sim,sim,Apresentação,21993
REQ 1634/2024,Deputado Rogério Morro da Cruz,"Requer o encaminhamento de solicitação de informações ao Excelentíssimo Senhor Secretário de Transporte e Mobilidade do Distrito Federal, acerca da implantação de abrigos de passageiros ""Tipo C"" e reduzidos na Região Administrativa de São Sebastião (RA-XIV)
",2024-09-24,728,3,0,0,sim,sim,Apresentação,21987
REQ 1639/2024,"Deputada Dayse Amarilio, Deputado Max Maciel, Deputado Fábio Felix","Requer informações ao Comandante-Geral da Polícia Militar do Distrito Federal acerca das ações tomadas em razão do movimento de reivindicações dos servidores públicos, realizado no último dia 19.9.2024, em frente ao Palácio do Buriti.",2024-09-24,728,3,0,0,sim,sim,Apresentação,22010
REQ 1641/2024,Deputado Gabriel Magno,Requer à Companhia Imobiliária De Brasília Informações sobre a Concessão Do Estádio Nacional De Brasília – Mané Garrincha.,2024-09-24,728,3,0,0,sim,sim,Apresentação,21997
REQ 1642/2024,Deputado Gabriel Magno,Requer à Secretaria de Estado de Desenvolvimento Urbano e Habitação do Distrito Federal Informações sobre Alvarás de Construção no Estádio Nacional de Brasília,2024-09-24,728,3,0,0,sim,sim,Apresentação,22001
REQ 1650/2024,Deputada Dayse Amarilio,"Requer informações à Secretaria de Estado de Obras acerca da execução do objeto do Contrato nº 001/2023, em que figura como contratada a Empresa Pentag Engenharia.",2024-09-26,726,3,0,0,sim,sim,Apresentação,22085
REQ 1651/2024,Deputada Dayse Amarilio,Requer informações à Secretaria de Estado de Saúde acerca da realocação e distribuição de servidores lotados nos serviços de atenção psicossocial ,2024-09-26,726,3,0,0,sim,sim,Apresentação,22087
REQ 1677/2024,Deputado Fábio Felix,"Requer ao Governo do Distrito Federal, por intermédio da Secretaria de Desenvolvimento Social- SEDES/DF, o encaminhamento de informações sobre o Serviço Especializado em Abordagem Social – SEAS. 
",2024-10-15,707,3,0,0,sim,sim,Apresentação,22215
REQ 1680/2024,Deputado Fábio Felix,"Requer informações ao Instituto Brasília Ambiental (Ibram) e à Secretaria de Desenvolvimento Urbano (Seduh), a respeito da construção de posto de combustíveis na SQDS 409, lote PLL1.",2024-10-15,707,3,0,0,sim,sim,Apresentação,22334
REQ 1692/2024,Deputado Fábio Felix,"Requer informações ao Instituto Brasília Ambiental – Ibram e à Secretaria de Educação – SEEDF, a respeito da execução do Plano Distrital de Educação Ambiental – PDEA.",2024-10-16,706,3,0,0,sim,sim,Apresentação,22401
REQ 1700/2024,Deputada Dayse Amarilio,Requer informações à Secretaria de Estado de Saúde do Distrito Federal acerca da Política de Qualidade de Vida no Trabalho (PQVT),2024-10-22,700,3,0,0,sim,sim,Apresentação,22544
REQ 1701/2024,Deputada Dayse Amarilio,"Requer informações à Secretaria de Estado de Saúde do Distrito Federal acerca da ampliação do horário de atendimento das Unidades Básicas de Saúde (UBSs) das 19h às 22h, como parte do plano de contingência para o enfrentamento da dengue",2024-10-22,700,3,0,0,sim,sim,Apresentação,22542
REQ 1705/2024,Deputado Fábio Felix,"Requer informações junto à Secretaria de Estado de Desenvolvimento Urbano e Habitação (Seduh), à Companhia Imobiliária de Brasília (Terracap) e à Subsecretaria do Sistema de Defesa Civil do Distrito Federal (Sudec), a respeito da ocupação Lúcio Costa.",2024-10-24,698,3,0,0,sim,sim,Apresentação,22510
REQ 1706/2024,Deputado Fábio Felix,Requer informações à Companhia de Saneamento Ambiental do Distrito Federal (Caesb) sobre o funcionamento dos postos de atendimento aos consumidores.,2024-10-24,698,3,0,0,sim,sim,Apresentação,22274
REQ 1707/2024,Deputado Fábio Felix,Requer informações à Secretaria de Saúde do Distrito Federal sobre a transferência de recursos financeiros advindos do Fundo Constitucional para o Centro Especializado em Doenças Infecciosas (CEDIN).,2024-10-24,698,3,0,0,sim,sim,Apresentação,22570
REQ 1722/2024,Deputada Dayse Amarilio,Requer informações ao Instituto de Gestão Estratégica de Saúde (IGESDF) acerca do processo de terceirização e quarteirização do fornecimento de alimentação aos profissionais,2024-11-05,686,3,0,0,sim,sim,Apresentação,149787
REQ 1729/2024,Deputada Dayse Amarilio,"Requer informações à Secretaria de Estado de Segurança Pública do Distrito Federal – SSP/DF acerca do quantitativo de ocorrências e denúncias relacionadas à violência contra as mulheres nas proximidades das paradas de ônibus localizadas na região do Guará, nos últimos anos.",2024-11-12,679,3,0,0,sim,sim,Apresentação,149891
REQ 1736/2024,Deputado Fábio Felix,"Requer informações junto à Secretaria de Estado de Meio Ambiente - Sema, a respeito da constituição, do apoio e do funcionamento das Comissões de Defesa do Meio Ambiente – Comdemas no Distrito Federal.",2024-11-19,672,3,0,0,sim,sim,Apresentação,149966
REQ 1737/2024,Deputado Fábio Felix,"Solicita ao Poder Executivo, por meio da Secretaria de Estado de Saúde do Distrito Federal – SES-DF, informações sobre a adoção do tratamento denominado Imunoterapia na rede pública de Saúde do Distrito Federal para pacientes com Câncer. ",2024-11-19,672,3,0,0,sim,sim,Apresentação,149991
REQ 174/2023,Deputada Paula Belmonte,Requer solicitação de informações à Secretaria de Estado do Meio Ambiente e Proteção Animal do Distrito Federal sobre a apuração de possíveis crimes ambientais no Rio Melchior. ,2023-02-15,1315,3,0,0,sim,sim,Apresentação,10493
REQ 1746/2024,Deputada Dayse Amarilio,"Requer informações à Secretaria de Estado de Saúde do Distrito Federal acerca do fornecimento do medicamento OFEV (nintedanibe), para o tratamento de fibrose pulmonar idiopática e outras condições graves",2024-11-26,665,3,0,0,sim,sim,Apresentação,150104
REQ 175/2023,Deputada Paula Belmonte,Requer informações à Secretaria de Estado de Educação acerca das rotas do transportes escolar na região do Assentamento da 26 de Setembro.,2023-02-15,1315,3,0,0,sim,sim,Apresentação,10514
REQ 1752/2024,Deputado Rogério Morro da Cruz,"Requer o encaminhamento de solicitação de informações ao Ilustríssimo Senhor Presidente da Companhia Imobiliária de Brasília - TERRACAP, acerca da titularidade dos bens que compõem o Condomínio Solar Dom Bosco, localizado no Setor Habitacional Dom Bosco, Região Administrativa do Lago Sul – RA XVI.",2024-11-27,664,3,0,0,sim,sim,Apresentação,150163
REQ 1760/2024,Deputado Fábio Felix,Requer informações à Secretaria de Estado de Educação do Distrito Federal sobre a expedição do registro de frequência pela Secretaria para o regular recebimento do benefício Pé de Meia. ,2024-12-04,657,3,0,0,sim,sim,Apresentação,150284
REQ 1761/2024,"Deputado Fábio Felix, Deputado Max Maciel, Deputada Dayse Amarilio","Solicita ao Poder Executivo, por meio da Secretaria de Estado de Economia do Distrito Federal – SEEC-DF, informações sobre as isenções fiscais concedidas às empresas no Distrito Federal.",2024-12-04,657,3,0,0,sim,sim,Apresentação,150174
REQ 1766/2024,Deputado Roosevelt Vilela,Requer informações à Polícia Civil do Distrito Federal acerca do andamento de Ocorrência Policial.,2024-12-10,651,4,1,0,sim,sim,Apresentação,150465
REQ 1770/2024,Deputado Ricardo Vale,Requer o encaminhamento de pedido de informações à TERRACAP.,2024-12-10,651,3,0,0,sim,sim,Apresentação,150507
REQ 1775/2025,Deputado Max Maciel,Requer o encaminhamento de solicitação de informações à Secretaria de Estado de Obras e Infraestrutura sobre contrato com o Fundo Financeiro para Desenvolvimento da Bacia do Prata para obras de infraestrutura nas regiões administrativas do Sol Nascente/Pôr do Sol e Taguatinga.,2025-02-04,595,3,0,0,sim,sim,Apresentação,150709
REQ 1776/2025,Deputado Fábio Felix,Requer informações à Secretaria de Estado de Saúde sobre as condições de trabalho e atendimento em medicina de família e comunidade,2025-02-04,595,3,0,0,sim,sim,Apresentação,150538
REQ 1777/2025,Deputado Fábio Felix,"Requer informações à Secretaria de Estado de Saúde do Distrito Federal sobre a falta de energia elétrica há mais de dois meses em parte do prédio da Unidade Básica de Saúde - UBS 11, situada na Região Administrativa – RA de Água Quente - Distrito Federal. ",2025-02-04,595,3,0,0,sim,sim,Apresentação,150646
REQ 1778/2025,Deputado Fábio Felix,Requer informações a respeito da prestação de serviços de recepção hospitalar no IGES,2025-02-04,595,3,0,0,sim,sim,Apresentação,150695
REQ 1779/2025,Deputado Fábio Felix,"Requer informações à Secretaria de Estado de Proteção da Ordem Urbanística do Distrito Federal – DF Legal sobre escolas particulares na região administrativa do Lago Sul, em áreas residenciais, e respectivas ações de fiscalização com interdição/fechamento.",2025-02-04,595,3,0,0,sim,sim,Apresentação,150468
REQ 1780/2025,Deputado Fábio Felix,"Requer informações junto à Secretaria de Educação (SEE) e ao Instituto Brasília Ambiental (Ibram) sobre a instalação de uma usina termelétrica a gás natural e o possível deslocamento da Escola Classe Guariroba, localizada na DF-180, na Zona Rural de Samambaia.",2025-02-04,595,3,0,0,sim,sim,Apresentação,150744
REQ 1781/2025,"Deputada Dayse Amarilio, Deputada Dayse Amarilio, Deputado Max Maciel","Requer informações à Secretaria de Estado de Saúde do Distrito Federal (SES DF) acerca da mudança de organograma que visa relocalizar o Núcleo de Estudos, Prevenção e Atenção à Violência (NEPAV), retirando-o da Subsecretaria de Vigilância para a Subsecretaria de Saúde Mental.",2025-02-04,595,4,0,0,sim,sim,Apresentação,150756
REQ 1783/2025,Deputado Fábio Felix,"Requer informações à Secretaria de Saúde do Distrito Federal e à Secretaria de Estado de Justiça e Cidadania acerca das Comunidades Terapêuticas cadastradas no Conselho de Políticas sobre Drogas do Distrito Federal, bem como sobre a ampliação das Unidades de Acolhimento no âmbito da Secretaria de Saúde do Distrito Federal.",2025-02-04,595,3,0,0,sim,sim,Apresentação,150589
REQ 1784/2025,Deputado Fábio Felix,Requer informações à Secretaria de Saúde do Distrito Federal acerca da ampliação do número de leitos de psiquiatria em hospitais gerais da rede pública de saúde. ,2025-02-04,595,3,0,0,sim,sim,Apresentação,150588
REQ 1785/2025,Deputado Fábio Felix,"Requer informações à Secretaria de Saúde do Distrito Federal sobre os trabalhos da Comissão de Desinstitucionalização em Saúde Mental, instituída pela Portaria nº 407, de 16 de outubro de 2023.",2025-02-04,595,3,0,0,sim,sim,Apresentação,150587
REQ 1786/2025,Deputado Fábio Felix,Requer informações à Secretaria de Saúde do Distrito Federal sobre os Centros de Atenção Psicossocial – CAPS.,2025-02-04,595,3,0,0,sim,sim,Apresentação,150586
REQ 1787/2025,Deputado Fábio Felix,Requer informações à Secretaria de Estado de Saúde do Distrito Federal sobre psiquiatria geriátrica – Psicogeriatria na pasta de Saúde Pública do Distrito Federal. ,2025-02-04,595,3,0,0,sim,sim,Apresentação,150539
REQ 1788/2025,Deputado Fábio Felix,Requer informações à Secretaria de Estado de Educação do Distrito Federal sobre a conclusão da obra do Centro de Ensino Médio 10 da Ceilândia - Distrito Federal. ,2025-02-04,595,3,0,0,sim,sim,Apresentação,150499
REQ 1789/2025,Deputado Fábio Felix,"Requer informações à Secretaria de Estado de Educação do Distrito Federal sobre a não mais disponibilização dos cursos noturnos do Centro de Ensino Profissionalizante – CEP, de Planaltina - Distrito Federal. 

 ",2025-02-04,595,3,0,0,sim,sim,Apresentação,150473
REQ 1790/2025,Deputado Fábio Felix,"Requer informações junto à Secretaria de Estado de Educação - SEEDF, a respeito dos Termos de Ciência, a serem assinados por professores dos Colégios Cívico-Militares do Distrito Federal.",2025-02-04,595,3,0,0,sim,sim,Apresentação,150804
REQ 180/2023,Deputada Dayse Amarilio,Requer informações à Secretaria de Estado de Desenvolvimento Social do Distrito Federal acerca do dimensionamento de pessoal nas unidades vinculadas à Secretaria.,2023-02-16,1314,3,0,0,sim,sim,Apresentação,10660
REQ 1801/2025,Deputado Max Maciel,Requer o encaminhamento de solicitação de informações à Secretaria de Saúde do Distrito Federal sobre acidentes envolvendo motocicletas no Distrito Federal.,2025-02-04,595,3,0,0,sim,sim,Apresentação,150816
REQ 1802/2025,Deputado Max Maciel,Requer o encaminhamento de solicitação de informações à Secretaria de Saúde do Distrito Federal sobre construção de CAPS no Gama - RA II.,2025-02-04,595,3,0,0,sim,sim,Apresentação,150817
REQ 1806/2025,"Deputado Fábio Felix, Deputado Max Maciel","Requer informações junto à Secretaria de Estado de Desenvolvimento e Habitação – Seduh, a respeito da revisão do Plano Diretor de Ordenamento Territorial do Distrito Federal – PDOT.",2025-02-06,593,3,0,0,sim,sim,Apresentação,150580
REQ 1807/2025,Deputado Fábio Felix,"Requer informações à Casa Civil do Governo do Distrito Federal sobre a não aplicação das sanções previstas na Lei n° 2.615, de 26 de outubro de 2000, que “determina sanções às práticas discriminatórias em razão da orientação sexual das pessoas”. ",2025-02-11,588,3,0,0,sim,sim,Apresentação,150050
REQ 181/2023,Deputada Dayse Amarilio,"Requer informações à Secretaria de Estado de Planejamento, Orçamento e Administração do Distrito Federal acerca do atendimento da Subsecretaria de Segurança e Saúde no Trabalho - SUBSAUDE.",2023-02-16,1314,3,0,0,sim,sim,Apresentação,10676
REQ 1821/2025,Deputado Fábio Felix,"Requer informações ao Corpo de Bombeiros Militar do Distrito Federal – CBMDF sobre a celebração de um Termo de Convênio com a Inframerica e, consequentemente, do Grupo de Trabalho constituído para estudar a viabilidade desta celebração.",2025-02-17,582,3,0,0,sim,sim,Apresentação,151034
REQ 1828/2025,Deputado Fábio Felix,Requer informações à Secretaria de Transporte e Mobilidade a respeito da previsão de investimentos no Metrô-DF,2025-02-18,581,3,0,0,sim,sim,Apresentação,151080
REQ 1829/2025,Deputado Fábio Felix,Requer informações junto ao Instituto do Meio Ambiente e dos Recursos Hídricos do Distrito Federal - Brasília Ambiental a respeito do monitoramento da qualidade do ar.,2025-02-18,581,3,0,0,sim,sim,Apresentação,151146
REQ 183/2023,Deputado Max Maciel,Requer o encaminhamento de solicitação de informação à Secretaria de Estado de Educação acerca das vagas carentes de professores em escolas da rede pública do Distrito Federal.,2023-02-16,1314,3,0,0,sim,sim,Apresentação,10602
REQ 1832/2025,Deputada Dayse Amarilio,Requer informações à Secretaria de Estado das Cidades do Distrito Federal e à Administração Regional do Guará sobre a atuação do Comitê Gestor da Feira do Guará.,2025-02-18,581,3,0,0,sim,sim,Apresentação,151152
REQ 1835/2025,Deputado Eduardo Pedrosa,Requer informações à Companhia de Desenvolvimento Habitacional do Distrito Federal – CODHAB.,2025-02-20,579,3,0,0,sim,sim,Apresentação,151184
REQ 1838/2025,Deputado Fábio Felix,"Requer informações junto à Secretaria de Transporte e Mobilidade acerca da implementação e da oferta eficiente de transporte público gratuito durante o carnaval, aos domingos e feriados.",2025-02-24,575,3,0,0,sim,sim,Apresentação,151167
REQ 1839/2025,Deputado Fábio Felix,Requer informações à Secretaria de Administração Penitenciária do Distrito Federal sobre o aumento dos Inquéritos Disciplinares (IDs) no Centro de Progressão Penitenciária (CPP).,2025-02-24,575,3,0,0,sim,sim,Apresentação,151192
REQ 184/2023,Deputada Paula Belmonte,"Requer informações sobre proposta de alteração dos termos firmados no Termo de Compromisso nº 98/2021, celebrados entre a TERRACAP e a Associação Comercial Industrial do Núcleo Bandeirante, na forma que especifica.",2023-02-16,1314,3,0,0,sim,sim,Apresentação,10641
REQ 1842/2025,Deputado Fábio Felix,Requer informações à Secretaria de Estado de Saúde do Distrito Federal informações sobre ações e prestação de serviços públicos na pasta de Cuidados Paliativos (CP) no Distrito Federal. ,2025-02-24,575,3,0,0,sim,sim,Apresentação,151077
REQ 1843/2025,Deputado Fábio Felix,"Requer informações ao Governo do Distrito Federal - GDF acerca da aplicação e cumprimento do Decreto nº 46.810, de 03 de fevereiro de 2025, que criou o Grupo de Trabalho (GT) responsável por acompanhar a execução do Contrato de Concessão de Uso de Bem Público nº 38/2019.",2025-02-24,575,3,0,0,sim,sim,Apresentação,151126
REQ 1844/2025,"Deputada Dayse Amarilio, Deputada Dayse Amarilio, Deputada Dayse Amarilio",Requer informações à Secretaria de Estado de Saúde do Distrito Federal (SES DF) acerca da nomeação dos agentes Comunitários de Saúde (ACS) e dos Agentes de Vigilância Ambiental em Saúde (AVAS) ,2025-02-24,575,3,0,0,sim,sim,Apresentação,151195
REQ 1846/2025,Deputada Dayse Amarilio,Requer informações à Secretaria de Estado de Saúde do Distrito Federal acerca das reformas empreendidas no bloco do Centro Obstétrico do Hospital Materno Infantil de Brasília - HMIB,2025-02-24,575,3,0,0,sim,sim,Apresentação,151232
REQ 1850/2025,Deputado Max Maciel,Requer o encaminhamento de solicitação de informações à SECRETARIA DE ESTADO DE SAÚDE sobre licitação para aquisição de fórmula utilizada da dieta cetogênica oferecida aos pacientes atendidos pelo Hospital da Criança de Brasília.,2025-02-28,571,3,0,0,sim,sim,Apresentação,151287
REQ 1859/2025,Deputada Dayse Amarilio,Requer informações à Secretaria de Estado de Saúde do Distrito Federal acerca das políticas públicas e dos recursos disponíveis para prevenção e tratamento do câncer de mama.,2025-03-11,560,3,0,0,sim,sim,Apresentação,151369
REQ 186/2023,Deputada Dayse Amarilio,Requer informações à Secretaria de Estado de Desenvolvimento Social acerca dos resultados do Grupo de Trabalho criado para tratar da segurança nas unidades socioassistenciais do Distrito Federal.,2023-02-23,1307,3,0,0,sim,sim,Apresentação,10667
REQ 187/2023,Deputada Dayse Amarilio,Requer informações a Secretaria de Estado de Saúde do Distrito Federal acerca de inspeções sanitárias nos equipamentos da Assistência Social.,2023-02-23,1307,3,0,0,sim,sim,Apresentação,10663
REQ 1874/2025,Deputado Fábio Felix,"Requer informações à Secretaria de Estado de Saúde do Distrito Federal sobre a situação precária da Unidade Básica de Saúde – UBS 8, da Região Administrativa – RA de Santa Maria/DF. ",2025-03-17,554,4,0,0,sim,sim,Apresentação,151294
REQ 1875/2025,Deputado Fábio Felix,"Requer informações à Secretaria de Educação do Distrito Federal sobre o processo de convocação do Concurso Público para Provimento de Vagas e Formação de Cadastro de Reserva para os Cargos de Magistério Público e Assistência à Educação da SEEDF, regido pelo Edital nº 31 de 30 de junho de 2022.",2025-03-17,554,3,0,0,sim,sim,Apresentação,151230
REQ 1877/2025,Deputada Paula Belmonte,"Requer informações junto à Companhia de Saneamento Ambiental do Distrito Federal (CAESB), e à Companhia Urbanizadora da Nova Capital (NOVACAP), a respeito do Plano Diretor de Drenagem.",2025-03-17,554,3,0,0,sim,sim,Apresentação,151432
REQ 1878/2025,Deputada Paula Belmonte,"Requer informações junto à Secretaria de Estado de Desenvolvimento Urbano e Habitação (SEDUH), e à Secretaria de Estado de Governo (SEGOV), a respeito dos Planos de Desenvolvimento Local e dos Conselhos de Planejamento.",2025-03-17,554,3,0,0,sim,sim,Apresentação,151433
REQ 1879/2025,Deputada Paula Belmonte,"Requer informações junto à Secretaria de Estado de Desenvolvimento Urbano e Habitação (SEDUH), e à Companhia de Desenvolvimento Habitacional do Distrito Federal (CODHAB), a respeito do Plano de Desenvolvimento Habitacional.",2025-03-17,554,3,0,0,sim,sim,Apresentação,151471
REQ 188/2023,Deputado Max Maciel,Requer o encaminhamento de solicitação de informação à Secretaria de Estado de Esporte e Lazer do Distrito Federal acerca da execução do Fundo de Apoio ao Esporte - FAE.,2023-02-23,1307,3,0,0,sim,sim,Apresentação,10661
REQ 1880/2025,Deputada Paula Belmonte,"Requer informações junto à Agência Reguladora de Águas, Energia e Saneamento Básico (ADASA), a respeito do Plano Diretor de Águas e Esgotos.",2025-03-17,554,3,0,0,sim,sim,Apresentação,151472
REQ 1881/2025,Deputada Paula Belmonte,"Requer informações junto à Secretaria de Estado de Desenvolvimento Urbano e Habitação (SEDUH), e à Secretaria de Estado de Governo (SEGOV), a respeito do Sistema de Planejamento Territorial e Urbano.",2025-03-17,554,3,0,0,sim,sim,Apresentação,151473
REQ 1882/2025,Deputada Paula Belmonte,"Requer informações junto à Secretaria de Estado do Meio Ambiente (SEMA), à A Secretaria de Estado da Agricultura, Abastecimento e Desenvolvimento Rural do Distrito Federal (SEAGRI), e ao Brasília Ambiental (IBRAM), a respeito do Plano de Desenvolvimento Rural Sustentável.",2025-03-17,554,3,0,0,sim,sim,Apresentação,151474
REQ 1883/2025,Deputada Paula Belmonte,"Requer informações junto à Secretaria de Estado de Desenvolvimento Urbano e Habitação (SEDUH), e à Secretaria de Estado de Governo (SEGOV), a respeito da legislação específica do IPTU Progressivo.",2025-03-17,554,3,0,0,sim,sim,Apresentação,151475
REQ 1913/2025,Deputado Gabriel Magno,"Requer à Secretaria de Estado de Governo do Distrito Federal informações sobre a Feira Permanente do Guará, com encaminhamento de cópias integrais de processos administrativos.",2025-03-25,546,3,0,0,sim,sim,Apresentação,151628
REQ 1915/2025,Deputado Fábio Felix,"Requer à Secretaria de Estado de Obras e Infraestrutura do Distrito Federal – SODF e à Secretaria de Estado de Planejamento, Orçamento e Administração do Distrito Federal – SEPLAD informações sobre o contrato de concessão com a CEB Iluminação Pública e Serviços S.A.",2025-03-25,546,3,0,0,sim,sim,Apresentação,151607
REQ 1925/2025,Deputado Fábio Felix,"Requer informações à Secretaria de Estado de Saúde do Distrito Federal – SES-DF, a respeito do tempo médio de esperar para primeira consulta oncológica.  ",2025-03-27,544,3,0,0,sim,sim,Apresentação,151602
REQ 1932/2025,Deputado Gabriel Magno,"Requer informações sobre a contratação de sistema de gestão eletrônica de frequência de servidores, no âmbito da Secretaria de Estado de Educação do Distrito Federal.",2025-03-31,540,3,0,0,sim,sim,Apresentação,151733
REQ 1938/2025,Deputado Gabriel Magno,Requer ao Banco de Brasília o encaminhamento de informações sobre os atos e fatos relacionados ao Fato Relevante da Operação junto ao Banco Master.,2025-04-01,539,4,1,0,sim,sim,Apresentação,151794
REQ 1942/2025,Deputado Fábio Felix,Requer informações à Secretaria de Educação a respeito das condições da rede elétrica das escolas públicas do Distrito Federal ,2025-04-02,538,3,0,0,sim,sim,Apresentação,151702
REQ 1943/2025,Deputado Fábio Felix,Requer informações à Secretaria de Estado de Educação do Distrito Federal sobre larvas encontradas na merenda de escolas públicas do Distrito Federal.,2025-04-02,538,3,0,0,sim,sim,Apresentação,151663
REQ 1949/2025,Deputado Gabriel Magno,Requer informações ao Secretário de Estado de Cultura e Economia Criativa do Distrito Federal sobre a Sala Martins Pena do Teatro Nacional Cláudio Santoro.,2025-04-07,533,3,0,0,sim,sim,Apresentação,151859
REQ 1952/2025,Deputado Fábio Felix,Requer informações a respeito dos afastamentos de trabalhadores por motivos de saúde nas empresas públicas do Distrito Federal,2025-04-07,533,3,0,0,sim,sim,Apresentação,151852
REQ 1965/2025,Deputado Fábio Felix,Requer ao Presidente do BRB S.A. informações a respeito da aquisição do Banco Master,2025-04-14,526,3,0,0,sim,sim,Apresentação,151905
REQ 1966/2025,Deputado Fábio Felix,Requer informações a respeito da concessão de licenças e autorizações especiais para comércio ambulante em eventos,2025-04-14,526,3,0,0,sim,sim,Apresentação,151980
REQ 1974/2025,Deputado Rogério Morro da Cruz,"Requer o encaminhamento de solicitação de informações ao Ilustríssimo Senhor Presidente da Companhia Imobiliária de Brasília - TERRACAP, acerca da titularidade e propriedade da área onde encontra-se situado o Condomínio Privê Lago Norte II, localizado na Região Administrativa do Lago Norte (RA-XVII).",2025-04-15,525,3,0,0,sim,sim,Apresentação,152089
REQ 1979/2025,Deputado Fábio Felix,"Requer informações à Secretaria de Estado de Saúde do Distrito Federal acerca das iniciativas adotadas no enfrentamento da violência institucional contra a equipe do Programa de Interrupção Gestacional Prevista em Lei (PIGL), instalado no Hospital Materno Infantil de Brasília (HMIB).",2025-04-16,524,3,0,0,sim,sim,Apresentação,151992
REQ 1980/2025,Deputado Fábio Felix,"Requer informações à Secretaria de Estado de Saúde do Distrito Federal –SES/DF sobre o andamento do Grupo de Trabalho para Diagnóstico Situacional da Regulação em Saúde do Distrito Federal, instituído pela Portaria nº 91, de 17 de março de 2025. ",2025-04-16,524,3,0,0,sim,sim,Apresentação,152104
REQ 1981/2025,Deputado Fábio Felix,"Requer informações à Secretaria de Estado de Saúde do Distrito Federal –SES/DF sobre a situação dos pacientes internados em hospitais da rede pública que aguardam a realização de cirurgias e exames, bem como os procedimentos adotados pela SES/DF para redução do tempo de espera desses procedimentos.",2025-04-16,524,3,0,0,sim,sim,Apresentação,152102
REQ 1982/2025,Deputado Fábio Felix,"Requer informações à Secretaria de Estado de Saúde do Distrito Federal –SES/DF sobre a evolução histórica dos gastos públicos com saúde, bem como previsão de investimentos para o exercício vigente. ",2025-04-16,524,3,0,0,sim,sim,Apresentação,152100
REQ 1988/2025,Deputado Max Maciel,Requer o encaminhamento de solicitação de informações à Secretaria de Estado de Saúde sobre o fechamento da UBS 04 de Taguatinga Norte - RA III.,2025-04-24,516,3,0,0,sim,sim,Apresentação,152094
REQ 1989/2025,Deputado Max Maciel,Requer o encaminhamento de solicitação de informações à Secretaria de Estado de Economia sobre a atividade industrial de Taguatinga - RA III.,2025-04-24,516,3,0,0,sim,sim,Apresentação,152012
REQ 2/2023,"Deputado Roosevelt Vilela, Deputado Hermeto, Deputado Eduardo Pedrosa, Deputado Iolando, Deputado Thiago Manzoni, Deputada Paula Belmonte, Deputado João Cardoso , Deputado Pastor Daniel de Castro, Deputado Robério Negreiros, Deputado Ricardo Vale",Requer o registro da criação da Frente Parlamentar de Tecnologia da Informação no Distrito Federal.,2023-02-01,1329,7,0,0,nao,sim,Apresentação,9996
REQ 200/2023,Deputada Dayse Amarilio,Requer informações ao Instituto de Gestão Estratégica de Saúde do Distrito Federal acerca da estrutura física do Hospital de Base do Distrito Federal.,2023-02-28,1302,3,0,0,sim,sim,Apresentação,10827
REQ 2000/2025,Deputada Paula Belmonte,Requer informações ao Presidente do Banco de Brasília sobre a aquisição do Banco Master. ,2025-05-06,504,5,2,0,nao,sim,Apresentação,152369
REQ 2001/2025,Deputada Paula Belmonte,Requer informações ao Presidente do Banco de Brasília sobre a aquisição do Banco Master. ,2025-05-06,504,4,1,0,sim,sim,Apresentação,152374
REQ 2009/2025,Deputado Max Maciel,Requer informações à Secretaria de Estado de Saúde do Distrito Federal sobre o quantitativo de ausências da população em consultas e exames agendados na rede pública de saúde deste ente federativo.,2025-05-12,498,3,0,0,sim,sim,Apresentação,152418
REQ 2010/2025,Deputado Max Maciel,"Requer informações à Secretaria de Estado de Transporte e Mobilidade do Distrito Federal sobre os valores gastos, mensalmente, com o sistema de bilhetagem e o sistema de biometria utilizados no âmbito do transporte público coletivo distrital.",2025-05-12,498,3,0,0,sim,sim,Apresentação,152422
REQ 2027/2025,Deputado Gabriel Magno,Requer à Secretaria de Estado de Saúde do Distrito Federal informações sobre os trabalhos realizados pelo Comitê de Planejamento da Saúde do Distrito Federal.,2025-05-16,494,3,0,0,sim,sim,Apresentação,152596
REQ 2028/2025,Deputada Paula Belmonte,Requer informações ao Banco de Brasília (BRB S.A.) acerca das políticas de desenvolvimento implementadas nos últimos cinco anos no âmbito do Distrito Federal.,2025-05-19,491,3,0,0,sim,sim,Apresentação,152481
REQ 2040/2025,Deputado Gabriel Magno,"Requer à Secretaria de Estado de Educação do Distrito Federal informações relacionadas ao Projeto ""Câmara Legislativa vai à escola” realizado no CED 01 do Itapoã.",2025-05-26,484,3,0,0,sim,sim,Apresentação,152717
REQ 2041/2025,Deputado Gabriel Magno,Requer à Secretaria de Estado de Educação do Distrito Federal informações relacionadas a transferência de estudantes do CED 01 do Itapoã.,2025-05-26,484,3,0,0,sim,sim,Apresentação,152718
REQ 2043/2025,Deputada Paula Belmonte,"Requer informações ao Secretário de Economia do Distrito Federal sobre entidades consignatárias e descontos em folha de pagamento. 

 ",2025-05-26,484,3,0,0,sim,sim,Apresentação,152613
REQ 205/2023,Deputada Dayse Amarilio,Requer informações à Secretaria de Estado de Saúde acerca das Unidades Básicas de Saúde da Ceilândia - Região Oeste de Saúde.,2023-02-28,1302,3,0,0,nao,sim,Apresentação,10864
REQ 2058/2025,Deputado Max Maciel,Requer informações à Secretaria de Estado de Educação do Distrito Federal sobre a superlotação das salas de aula do CEF 25 de Ceilândia - RA IX.,2025-06-02,477,3,0,0,sim,sim,Apresentação,152757
REQ 2059/2025,Deputado Max Maciel,Requer informações à Administração Regional de São Sebastião sobre o Polo de Artesanato de São Sebastião - RA XIV.,2025-06-02,477,3,0,0,sim,sim,Apresentação,152785
REQ 2060/2025,Deputado Max Maciel,Requer informações à Administração Regional de São Sebastião sobre a construção do Centro de Cultura de São Sebastião - RA XIV.,2025-06-02,477,3,0,0,sim,sim,Apresentação,152781
REQ 2061/2025,Deputado Max Maciel,Requer informações ao Instituto Brasília Ambiental - IBRAM sobre denúncias de poluição sonora e ações fiscalizatórias em estabelecimentos culturais do Distrito Federal.,2025-06-02,477,3,0,0,sim,sim,Apresentação,152777
REQ 2065/2025,Deputada Dayse Amarilio,Requer informações à Secretaria de Estado de Saúde do Distrito Federal –SES/DF sobre as políticas públicas voltadas às pessoas com doença celíaca e dermatite herpetiforme no Distrito Federal.,2025-06-03,476,3,0,0,sim,sim,Apresentação,152907
REQ 2067/2025,Deputado Fábio Felix,Requer informações à Secretaria de Estado de Economia a respeito da arrecadação da Contribuição por Iluminação Pública ,2025-06-05,474,3,0,0,sim,sim,Apresentação,152708
REQ 2068/2025,Deputado Fábio Felix,"Requer informações à Secretaria de Segurança Pública, à Secretaria de Obras e Infraestrutura e à CEB Iluminação Pública e Serviços (CEB IPES)",2025-06-05,474,3,0,0,sim,sim,Apresentação,152939
REQ 2069/2025,Deputado Fábio Felix,Requer informações à Secretaria de Estado de Obras e Infraestrutura do Distrito Federal – SODF a respeito da concessão outorgada à CEB Ipês ,2025-06-05,474,3,0,0,sim,sim,Apresentação,152709
REQ 2070/2025,Deputada Dayse Amarilio,"Requer informações à Secretaria de Estado da Mulher do Distrito Federal acerca dos eventuais impactos que a criação do Conselho Distrital de Defesa da Mulher (CODEM), prevista no Projeto de Lei nº 169/2023, aprovado em primeiro turno, nos termos da subemenda apresentada, poderá gerar sobre o funcionamento e a continuidade do Conselho dos Direitos da Mulher do Distrito Federal (CDM-DF).

 ",2025-06-05,474,9,6,0,sim,sim,Apresentação,152924
REQ 2075/2025,Deputado Thiago Manzoni,Solicitação de informações sobre os procedimentos realizados no âmbito do Programa de Interrupção Gestacional Prevista em Lei (PIGL).,2025-06-05,474,3,0,0,sim,sim,Apresentação,152953
REQ 208/2023,Deputada Dayse Amarilio,Requer informações à Secretaria de Estado de Saúde do Distrito Federal acerca de eventual demora no atendimento de paciente internado no Hospital Regional de Taguatinga.,2023-02-28,1302,3,0,0,nao,sim,Apresentação,10885
REQ 2086/2025,Deputado Max Maciel,"Requer informações à Secretaria de Educação sobre o edifício que abriga o Centro Educacional Zumbi dos Palmares, localizado em São Sebastião – RA XIV.",2025-06-10,469,3,0,0,sim,sim,Apresentação,152941
REQ 2087/2025,Deputado Max Maciel,Requer informações à Secretaria do Desenvolvimento Social  - SEDES sobre o Programa Cartão Prato Cheio.,2025-06-10,469,3,0,0,sim,sim,Apresentação,152931
REQ 2088/2025,Deputado Max Maciel,"Requer informações à Companhia de Desenvolvimento Habitacional do Distrito Federal (CODHAB) sobre o andamento da construção do empreendimento Alto Mangueiral, localizado em São Sebastião – RA XIV.",2025-06-10,469,3,0,0,sim,sim,Apresentação,152879
REQ 209/2023,Deputada Paula Belmonte,Requer informações da Casa Civil do Distrito Federal do Distrito Federal na forma que especifica.,2023-02-28,1302,3,0,0,sim,sim,Apresentação,10832
REQ 2090/2025,Deputado Iolando,Requer à EMPRESA JBS o encaminhamento de informações sobre boas práticas a serem empregadas no tratamento dos efluentes industriais lançados no Rio Melchior.,2025-06-12,467,6,0,0,nao,nao,Apresentação,153056
REQ 2091/2025,Deputado Iolando,Requer à COMPANHIA DE SANEAMENTO AMBIENTAL DO DISTRITO FEDERAL - CAESB o encaminhamento de informações sobre boas práticas a serem empregadas no tratamento dos efluentes domésticos lançados no Rio Melchior.,2025-06-12,467,6,0,0,nao,nao,Apresentação,153055
REQ 2092/2025,Deputado Iolando,Requer ao SERVIÇO DE LIMPEZA URBANA DO DISTRITO FEDERAL – SLU/DF o encaminhamento de informações sobre boas práticas a serem empregadas no tratamento dos efluentes de chorume lançados no Rio Melchior.,2025-06-12,467,6,0,0,nao,nao,Apresentação,153054
REQ 2094/2025,Deputado Fábio Felix,Requer ao DF Legal informações sobre ações de remoção e desocupação de áreas públicas,2025-06-13,466,3,0,0,sim,sim,Apresentação,152958
REQ 2095/2025,Deputado Fábio Felix,"Requer informações à Secretaria de Estado de Saúde do Distrito Federal sobre a situação precária da Unidade Básica de Saúde – UBS 13, da Região Administrativa – RA de Ceilândia/DF. ",2025-06-13,466,3,0,0,sim,sim,Apresentação,153050
REQ 2096/2025,Deputado Fábio Felix,"Requer informações ao DETRAN-DF sobre ocorrências de acidentes com motos, por mês e ano, ocorridos no Distrito Federal de 2020 a 2025. ",2025-06-13,466,3,0,0,sim,sim,Apresentação,152652
REQ 2102/2025,Deputada Dayse Amarilio,Requer informações ao Instituto de Gestão Estratégica de Saúde do Distrito Federal - IGESDF acerca da concessão de reajuste salarial ao quadro de enfermeiros da instituição.,2025-06-13,466,3,0,0,sim,sim,Apresentação,153081
REQ 2103/2025,Deputada Dayse Amarilio,"Requer informações à TERRACAP sobre o andamento do processo de regularização fundiária da área do IAPI, localizada na Região Administrativa do Guará – RA X.",2025-06-13,466,3,0,0,sim,sim,Apresentação,153071
REQ 2104/2025,Deputada Paula Belmonte,"Requer informações complementares sobe o Aterro Sanitário de Brasília, a fim de melhor elucidar os fatos relativos à situação do Rio.",2025-06-16,463,5,0,0,nao,nao,Apresentação,153046
REQ 2105/2025,Deputada Paula Belmonte,"Requer a solicitação de informações à Secretaria de Estado da Agricultura, Abastecimento e Desenvolvimento Rural (SEAGRI), a fim de melhor elucidar os fatos relativos à situação do Rio Melchior.",2025-06-16,463,5,0,0,nao,nao,Apresentação,153103
REQ 2108/2025,Deputada Paula Belmonte,"Requer a solicitação de informações à Secretaria de Estado do Meio Ambiente do Distrito Federal (SEMA), a fim de melhor elucidar os fatos relativos à situação do Rio Melchior.",2025-06-16,463,5,0,0,nao,nao,Apresentação,153101
REQ 211/2023,"Deputado Max Maciel, Deputado Ricardo Vale, Deputada Paula Belmonte, Comissão de Fiscalização Governança Transparência Controle",Requer ao Instituto de Gestão Estratégica de Saúde do Distrito Federal (IGESDF) informações detalhadas das despesas com pessoal do IGESDF.,2023-02-28,1302,4,0,0,sim,sim,Apresentação,10772
REQ 2129/2025,Deputado Max Maciel,Requer informações à Secretaria de Saúde do Distrito Federal sobre aparelhos para realizar exames de endoscopia no Hospital Regional de Santa Maria - RA XIII.,2025-07-21,428,3,0,0,sim,sim,Apresentação,153345
REQ 213/2023,Deputada Dayse Amarilio,"Requer informações à Secretaria de Estado de Educação do Distrito Federal acerca cumprimento das metas do Plano Distrital de Educação, em especial quanto à educação infantil.

",2023-02-28,1302,3,0,0,sim,sim,Apresentação,10986
REQ 2130/2025,Deputado Max Maciel,"Requer informações à Secretaria de Saúde do Distrito Federal acerca do andamento da reforma do Pronto Socorro do Hospital Regional de Ceilândia – HRC.
",2025-07-21,428,3,0,0,sim,sim,Apresentação,153286
REQ 2131/2025,Deputado Max Maciel,"Requer informações ao Instituto Brasília Ambiental (IBRAM) sobre a situação atual do Parque Distrital de São Sebastião, conhecido como Parque do Bosque – RA XIV.",2025-07-21,428,3,0,0,sim,sim,Apresentação,153277
REQ 2132/2025,Deputado Max Maciel,"Requer, à Secretaria de Meio Ambiente do Distrito Federal, informações relacionadas ao processo de licenciamento da Usina Termelétrica Brasília (UTE Brasília).",2025-07-21,428,3,0,0,sim,sim,Apresentação,153348
REQ 2133/2025,Deputado Max Maciel,Requer informações à Secretaria de Saúde do Distrito Federal sobre a reforma na Unidades Básicas de Saúde (UBS) 09 de Santa Maria - RA XIII.,2025-07-21,428,1,0,0,nao,nao,Apresentação,153346
REQ 2134/2025,Deputada Dayse Amarilio,Requer informações à Secretaria de Estado da Casa Civil do Distrito Federal – CACI acerca da regulamentação da Lei nº 7.459/2024,2025-07-21,428,3,0,0,sim,sim,Apresentação,153194
REQ 2135/2025,Deputada Dayse Amarilio,Requer informações à Secretaria de Estado da Casa Civil do Distrito Federal – CACI acerca da regulamentação da Lei nº 7.624/2024,2025-07-21,428,3,0,0,sim,sim,Apresentação,153195
REQ 2136/2025,Deputada Dayse Amarilio,Requer informações à Secretaria de Estado da Casa Civil e à Secretaria de Estado de Saúde do Distrito Federal – CACI acerca da regulamentação da Lei nº 7.474/2024,2025-07-21,428,3,0,0,sim,sim,Apresentação,153198
REQ 2137/2025,Deputada Dayse Amarilio,Requer informações à Secretaria de Estado da Casa Civil do Distrito Federal – CACI acerca da regulamentação da Lei nº 7.539/2024,2025-07-21,428,3,0,0,sim,sim,Apresentação,153200
REQ 2139/2025,Deputada Dayse Amarilio,"Requer informações à Secretaria de Estado da Casa Civil do Distrito Federal – CACI acerca da regulamentação da Lei nº 7.452/2024
",2025-07-21,428,3,0,0,sim,sim,Apresentação,153322
REQ 2140/2025,Deputada Dayse Amarilio,Requer informações à Secretaria de Estado da Casa Civil do Distrito Federal – CACI acerca da regulamentação da Lei nº 7.389/2024,2025-07-21,428,3,0,0,sim,sim,Apresentação,153320
REQ 2141/2025,Deputada Dayse Amarilio,"Requer informações à Secretaria de Estado da Casa Civil do Distrito Federal – CACI acerca da aplicação/regulamentação da Lei nº 7.242/2023
",2025-07-21,428,3,0,0,sim,sim,Apresentação,153321
REQ 2161/2025,Deputado Fábio Felix,Requer informações à Defensoria Pública do Distrito Federal acerca das demandas voltadas à realização de cirurgias de redesignação sexual.,2025-08-05,413,3,0,0,sim,sim,Apresentação,153438
REQ 2163/2025,Deputado Fábio Felix,"Requer informações junto às Secretarias de Estado de Cultura e Economia Criativa e de Desenvolvimento Urbano e Habitação acerca da preservação de bens com valor patrimonial indicados pelo PPCUB, em especial no que tange à preservação do Brasília Palace Hotel.",2025-08-05,413,3,0,0,sim,sim,Apresentação,153332
REQ 2164/2025,Deputado Fábio Felix,Requer informações ao Poder Executivo acerca da execução e fiscalização das obras públicas em andamento no Distrito Federal,2025-08-05,413,3,0,0,sim,sim,Apresentação,153481
REQ 2171/2025,Deputado Gabriel Magno,Requer à Companhia Urbanizadora da Nova Capital – Novacap o encaminhamento de informações sobre os atos e fatos relacionados à Operação Coringa do Ministério Público do Distrito Federal e Territórios.,2025-08-07,411,3,0,0,sim,sim,Apresentação,153649
REQ 2175/2025,Deputado Fábio Felix,"Requer informações junto à Secretaria de Estado da Agricultura, Abastecimento e Desenvolvimento Rural (Seagri), à Companhia Imobiliária de Brasília (Terracap), à Companhia de Desenvolvimento Habitacional do Distrito Federal (CODHAB/DF), à Secretaria de Desenvolvimento Urbano e Habitação do DF (Seduh) e à Empresa de Regularização de Terras Rurais (ETR), a respeito da situação fática e jurídica de área.",2025-08-11,407,3,0,0,sim,sim,Apresentação,153610
REQ 2179/2025,Deputado Fábio Felix,"Requer informações à Secretaria de Obras e Infraestrutura do Distrito Federal - SODF e à Secretaria de Cultura e Economia Criativa - SECEC acerca do projeto de criação do Museu da Bíblia em Brasília.

",2025-08-11,407,3,0,0,sim,sim,Apresentação,153394
REQ 218/2023,Deputado Fábio Felix,Requer informações à Secretaria de Estado de Segurança Pública do Distrito Federal sobre feminicídios praticados com armas de fogo.,2023-03-01,1301,3,0,0,sim,sim,Apresentação,10490
REQ 219/2023,Deputado Fábio Felix,"Requer à Secretaria de Mobilidade Urbana do Distrito Federal informações acerca da pane geral do Metrô-DF, do fechamento das estações e  paralisação das composições urbanas - os trens - em 28.02.2023",2023-03-01,1301,3,0,0,sim,sim,Apresentação,10971
REQ 2193/2025,Deputado Max Maciel,"Requer informações à Secretaria de Estado de Cultura e Economia Criativa do Distrito Federal sobre a reforma do Cine Itapuã, localizado no Gama - RA II.",2025-08-18,400,3,0,0,sim,sim,Apresentação,153641
REQ 2195/2025,"Deputada Dayse Amarilio, Deputada Dayse Amarilio","Requer informações ao Instituto de Gestão Estratégica de Saúde (IGESDF) acerca das condições do ambiente de trabalho na Diretoria de Inovação, Ensino e Pesquisa (DIEP)",2025-08-18,400,4,0,0,sim,sim,Apresentação,153792
REQ 2199/2025,Deputado Gabriel Magno,"Requer a Tramitação do Projeto de Lei 1.182/2025, que “Autoriza o BRB - Banco de Brasília a adquirir participação em instituições financeiras sediadas no Brasil e no exterior, empresas com atividades próprias ou complementares às do setor financeiro, inclusive no ramo de tecnologia da informação (TI) e empresas com objetos sociais relacionados às atividades previstas no artigo 144, § 1º da Lei Orgânica do DF” na Comissão de Assuntos Sociais.",2025-08-19,399,5,3,0,nao,sim,Apresentação,153841
REQ 2200/2025,Deputado Gabriel Magno,"Requer informações ao Secretário de Estado de Obras do Distrito Federal sobre a obra de restauração do viaduto que liga o Eixo Rodoviário Leste (ERL) ao Eixo Rodoviário Oeste (ERW), no início da Asa Norte.
",2025-08-19,399,3,0,0,sim,sim,Apresentação,153846
REQ 2201/2025,Deputado Fábio Felix,"Requer informações à Secretaria de Segurança Pública - SSP e à Secretaria de Justiça e Cidadania - SEJUS acerca do atendimento e apuração de crimes cibernéticos, bem como medidas preventivas e dados sobre violência sexual e exploração de crianças e adolescentes no Distrito Federal.",2025-08-19,399,3,0,0,sim,sim,Apresentação,153731
REQ 2202/2025,Deputado Fábio Felix,Requer informações à Secretaria de Estado Segurança Pública do Distrito Federal sobre afastamentos por motivos de saúde mental ,2025-08-19,399,3,0,0,sim,sim,Apresentação,153704
REQ 2203/2025,Deputado Fábio Felix,"Requer informações junto à Companhia Urbanizadora da Nova Capital (NOVACAP), a respeito da destinação do crédito suplementar à Lei Orçamentária Anual do Distrito Federal no valor de R$ 214.839.073,00,  que originou a Lei n°
7.736, de 11 de agosto de 2025.",2025-08-19,399,3,0,0,sim,sim,Apresentação,153694
REQ 2204/2025,Deputado Gabriel Magno,Requer informações ao Secretário de Estado de Transporte e Mobilidade do Distrito Federal a respeito da fixação de bolas de concretos colocadas pela empresa responsável pela concessão da Rodoviária do Plano Piloto.,2025-08-19,399,3,0,0,sim,sim,Apresentação,153850
REQ 2205/2025,Deputado Gabriel Magno,"Requer ao Banco de Brasília (BRB) informações, dados e relatórios relacionados ao Projeto de Lei n.º 1.882/2025, que “ Autoriza o BRB - Banco de Brasília a adquirir participação em instituições financeiras sediadas no Brasil e no exterior, empresas com atividades próprias ou complementares às do setor financeiro, inclusive no ramo de tecnologia da informação (TI) e empresas com objetos sociais relacionados às atividades previstas no artigo 144, § 1º da Lei Orgânica do DF”.",2025-08-19,399,4,1,0,sim,sim,Apresentação,153852
REQ 2208/2025,Deputado Max Maciel,"Requer interstício de 1 (um) dia, para votação em 2º turno, do Projeto  de Lei 1.882, de 2025, que ""Autoriza o BRB - Banco de Brasília a adquirir participação em instituições financeiras sediadas no Brasil e no exterior, empresas com atividades próprias ou complementares às do setor financeiro, inclusive no ramo de tecnologia da informação (TI) e empresas com objetos sociais relacionados às atividades previstas no artigo 144, § 1º da Lei Orgânica do DF"", aprovado na Sessão Ordinária de 19 de agosto de 2025.",2025-08-19,399,2,0,0,nao,sim,Apresentação,153854
REQ 2214/2025,Deputado Gabriel Magno,"Requer ao Poder Executivo, por meio da Secretaria de Estado de Educação do Distrito Federal, informações sobre as ações, os ciclos de planejamento estratégico e o acompanhamento de medidas estruturantes previstas para o exercício das funções do Presidente do Conselho de Educação do Distrito Federal - CEDF.",2025-08-21,397,3,0,0,sim,sim,Apresentação,153803
REQ 2218/2025,Deputado Gabriel Magno,Requer informações à Secretaria de Estado de Desenvolvimento Social do Distrito Federal a respeito do atraso no repasse de recursos públicos destinados à execução de termos de parceria.,2025-08-25,393,3,0,0,sim,sim,Apresentação,153917
REQ 2226/2025,Deputada Dayse Amarilio,Solicita informações à Secretaria de Estado da Mulher do Distrito Federal acerca do funcionamento e dos atendimentos do Comitê de Proteção à Mulher.,2025-08-27,391,3,0,0,sim,sim,Apresentação,153938
REQ 2227/2025,Deputada Dayse Amarilio,"Requer informações à Secretaria de Estado da Mulher do Distrito Federal acerca das alterações propostas à estrutura e composição do Conselho dos Direitos da Mulher do DF (CDM), conforme substitutivo ao Projeto de Lei nº 169/2023, com ênfase na exclusão de membros da composição atual, na consulta ao conselho vigente e nos procedimentos previstos para a transição institucional.",2025-08-27,391,3,0,0,sim,sim,Apresentação,153952
REQ 2236/2025,Deputado Chico Vigilante,"Requer, nos termos do art. 60, XXXIII, da Lei Orgânica do Distrito Federal, informações ao Secretário de Estado de Saúde do Distrito Federal, sobre pacientes com neoplasia maligna (câncer) no Distrito Federal.",2025-09-03,384,3,0,0,sim,sim,Apresentação,154110
REQ 2237/2025,Deputada Paula Belmonte,"Requer informações sobre as áreas com maior índice de criminalidade na região da M Norte, para subsidiar plano de segurança comunitária.",2025-09-03,384,3,0,0,sim,sim,Apresentação,154142
REQ 2246/2025,Deputado Rogério Morro da Cruz,"Requer o encaminhamento de solicitação de informações à Excelentíssima Senhora Secretária de Estado de Educação do Distrito Federal.
",2025-09-08,379,3,0,0,sim,sim,Apresentação,154186
REQ 2249/2025,Deputado Fábio Felix,Requer informações ao BRB S.A. sobre a operação de aquisição do Banco Master,2025-09-09,378,3,0,0,sim,sim,Apresentação,154193
REQ 2250/2025,Deputado Fábio Felix,Requer informações ao Banco de Brasília S.A. a respeito de indícios de operações atípicas,2025-09-09,378,3,0,0,sim,sim,Apresentação,154164
REQ 2259/2025,Deputado Max Maciel,Requer informações à Secretaria de Estado de Saúde Distrito Federal sobre a situação do fornecimento de medicamentos e funcionamento das Unidades Básicas de Saúde (UBS) localizadas no Recanto das Emas - RA XV.,2025-09-11,376,3,0,0,sim,sim,Apresentação,154206
REQ 226/2023,Deputado Rogério Morro da Cruz,"Requer o encaminhamento de solicitação de informações a Excelentíssima Senhora Secretária de Estado de Educação do Distrito Federal, acerca da oferta do transporte escolar na Região Administrativa de São Sebastião-RA-XIV. ",2023-03-02,1300,3,0,0,sim,sim,Apresentação,11013
REQ 2260/2025,Deputado Max Maciel,"Requer informações à Secretaria de Estado de Esporte e Lazer do Distrito Federal sobre o estádio Adonir Guimarães, localizado em Planaltina - RA VI.",2025-09-11,376,3,0,0,sim,sim,Apresentação,154120
REQ 2261/2025,Deputado Max Maciel,"Requer informações à Secretaria de Estado de Esporte e Lazer do Distrito Federal sobre o Ginásio de Múltiplas Funções, localizado em Planaltina - RA VI.",2025-09-11,376,3,0,0,sim,sim,Apresentação,154090
REQ 2262/2025,Deputado Gabriel Magno,Requer informações à Secretaria de Estado de Saúde do Distrito Federal a respeito da lotação de trabalhadores não vinculados à Secretaria em questão nas dependências do Hospital Regional da Asa Norte.,2025-09-11,376,3,0,0,sim,sim,Apresentação,154335
REQ 2263/2025,Deputada Dayse Amarilio,Requer informações à Subsecretaria de Gestão de Pessoas – SUGEP/SES-DF acerca das nomeações sem efeito dos concursos para Agentes Comunitários de Saúde (ACS) e Agentes de Vigilância Ambiental em Saúde (AVAS).,2025-09-11,376,3,0,0,sim,sim,Apresentação,154318
REQ 2265/2025,Deputado Gabriel Magno,Requer informações à Secretaria de Estado de Turismo do Distrito Federal – SETUR/DF sobre a restauração da Casa do Artesão de Planaltina-DF. ,2025-09-15,372,3,0,0,sim,sim,Apresentação,154352
REQ 2267/2025,Deputado Gabriel Magno,"Requer informações ao Poder Executivo, por intermédio da Casa Civil do Distrito Federal, a respeito do falecimento de cidadãos sob custódia em instituições vinculadas ao sistema de execução penal distrital.",2025-09-15,372,3,0,0,sim,sim,Apresentação,154378
REQ 227/2023,Deputado Gabriel Magno,REQUER À SECRETARIA DE ESTADO DE EDUCAÇÃO DO DISTRITO FEDERAL INFORMAÇÕES SOBRE O PLANEJAMENTO PARA A CONTRATAÇÃO DE MONITORES ESCOLARES EM 2023.,2023-03-02,1300,3,0,0,sim,sim,Apresentação,11014
REQ 2276/2025,Deputado Fábio Felix,Requer informações à Secretaria de Estado de Saúde do Distrito Federal –SES/DF sobre a produção e os indicadores assistenciais do Instituto de Cardiologia e Transplantes do Distrito Federal – ICTDF.,2025-09-18,369,3,0,0,sim,sim,Apresentação,154336
REQ 2282/2025,Deputada Dayse Amarilio,Requer informações à Subsecretaria de Gestão de Pessoas – SUGEP/SES-DF acerca da gestão de pessoal na Secretaria de Estado de Saúde do Distrito Federal,2025-09-18,369,3,0,0,sim,sim,Apresentação,154459
REQ 2290/2025,Comissão de Saúde,Requer informações à Secretaria de Estado de Saúde do Distrito Federal - SES acerca das devoluções dos servidores do Hospital de Base que estavam cedidos ao Instituto de Gestão Estratégica de Saúde - IGESDF.,2025-09-24,363,3,0,0,sim,sim,Apresentação,154520
REQ 2293/2025,Deputada Dayse Amarilio,Requer informações à Secretaria de Estado de Saúde do Distrito Federal sobre a situação das equipes de Saúde da Família atualmente instaladas no Centro Olímpico de Planaltina e os planos para constituição de uma Unidade Básica de Saúde adequada para atender a população local.,2025-09-25,362,3,0,0,sim,sim,Apresentação,154555
REQ 2294/2025,Deputada Dayse Amarilio,"Requer informações à Secretaria de Estado de Saúde do Distrito Federal acerca de pontos discutidos na audiência pública de apresentação do 1º Relatório Detalhado do Quadrimestre Anterior (RDQA) de 2025, no tocante a Gestão da Política de Atenção à Pessoa em Situação de Violência - RAV, NUPAV, CEPAV. ",2025-09-25,362,3,0,0,sim,sim,Apresentação,154556
REQ 2307/2025,Deputada Paula Belmonte,"Requer informações junto à Secretaria de Estado de Desenvolvimento Urbano e Habitação (SEDUH), a respeito da regularização do Condomínio Porto Rico, localizado em Santa Maria – RA XIII",2025-10-02,355,3,0,0,sim,sim,Apresentação,154647
REQ 2308/2025,Deputada Paula Belmonte,"Requer informações junto à Companhia de Desenvolvimento Habitacional do Distrito Federal (CODHAB), a respeito da regularização do Condomínio Porto Rico, localizado em Santa Maria – RA XIII.",2025-10-02,355,3,0,0,sim,sim,Apresentação,154649
REQ 2309/2025,Deputada Paula Belmonte,"Requer informações junto ao Brasília Ambiental (IBRAM), a respeito da regularização do Condomínio Porto Rico, localizado em Santa Maria – RA XIII.",2025-10-02,355,3,0,0,sim,sim,Apresentação,154650
REQ 231/2023,Deputada Dayse Amarilio,"Requer informações à Secretaria de Estado de Saúde do Distrito Federal acerca da aplicação da Lei Federal nº 14.443, de 2 de setembro de 2022.",2023-03-07,1295,3,0,0,sim,sim,Apresentação,11027
REQ 2310/2025,Deputada Dayse Amarilio,Requer informações à Secretaria de Estado de Saúde do Distrito Federal sobre a destinação de recursos federais da Rede Alyne,2025-10-02,355,3,0,0,sim,sim,Apresentação,154664
REQ 2315/2025,Deputado Max Maciel,"Requer informações à Neoenergia Distribuição Brasília sobre quedas de energia no Condomínio Belvedere Green, localizado no Jardim Botânico - RA XXVII.",2025-10-06,351,3,0,0,sim,sim,Apresentação,154670
REQ 2321/2025,Deputado Rogério Morro da Cruz,Requer o encaminhamento de solicitação de informações ao Excelentíssimo Senhor Secretário de Estado de Saúde do Distrito Federal acerca da implantação da Política Nacional de Cuidados Paliativos no âmbito do Distrito Federal.,2025-10-08,349,3,0,0,sim,sim,Apresentação,154739
REQ 2327/2025,Deputada Paula Belmonte,"Requer informações junto à Agência de Desenvolvimento do Distrito Federal – Terracap a respeito das coordenadas UTM da poligonal de regularização da 2ª Etapa do Setor Placa da Mercedes, localizado no Núcleo Bandeirante – RA VIII.",2025-10-14,343,3,0,0,sim,sim,Apresentação,154669
REQ 2334/2025,Deputado Ricardo Vale,Requer o encaminhamento de pedido de informações ao Secretário de Estado de Economia do Distrito Federal.,2025-10-15,342,3,0,0,sim,sim,Apresentação,154869
REQ 2340/2025,Deputado Fábio Felix,Requer informações à SEAPE e à SES a respeito da letalidade e da atenção à saúde no sistema prisional,2025-10-20,337,3,0,0,sim,sim,Apresentação,154671
REQ 2341/2025,Deputado Fábio Felix,"Requer informações à Secretaria de Estado de Saúde do Distrito Federal – SES/DF sobre o fornecimento de canabidiol no Programa de Prevenção à Epilepsia e Assistência Integral às Pessoas com Epilepsia, bem como sobre o incentivo à pesquisa científica com cannabis no Distrito Federal. ",2025-10-20,337,3,0,0,sim,sim,Apresentação,154895
REQ 2342/2025,Deputado Fábio Felix,Requer informações a respeito do Centro de Ensino Especial de Deficientes Visuais ,2025-10-20,337,3,0,0,sim,sim,Apresentação,154890
REQ 2343/2025,Deputado Fábio Felix,Requer informações a respeito do fornecimento de alimentação no sistema prisional e no sistema sócio-educativo,2025-10-20,337,3,0,0,sim,sim,Apresentação,154487
REQ 2345/2025,Deputado Max Maciel,Requer informações à Secretaria de Estado de Saúde sobre a construção do Centro de Atenção Psicossocial (CAPS III) no Gama – RA II.,2025-10-20,337,3,0,0,sim,sim,Apresentação,154779
REQ 2346/2025,Deputado Max Maciel,Requer informações à Secretaria de Estado de Saúde sobre a participação do Distrito Federal no Novo PAC Saúde.,2025-10-20,337,3,0,0,sim,sim,Apresentação,154887
REQ 2347/2025,Deputada Paula Belmonte,"Requer informações junto à Secretaria de Estado de Desenvolvimento Urbano e Habitação (SEDUH), a respeito da regularização do Condomínio Vila Rabelo, localizado em Sobradinho II – RA XXVI.",2025-10-20,337,3,0,0,sim,sim,Apresentação,154923
REQ 2348/2025,Deputada Paula Belmonte,"Requer informações junto à Companhia de Desenvolvimento Habitacional do Distrito Federal (CODHAB), a respeito da regularização do Condomínio Vila Rabelo, localizado em Sobradinho II – RA XXVI.",2025-10-20,337,3,0,0,sim,sim,Apresentação,154924
REQ 2349/2025,Deputada Paula Belmonte,"Requer informações junto ao Brasília Ambiental (IBRAM), a respeito da regularização do Condomínio Vila Rabelo, localizado em Sobradinho II – RA XXVI.",2025-10-20,337,3,0,0,sim,sim,Apresentação,154925
REQ 2361/2025,Deputado Gabriel Magno,"Requer informações à Secretaria de Estado de Proteção da Ordem Urbanística do Distrito Federal sobre a ação de derrubada de horta comunitária localizada na QR 127, Conjunto 4, em Samambaia, no dia 25 de junho de 2025.",2025-10-24,333,3,0,0,sim,sim,Apresentação,155017
REQ 2362/2025,Deputada Dayse Amarilio,Requer informações à Secretaria de Estado de Saúde do Distrito Federal acerca do déficit de profissionais de Gestão e Assistência Pública à Saúde (GAPS) nas Unidades Básicas de Saúde.,2025-10-27,330,3,0,0,sim,sim,Apresentação,155052
REQ 2363/2025,Deputada Dayse Amarilio,Requer informações à Secretaria de Estado de Saúde do Distrito Federal acerca das inconformidades encontradas em fiscalização no Hospital Regional da Asa Norte (HRAN) realizada no dia 24.10.2025,2025-10-29,328,3,0,0,sim,sim,Apresentação,155058
REQ 2364/2025,Deputada Dayse Amarilio,"Requer informações à Secretaria de Estado de Saúde do Distrito Federal acerca da implementação da Rede de Hortos Agroflorestais Medicinais Biodinâmicos (RHAMB)
",2025-10-29,328,3,0,0,sim,sim,Apresentação,155059
REQ 2385/2025,Deputada Paula Belmonte,"Requer informações e disponibilização de base de dados, junto à Secretaria de Estado de Desenvolvimento Social (SEDES), a respeito da execução de programas, benefícios, auxílios e serviços sociais.",2025-11-06,320,3,0,0,sim,sim,Apresentação,155284
REQ 2386/2025,Deputada Dayse Amarilio,Requer informações à Secretaria de Estado de Saúde do Distrito Federal acerca das condições de trabalho e funcionamento da UBS 13 do Gama (Casa Grande),2025-11-10,316,3,0,0,sim,sim,Apresentação,155338
REQ 2387/2025,Deputada Dayse Amarilio,"Requer informações à Secretaria de Estado de Saúde do Distrito Federal acerca das condições de funcionamento de UBS em imóveis alugados, cedidos e em comodato.",2025-11-10,316,3,0,0,sim,sim,Apresentação,155339
REQ 2390/2025,Deputado Fábio Felix,Requer informações a respeito da atuação do BRB como agente financeiro oficial de fomento do Governo do Distrito Federal,2025-11-10,316,3,0,0,nao,sim,Apresentação,155223
REQ 2391/2025,Deputado Fábio Felix,"
Solicita informações à Subsecretaria do Sistema Penitenciário do Distrito Federal a respeito do funcionamento das saídas Temporárias do presos no Distrito Federal.",2025-11-10,316,3,0,0,nao,sim,Apresentação,154207
REQ 2392/2025,Deputado Fábio Felix,Requer informações a respeito do andamento das obras públicas contratadas pelo órgão especificado.,2025-11-10,316,3,0,0,nao,sim,Apresentação,155162
REQ 2393/2025,Deputado Fábio Felix,"Requer informações a respeito do andamento das obras públicas contratadas pelo órgão especificado.
",2025-11-10,316,3,0,0,nao,sim,Apresentação,155160
REQ 2394/2025,Deputado Fábio Felix,Requer informações a respeito do andamento das obras públicas contratadas pelo órgão especificado,2025-11-10,316,3,0,0,nao,sim,Apresentação,155157
REQ 2395/2025,Deputado Fábio Felix,Requer informações a respeito do andamento das obras públicas contratadas pelo órgão especificado,2025-11-10,316,3,0,0,nao,sim,Apresentação,155155
REQ 2396/2025,Deputado Fábio Felix,Requer informações a respeito do andamento das obras públicas contratadas pelo órgão especificado,2025-11-10,316,3,0,0,nao,sim,Apresentação,155154
REQ 2397/2025,Deputado Fábio Felix,Requer informações a respeito do andamento das obras públicas contratadas pelo órgão especificado.,2025-11-10,316,3,0,0,nao,sim,Apresentação,155163
REQ 2398/2025,Deputado Fábio Felix,Requer informações a respeito do andamento das obras públicas contratadas pelo órgão especificado.,2025-11-10,316,3,0,0,nao,sim,Apresentação,155164
REQ 2399/2025,Deputado Fábio Felix,"Requer informações a respeito do andamento das obras públicas contratadas pelo órgão especificado.
",2025-11-10,316,3,0,0,nao,sim,Apresentação,155166
REQ 240/2023,Deputada Dayse Amarilio,"Requer informações à Secretaria de Estado de Saúde acerca da Gratificação de Titulação, paga aos servidores daquele órgão.",2023-03-07,1295,3,0,0,sim,sim,Apresentação,11078
REQ 2400/2025,Deputado Fábio Felix,Requer informações a respeito do andamento das obras públicas contratadas pelo órgão especificado.,2025-11-10,316,3,0,0,nao,sim,Apresentação,155168
REQ 2401/2025,Deputado Fábio Felix,Requer informações a respeito do andamento das obras públicas contratadas pelo órgão especificado.,2025-11-10,316,3,0,0,nao,sim,Apresentação,155169
REQ 2402/2025,Deputado Fábio Felix,Requer informações a respeito do andamento das obras públicas contratadas pelo órgão especificado,2025-11-10,316,3,0,0,nao,sim,Apresentação,155171
REQ 2403/2025,Deputado Fábio Felix,Requer informações a respeito do andamento das obras públicas contratadas pelo órgão especificado,2025-11-10,316,3,0,0,nao,sim,Apresentação,155172
REQ 2404/2025,Deputado Fábio Felix,Requer informações a respeito do andamento das obras públicas contratadas pelo órgão especificado,2025-11-10,316,3,0,0,nao,sim,Apresentação,155174
REQ 2405/2025,Deputado Fábio Felix,"Requer informações a respeito do andamento das obras públicas contratadas pelo órgão especificado.
",2025-11-10,316,3,0,0,nao,sim,Apresentação,155175
REQ 2406/2025,Deputado Fábio Felix,Requer informações a respeito do andamento das obras públicas contratadas pelo órgão especificado.,2025-11-10,316,3,0,0,nao,sim,Apresentação,155176
REQ 2407/2025,Deputado Fábio Felix,Requer informações a respeito do andamento das obras públicas contratadas pelo órgão especificado,2025-11-10,316,3,0,0,nao,sim,Apresentação,155177
REQ 2408/2025,Deputado Fábio Felix,Requer informações a respeito do andamento das obras públicas contratadas pelo órgão especificado,2025-11-10,316,3,0,0,nao,sim,Apresentação,155179
REQ 2409/2025,Deputado Fábio Felix,"
Requer informações a respeito do andamento das obras públicas contratadas pelo órgão especificado.
",2025-11-10,316,3,0,0,nao,sim,Apresentação,155180
REQ 2410/2025,Deputado Fábio Felix,"Requer informações a respeito do andamento das obras públicas contratadas pelo órgão especificado.
",2025-11-10,316,3,0,0,nao,sim,Apresentação,155183
REQ 2411/2025,Deputado Fábio Felix,Requer informações a respeito do andamento das obras públicas contratadas pelo órgão especificado,2025-11-10,316,3,0,0,nao,sim,Apresentação,155184
REQ 2412/2025,Deputado Fábio Felix,"Requer informações a respeito do andamento das obras públicas contratadas pelo órgão especificado.
",2025-11-10,316,3,0,0,nao,sim,Apresentação,155185
REQ 2413/2025,Deputado Fábio Felix,"
Requer informações a respeito do andamento das obras públicas contratadas pelo órgão especificado.
",2025-11-10,316,3,0,0,nao,sim,Apresentação,155186
REQ 2414/2025,Deputado Fábio Felix,Requer informações a respeito do andamento das obras públicas contratadas pelo órgão especificado,2025-11-10,316,3,0,0,nao,sim,Apresentação,155187
REQ 2415/2025,Deputado Fábio Felix,"Requer informações a respeito do andamento das obras públicas contratadas pelo órgão especificado.
",2025-11-10,316,3,0,0,nao,sim,Apresentação,155188
REQ 2416/2025,Deputado Fábio Felix,Requer informações a respeito do andamento das obras públicas contratadas pelo órgão especificado,2025-11-10,316,3,0,0,nao,sim,Apresentação,155189
REQ 2417/2025,Deputado Fábio Felix,Requer informações a respeito do andamento das obras públicas contratadas pelo órgão especificado.,2025-11-10,316,3,0,0,nao,sim,Apresentação,155190
REQ 2418/2025,Deputado Fábio Felix,Requer informações a respeito do andamento das obras públicas contratadas pelo órgão especificado.,2025-11-10,316,3,0,0,nao,sim,Apresentação,155191
REQ 2419/2025,Deputado Fábio Felix,"
Requer informações a respeito do andamento das obras públicas contratadas pelo órgão especificado.
",2025-11-10,316,3,0,0,nao,sim,Apresentação,155193
REQ 2420/2025,Deputado Fábio Felix,Requer informações a respeito do andamento das obras públicas contratadas pelo órgão especificado,2025-11-10,316,3,0,0,nao,sim,Apresentação,155194
REQ 2421/2025,Deputado Fábio Felix,Requer informações a respeito do andamento das obras públicas contratadas pelo órgão especificado.,2025-11-10,316,3,0,0,nao,sim,Apresentação,155195
REQ 2422/2025,Deputado Fábio Felix,Requer informações a respeito do andamento das obras públicas contratadas pelo órgão especificado,2025-11-10,316,3,0,0,nao,sim,Apresentação,155196
REQ 2423/2025,Deputado Fábio Felix,Requer informações a respeito do andamento das obras públicas contratadas pelo órgão especificado.,2025-11-10,316,3,0,0,nao,sim,Apresentação,155197
REQ 2424/2025,Deputado Fábio Felix,Requer informações a respeito do andamento das obras públicas contratadas pelo órgão especificado.,2025-11-10,316,3,0,0,nao,sim,Apresentação,155198
REQ 2425/2025,Deputado Fábio Felix,"Requer informações a respeito do andamento das obras públicas contratadas pelo órgão especificado.
",2025-11-10,316,3,0,0,nao,sim,Apresentação,155199
REQ 2426/2025,Deputado Fábio Felix,"Requer informações a respeito do andamento das obras públicas contratadas pelo órgão especificado.
",2025-11-10,316,3,0,0,nao,sim,Apresentação,155201
REQ 2427/2025,Deputado Fábio Felix,Requer informações a respeito do andamento das obras públicas contratadas pelo órgão especificado,2025-11-10,316,3,0,0,nao,sim,Apresentação,155202
REQ 2428/2025,Deputado Fábio Felix,"Requer informações a respeito do andamento das obras públicas contratadas pelo órgão especificado.
",2025-11-10,316,3,0,0,nao,sim,Apresentação,155203
REQ 2429/2025,Deputado Fábio Felix,Requer informações a respeito do andamento das obras públicas contratadas pelo órgão especificado,2025-11-10,316,3,0,0,nao,sim,Apresentação,155204
REQ 2430/2025,Deputado Fábio Felix,"Requer informações a respeito do andamento das obras públicas contratadas pelo órgão especificado
 
",2025-11-10,316,3,0,0,nao,sim,Apresentação,155205
REQ 2431/2025,Deputado Fábio Felix,Requer informações a respeito do andamento das obras públicas contratadas pelo órgão especificado,2025-11-10,316,3,0,0,nao,sim,Apresentação,155206
REQ 2432/2025,Deputado Fábio Felix,Requer informações a respeito do andamento das obras públicas contratadas pelo órgão especificado,2025-11-10,316,3,0,0,nao,sim,Apresentação,155208
REQ 2433/2025,Deputado Fábio Felix,Requer informações a respeito do andamento das obras públicas contratadas pelo órgão especificado,2025-11-10,316,1,0,0,nao,sim,Apresentação,155207
REQ 2434/2025,Deputado Fábio Felix,Requer informações a respeito do andamento das obras públicas contratadas pelo órgão especificado,2025-11-10,316,3,0,0,nao,sim,Apresentação,155210
REQ 2435/2025,Deputado Fábio Felix,Requer informações a respeito do andamento das obras públicas contratadas pelo órgão especificado,2025-11-10,316,3,0,0,nao,sim,Apresentação,155211
REQ 2436/2025,Deputado Fábio Felix,"Requer informações a respeito do andamento das obras públicas contratadas pelo órgão especificado
 
",2025-11-10,316,3,0,0,nao,sim,Apresentação,155212
REQ 2437/2025,Deputado Fábio Felix,Requer informações a respeito do andamento das obras públicas contratadas pelo órgão especificado,2025-11-10,316,3,0,0,nao,sim,Apresentação,155213
REQ 2438/2025,Deputado Fábio Felix,Requer informações a respeito do andamento das obras públicas contratadas pelo órgão especificado,2025-11-10,316,3,0,0,nao,sim,Apresentação,155214
REQ 2439/2025,Deputado Fábio Felix,Requer informações a respeito do andamento das obras públicas contratadas pelo órgão especificado,2025-11-10,316,3,0,0,nao,sim,Apresentação,155215
REQ 2440/2025,Deputado Fábio Felix,Requer informações a respeito do andamento das obras públicas contratadas pelo órgão especificado.,2025-11-10,316,3,0,0,nao,sim,Apresentação,155091
REQ 2441/2025,Deputado Fábio Felix,"Requer informações a respeito do andamento das obras públicas contratadas pelo órgão especificado
 
",2025-11-10,316,3,0,0,nao,sim,Apresentação,155093
REQ 2442/2025,Deputado Fábio Felix,Requer informações a respeito do andamento das obras públicas contratadas pelo órgão especificado,2025-11-10,316,3,0,0,nao,sim,Apresentação,155094
REQ 2443/2025,Deputado Fábio Felix,Requer informações a respeito do andamento das obras públicas contratadas pelo órgão especificado.,2025-11-10,316,3,0,0,nao,sim,Apresentação,155095
REQ 2444/2025,Deputado Fábio Felix,Requer informações a respeito do andamento das obras públicas contratadas pelo órgão especificado,2025-11-10,316,3,0,0,nao,sim,Apresentação,155096
REQ 2445/2025,Deputado Fábio Felix,Requer informações a respeito do andamento das obras públicas contratadas pelo órgão especificado,2025-11-10,316,3,0,0,nao,sim,Apresentação,155097
REQ 2446/2025,Deputado Fábio Felix,Requer informações a respeito do andamento das obras públicas contratadas pelo órgão especificado,2025-11-10,316,3,0,0,nao,sim,Apresentação,155099
REQ 2447/2025,Deputado Fábio Felix,Requer informações a respeito do andamento das obras públicas contratadas pelo órgão especificado,2025-11-10,316,3,0,0,nao,sim,Apresentação,155100
REQ 2448/2025,Deputado Fábio Felix,Requer informações a respeito do andamento das obras públicas contratadas pelo órgão especificado,2025-11-10,316,4,0,0,sim,sim,Apresentação,155101
REQ 2449/2025,Deputado Fábio Felix,Requer informações a respeito do andamento das obras públicas contratadas pelo órgão especificado,2025-11-10,316,3,0,0,sim,sim,Apresentação,155102
REQ 2450/2025,Deputado Fábio Felix,Requer informações a respeito do andamento das obras públicas contratadas pelo órgão especificado,2025-11-10,316,3,0,0,sim,sim,Apresentação,155109
REQ 2451/2025,Deputado Fábio Felix,Requer informações a respeito do andamento das obras públicas contratadas pelo órgão especificado,2025-11-10,316,3,0,0,sim,sim,Apresentação,155113
REQ 2452/2025,Deputado Fábio Felix,Requer informações a respeito do andamento das obras públicas contratadas pelo órgão especificado,2025-11-10,316,3,0,0,sim,sim,Apresentação,155115
REQ 2453/2025,Deputado Fábio Felix,Requer informações a respeito do andamento das obras públicas contratadas pelo órgão especificado,2025-11-10,316,3,0,0,sim,sim,Apresentação,155116
REQ 2454/2025,Deputado Fábio Felix,Requer informações a respeito do andamento das obras públicas contratadas pelo órgão especificado,2025-11-10,316,3,0,0,sim,sim,Apresentação,155117
REQ 2455/2025,Deputado Fábio Felix,Requer informações a respeito do andamento das obras públicas contratadas pelo órgão especificado,2025-11-10,316,3,0,0,sim,sim,Apresentação,155119
REQ 2456/2025,Deputado Fábio Felix,Requer informações a respeito do andamento das obras públicas contratadas pelo órgão especificado.,2025-11-10,316,3,0,0,sim,sim,Apresentação,155120
REQ 2457/2025,Deputado Fábio Felix,Requer informações a respeito do andamento das obras públicas contratadas pelo órgão especificado,2025-11-10,316,3,0,0,sim,sim,Apresentação,155121
REQ 2458/2025,Deputado Fábio Felix,Requer informações a respeito do andamento das obras públicas contratadas pelo órgão especificado,2025-11-10,316,3,0,0,sim,sim,Apresentação,155123
REQ 2459/2025,Deputado Fábio Felix,Requer informações a respeito do andamento das obras públicas contratadas pelo órgão especificado.,2025-11-10,316,3,0,0,sim,sim,Apresentação,155124
REQ 2460/2025,Deputado Fábio Felix,Requer informações a respeito do andamento das obras públicas contratadas pelo órgão especificado.,2025-11-10,316,3,0,0,sim,sim,Apresentação,155125
REQ 2461/2025,Deputado Fábio Felix,"Requer informações a respeito do andamento das obras públicas contratadas pelo órgão especificado.
",2025-11-10,316,3,0,0,sim,sim,Apresentação,155126
REQ 2462/2025,Deputado Fábio Felix,"Requer informações a respeito do andamento das obras públicas contratadas pelo órgão especificado.
",2025-11-10,316,3,0,0,sim,sim,Apresentação,155128
REQ 2463/2025,Deputado Fábio Felix,Requer informações a respeito do andamento das obras públicas contratadas pelo órgão especificado.,2025-11-10,316,3,0,0,sim,sim,Apresentação,155129
REQ 2464/2025,Deputado Fábio Felix,Requer informações a respeito do andamento das obras públicas contratadas pelo órgão especificado.,2025-11-10,316,3,0,0,sim,sim,Apresentação,155130
REQ 2465/2025,Deputado Fábio Felix,Requer informações a respeito do andamento das obras públicas contratadas pelo órgão especificado,2025-11-10,316,3,0,0,sim,sim,Apresentação,155131
REQ 2466/2025,Deputado Fábio Felix,"Requer informações a respeito do andamento das obras públicas contratadas pelo órgão especificado.
",2025-11-10,316,3,0,0,sim,sim,Apresentação,155134
REQ 2467/2025,Deputado Fábio Felix,"Requer informações a respeito do andamento das obras públicas contratadas pelo órgão especificado.
",2025-11-10,316,3,0,0,sim,sim,Apresentação,155135
REQ 2468/2025,Deputado Fábio Felix,Requer informações a respeito do andamento das obras públicas contratadas pelo órgão especificado,2025-11-10,316,3,0,0,sim,sim,Apresentação,155136
REQ 2469/2025,Deputado Fábio Felix,Requer informações a respeito do andamento das obras públicas contratadas pelo órgão especificado,2025-11-10,316,3,0,0,sim,sim,Apresentação,155137
REQ 2470/2025,Deputado Fábio Felix,Requer informações a respeito do andamento das obras públicas contratadas pelo órgão especificado,2025-11-10,316,3,0,0,sim,sim,Apresentação,155138
REQ 2471/2025,Deputado Fábio Felix,Requer informações a respeito do andamento das obras públicas contratadas pelo órgão especificado,2025-11-10,316,3,0,0,sim,sim,Apresentação,155139
REQ 2472/2025,Deputado Fábio Felix,Requer informações a respeito do andamento das obras públicas contratadas pelo órgão especificado,2025-11-10,316,3,0,0,sim,sim,Apresentação,155140
REQ 2473/2025,Deputado Fábio Felix,Requer informações a respeito do andamento das obras públicas contratadas pelo órgão especificado,2025-11-10,316,3,0,0,sim,sim,Apresentação,155141
REQ 2474/2025,Deputado Fábio Felix,Requer informações a respeito do andamento das obras públicas contratadas pelo órgão especificado,2025-11-10,316,3,0,0,sim,sim,Apresentação,155142
REQ 2475/2025,Deputado Fábio Felix,Requer informações a respeito do andamento das obras públicas contratadas pelo órgão especificado,2025-11-10,316,3,0,0,sim,sim,Apresentação,155143
REQ 2476/2025,Deputado Fábio Felix,Requer informações a respeito do andamento das obras públicas contratadas pelo órgão especificado,2025-11-10,316,3,0,0,sim,sim,Apresentação,155144
REQ 2477/2025,Deputado Fábio Felix,Requer informações a respeito do andamento das obras públicas contratadas pelo órgão especificado,2025-11-10,316,3,0,0,sim,sim,Apresentação,155145
REQ 2478/2025,Deputado Fábio Felix,Requer informações a respeito do andamento das obras públicas contratadas pelo órgão especificado,2025-11-10,316,3,0,0,sim,sim,Apresentação,155146
REQ 2479/2025,Deputado Fábio Felix,Requer informações a respeito do andamento das obras públicas contratadas pelo órgão especificado,2025-11-10,316,3,0,0,sim,sim,Apresentação,155147
REQ 2480/2025,Deputado Fábio Felix,Requer informações a respeito do andamento das obras públicas contratadas pelo órgão especificado,2025-11-10,316,3,0,0,sim,sim,Apresentação,155148
REQ 2481/2025,Deputado Fábio Felix,Requer informações a respeito do andamento das obras públicas contratadas pelo órgão especificado,2025-11-10,316,3,0,0,sim,sim,Apresentação,155149
REQ 2482/2025,Deputado Fábio Felix,Requer informações a respeito do andamento das obras públicas contratadas pelo órgão especificado,2025-11-10,316,3,0,0,sim,sim,Apresentação,155150
REQ 2483/2025,Deputado Fábio Felix,Requer informações a respeito do andamento das obras públicas contratadas pelo órgão especificado,2025-11-10,316,3,0,0,sim,sim,Apresentação,155151
REQ 2484/2025,Deputado Fábio Felix,Requer informações a respeito do andamento das obras públicas contratadas pelo órgão especificado,2025-11-10,316,3,0,0,sim,sim,Apresentação,155152
REQ 2485/2025,Deputado Fábio Felix,Requer informações a respeito do andamento das obras públicas contratadas pelo órgão especificado,2025-11-10,316,3,0,0,sim,sim,Apresentação,155153
REQ 2486/2025,Deputado Fábio Felix,Requer informações complementares à SEGOV sobre andamento de obras públicas,2025-11-10,316,4,1,0,sim,sim,Apresentação,155103
REQ 2487/2025,Deputado Fábio Felix,Requer informações a respeito do andamento das obras públicas contratadas pelo órgão especificado,2025-11-10,316,3,0,0,sim,sim,Apresentação,155112
REQ 2488/2025,Deputado Fábio Felix,Requer informações a respeito do andamento das obras públicas contratadas pelo órgão especificado,2025-11-10,316,3,0,0,sim,sim,Apresentação,155118
REQ 2489/2025,Deputado Fábio Felix,"Requer informações a respeito do Projeto Zona Verde, de concessão de estacionamentos públicos",2025-11-10,316,3,0,0,sim,sim,Apresentação,155226
REQ 2495/2025,Deputado Gabriel Magno,Requer à Companhia Urbanizadora da Nova Capital – Novacap o encaminhamento de informações sobre relação de empresas citadas na Operação Coringa do Ministério Público do Distrito Federal e Territórios e as suplementações previstas no Projeto de Lei n.º 2.021/2025.,2025-11-12,314,4,1,0,sim,sim,Apresentação,155396
REQ 2498/2025,Deputado Fábio Felix,Requer informações a respeito do andamento das obras públicas contratadas pelo órgão especificado.,2025-11-13,313,3,0,0,sim,sim,Apresentação,155167
REQ 2499/2025,Deputado Fábio Felix,"Requer informações a respeito do andamento das obras públicas contratadas pelo órgão especificado.
",2025-11-13,313,3,0,0,sim,sim,Apresentação,155165
REQ 2500/2025,Deputado Fábio Felix,Requer informações a respeito do andamento das obras públicas contratadas pelo órgão especificado.,2025-11-13,313,3,0,0,sim,sim,Apresentação,155132
REQ 2506/2025,"Deputado Gabriel Magno, Deputado Gabriel Magno",Requer informações à Secretaria de Obras do Distrito Federal a respeito da construção de pontes no Lago Sul.,2025-11-19,307,4,0,0,sim,sim,Apresentação,155494
REQ 2508/2025,Deputada Dayse Amarilio,"Requer informações à Secretaria de Estado de Saúde do Distrito Federal sobre as condições da estrutura física das Unidades Básicas de Saúde (UBS), considerando relatos de precariedade e visando ao adequado acompanhamento e melhoria dos serviços prestados à população",2025-11-19,307,3,0,0,sim,sim,Apresentação,155498
REQ 2509/2025,"Deputado Chico Vigilante, Deputado Ricardo Vale, Deputado Gabriel Magno",Requer o encaminhamento de pedido de informações à Diretora-Presidente do Instituto de Previdência dos Servidores do Distrito Federal.,2025-11-19,307,3,0,0,sim,sim,Apresentação,155521
REQ 2511/2025,Deputado Chico Vigilante,"Requer informações à presidente em exercício do Banco de Brasília - BRB sobre a real situação do banco em vista das gravíssimas denúncias de fraudes, gestão temerária e riscos associados aos investimentos feitos pelo BRB no recém liquidado Banco Master.",2025-11-19,307,3,0,0,sim,sim,Apresentação,155506
REQ 2512/2025,Deputado Max Maciel,"Requer o encaminhamento de pedido de informações à Secretária de Estado de Desenvolvimento Econômico, Trabalho e Renda do Distrito Federal, relativas à execução e à gestão dos programas sociais sob sua responsabilidade, à operacionalização dos pagamentos realizados por meio do Banco de Brasília – BRB, à transparência das transferências de renda e à consolidação dos dados financeiros e administrativos referentes aos atendimentos a famílias vulneráveis no Distrito Federal",2025-11-24,302,3,0,0,sim,sim,Apresentação,155534
REQ 2513/2025,Deputado Max Maciel,"Requer o encaminhamento de pedido de informações à Diretora-Presidente do Instituto de Previdência dos Servidores do Distrito Federal – IPREV-DF, relativas à situação financeira do Regime Próprio de Previdência Social do Distrito Federal, ao uso dos rendimentos do Fundo Solidário Garantidor, aos estudos atuariais e à composição atualizada da carteira de investimentos sob gestão do Instituto.",2025-11-24,302,3,0,0,sim,sim,Apresentação,155533
REQ 2514/2025,Deputado Max Maciel,"Requer o encaminhamento de pedido de informações ao Secretário de Estado de Economia do Distrito Federal – SEEC/DF, relativas à execução orçamentária e financeira dos programas governamentais que dependem de pagamentos operacionalizados pelo Banco de Brasília – BRB, à gestão fiscal e ao acompanhamento dos impactos das oscilações financeiras recentes sobre o orçamento do Distrito Federal, bem como à consolidação de dados sobre repasses, dotações, empenhos e liquidações vinculados às políticas públicas executadas por meio do sistema financeiro distrital.",2025-11-24,302,3,0,0,sim,sim,Apresentação,155532
REQ 2518/2025,Deputado Max Maciel,Requer informações à Secretária de Estado de Saúde sobre a política de compras públicas de medicamentos e produtos à base de Cannabis no Distrito Federal.,2025-11-27,299,3,0,0,sim,sim,Apresentação,155360
REQ 2519/2025,Deputado Pastor Daniel de Castro,"Requerimento de informação ao Instituto do Meio Ambiente e dos Recursos Hídricos do Distrito Federal – IBRAM acerca de todas as autorizações e licenças emitidas para funcionamento de postos de combustíveis no Distrito Federal, a partir de março de 2023, com identificação dos proprietários e respectivas datas de emissão.",2025-12-01,295,3,0,0,sim,sim,Apresentação,155623
REQ 2520/2025,Deputado Pastor Daniel de Castro,"Requerimento de informação ao Instituto do Meio Ambiente e dos Recursos Hídricos do Distrito Federal – IBRAM sobre todos os convênios, contratos e instrumentos congêneres firmados pelo órgão a partir de março de 2023.",2025-12-01,295,3,0,0,sim,sim,Apresentação,155622
REQ 2523/2025,Deputada Dayse Amarilio,Requer informações ao Instituto de Gestão Estratégica de Saúde (IGESDF) acerca das eventuais irregularidades no pagamento de férias e do adicional de insalubridade dos trabalhadores vinculados ao Instituto,2025-12-03,293,3,0,0,sim,sim,Apresentação,155698
REQ 2524/2025,Deputado Max Maciel,"Requer o encaminhamento de solicitação de informações à Companhia de Desenvolvimento Habitacional do Distrito Federal (Codhab) sobre a execução das políticas, programas, benefícios e ações sociais executados pela Pasta.",2025-12-05,291,3,0,0,sim,sim,Apresentação,155386
REQ 2525/2025,Deputado Max Maciel,"Requer o encaminhamento de informações à Controladoria-Geral do Distrito Federal (CGDF) sobre a metodologia e dados consolidados da renúncia de receitas.
",2025-12-05,291,3,0,0,sim,sim,Apresentação,155385
REQ 2526/2025,Deputado Max Maciel,"Requer o encaminhamento de solicitação de informações à Universidade do Distrito Federal Jorge Amaury sobre a execução das políticas, programas, benefícios e ações sociais executados pela Pasta.
",2025-12-05,291,3,0,0,sim,sim,Apresentação,155369
REQ 2527/2025,Deputado Max Maciel,"Requer o encaminhamento de solicitação de informações à Secretaria de Estado de Esporte e Lazer do Distrito Federal (SEL) sobre a execução das políticas, programas, benefícios e ações sociais executados pela Pasta.",2025-12-05,291,3,0,0,sim,sim,Apresentação,155382
REQ 2528/2025,Deputado Max Maciel,"Requer o encaminhamento de solicitação de informações à Secretaria de Estado de Economia do Distrito Federal (SEEC) sobre renúncias fiscais e a respeito da execução das políticas, programas, benefícios e ações sociais executados pela Pasta
",2025-12-05,291,3,0,0,sim,sim,Apresentação,155376
REQ 2529/2025,Deputado Max Maciel,"Requer o encaminhamento de solicitação de informações à Secretaria de Estado de Desenvolvimento Social do Distrito Federal (SEDES) sobre a execução das políticas, programas, benefícios e ações sociais executados pela Pasta.
",2025-12-05,291,3,0,0,sim,sim,Apresentação,155380
REQ 253/2023,Deputada Paula Belmonte,"Requer informações da Secretaria de Estado de Educação quanto a modalidade de ensino disponibilizada aos internos do Sistema Penitenciário do Distrito Federal - masculino e feminino, bem como para as Unidades de Internação do Sistema Socioeducativo do Distrito Federal - SEJUS/DF, na forma que especifica.",2023-03-08,1294,3,0,0,sim,sim,Apresentação,11082
REQ 2530/2025,Deputado Max Maciel,"Requer o encaminhamento de informações à Secretaria de Estado de Desenvolvimento Econômico, Trabalho e Renda (SEDET) sobre o Emprega-DF, bem como sobre a execução das políticas, programas, benefícios e ações sociais executados pela Pasta.",2025-12-05,291,3,0,0,sim,sim,Apresentação,155378
REQ 2532/2025,Deputado Fábio Felix,"Requer informações junto ao Instituto Brasília Ambiental (Ibram), à Secretaria de Meio Ambiente do Distrito Federal (SEMA) e ao Comitê de Gestão e de Monitoramento de Áreas de Proteção de Mananciais (APM) sobre a instalação de uma usina fotovoltaica no Setor Habitacional Catetinho.",2025-12-08,288,3,0,0,sim,sim,Apresentação,155720
REQ 2533/2025,Deputado Gabriel Magno,Requer ao Banco de Brasília (BRB) o encaminhamento de informações sobre o evento BRB Stock Car 2025 em Brasília.,2025-12-08,288,3,0,0,sim,sim,Apresentação,155738
REQ 2537/2025,Deputada Dayse Amarilio,"Requer informações ao Instituto de Gestão Estratégica de Saúde (IGESDF) acerca as inúmeras denúncias de atraso salarial e não pagamento de férias dos profissionais da empresa Diagnose, responsável pelos serviços de radiologia no âmbito do IGESDF.",2025-12-09,287,3,0,0,sim,sim,Apresentação,155794
REQ 2538/2025,Deputado Max Maciel,"Requer o encaminhamento de solicitação de informações à Secretaria de Agricultura, Abastecimento e Desenvolvimento Rural do Distrito Federal (SEAGRI) sobre a execução das políticas, programas, benefícios e ações sociais executados pela Pasta.",2025-12-10,286,3,0,0,sim,sim,Apresentação,155384
REQ 2539/2025,Deputado Max Maciel,"Requer o encaminhamento de solicitação de informações à Secretaria de Estado da Mulher do Distrito Federal (SMDF) sobre a execução das políticas, programas, benefícios e ações sociais executados pela Pasta.",2025-12-10,286,3,0,0,sim,sim,Apresentação,155383
REQ 2542/2025,Deputado Fábio Felix,Requer informações à Secretaria de Estado de Educação sobre as políticas de inclusão voltadas à população Trans e Travesti.,2025-12-11,285,3,0,0,sim,sim,Apresentação,155757
REQ 2544/2025,Deputado Max Maciel,"Requer o encaminhamento de pedido de informações ao Secretário de Estado de Transporte e Mobilidade do Distrito Federal – SEMOB/DF, acerca das decisões que têm prorrogado sucessivamente o processo de renovação da frota da Auto Viação Marechal Ltda., desde agosto de 2023.",2025-12-16,280,3,0,0,sim,sim,Apresentação,155840
REQ 2545/2025,Deputada Dayse Amarilio,Requer informações à Secretaria de Estado de Saúde do Distrito Federal acerca de pontos discutidos nas audiências públicas de apresentação dos Relatórios Detalhados do Quadrimestre Anterior (RDQA) de 2025 da Secretaria de Estado Saúde ,2025-12-16,280,3,0,0,sim,sim,Apresentação,155841
REQ 2547/2025,Deputada Dayse Amarilio,"Requer informações à Secretaria de Estado de Saúde do Distrito Federal (SES-DF) sobre questões discutidas nas audiências públicas de apresentação dos Relatórios Detalhados do Quadrimestre Anterior (RDQA) de 2025, especialmente no que se refere à Força de Trabalho",2025-12-17,279,3,0,0,sim,sim,Apresentação,155864
REQ 2548/2025,Deputada Dayse Amarilio,Requer informações à Secretaria de Estado de Saúde do Distrito Federal acerca de pontos discutidos nas audiências públicas de apresentação dos Relatórios Detalhados do Quadrimestre Anterior (RDQA) de 2025 da Secretaria de Estado Saúde ,2025-12-17,279,3,0,0,sim,sim,Apresentação,155863
REQ 2549/2025,Deputada Dayse Amarilio,Requer informações à Secretaria de Estado de Saúde do Distrito Federal acerca de pontos discutidos nas audiências públicas de apresentação dos Relatórios Detalhados do Quadrimestre Anterior (RDQA) de 2025 da Secretaria de Estado Saúde ,2025-12-17,279,3,0,0,sim,sim,Apresentação,155862
REQ 2550/2025,Deputada Paula Belmonte,"Requer informações e esclarecimentos do Instituto de Gestão Estratégica de Saúde do Distrito Federal (IGES-DF) quanto aos achados constantes da Nota Técnica nº 07/2025 - CONOFIS/CLDF, no que tange à gestão administrativa do Instituto.",2025-12-18,278,5,0,0,sim,sim,Apresentação,155696
REQ 2551/2025,Deputada Paula Belmonte,Requer informações ao Banco de Brasília S.A. – BRB sobre empréstimos concedidos a diretores e administradores.,2025-12-18,278,3,0,0,sim,sim,Apresentação,155856
REQ 2556/2026,Deputada Dayse Amarilio,"Requer informações à Secretaria de Estado de Saúde do Distrito Federal acerca de pontos discutidos nas audiências públicas de apresentação dos Relatórios Detalhados do Quadrimestre Anterior (RDQA) de 2025 da Secretaria de Estado Saúde, especialmente sobre as ações diretamente relacionadas à Atenção à Saúde",2026-01-28,237,3,0,0,sim,sim,Apresentação,155873
REQ 2564/2026,Deputado Fábio Felix, Requer ao Presidente do BRB S.A. as informações relativas às operações com o Banco Master e à tentativa de aquisição societária,2026-02-02,232,3,0,0,sim,sim,Apresentação,156126
REQ 2573/2026,Deputada Dayse Amarilio,"Requer informações à Secretaria de Estado de Saúde do Distrito Federal acerca da aplicação dos recursos federais recebidos do Ministério da Saúde, destinados à Atenção Primária à Saúde, para o pagamento da folha de pessoal",2026-02-04,230,3,0,0,sim,sim,Apresentação,156129
REQ 2575/2026,"Deputado Chico Vigilante, Deputado Ricardo Vale, Deputado Gabriel Magno",Requer seja encaminhado pedido de informações ao Presidente do Banco de Brasília - BRB.,2026-02-09,225,3,0,0,sim,sim,Apresentação,156218
REQ 2576/2026,"Deputado Chico Vigilante, Deputado Ricardo Vale, Deputado Gabriel Magno",Requer o encaminhamento de pedido de informações Presidente da EMATER.,2026-02-09,225,3,0,0,sim,sim,Apresentação,156205
REQ 2577/2026,"Deputado Chico Vigilante, Deputado Ricardo Vale, Deputado Gabriel Magno",Requer o encaminhamento de pedido de informações Presidente da CODHAB.,2026-02-09,225,3,0,0,sim,sim,Apresentação,156204
REQ 2578/2026,"Deputado Chico Vigilante, Deputado Ricardo Vale, Deputado Gabriel Magno",Requer o encaminhamento de pedido de informações Presidente da CEASA.,2026-02-09,225,3,0,0,sim,sim,Apresentação,156200
REQ 2579/2026,"Deputado Chico Vigilante, Deputado Ricardo Vale, Deputado Gabriel Magno",Requer o encaminhamento de pedido de informações Presidente da CEB.,2026-02-09,225,3,0,0,sim,sim,Apresentação,156201
REQ 2580/2026,"Deputado Chico Vigilante, Deputado Ricardo Vale, Deputado Gabriel Magno",Requer o encaminhamento de pedido de informações Presidente do METRÔ-DF.,2026-02-09,225,3,0,0,sim,sim,Apresentação,156199
REQ 2581/2026,"Deputado Chico Vigilante, Deputado Ricardo Vale, Deputado Gabriel Magno",Requer o encaminhamento de pedido de informações Presidente da NOVACAP.,2026-02-09,225,3,0,0,sim,sim,Apresentação,156198
REQ 2582/2026,"Deputado Chico Vigilante, Deputado Ricardo Vale, Deputado Gabriel Magno",Requer o encaminhamento de pedido de informações Presidente da TERRACAP.,2026-02-09,225,3,0,0,sim,sim,Apresentação,156197
REQ 2583/2026,"Deputado Chico Vigilante, Deputado Ricardo Vale, Deputado Gabriel Magno",Requer o encaminhamento de pedido de informações ao Presidente da CAESB.,2026-02-09,225,3,0,0,sim,sim,Apresentação,156196
REQ 2588/2026,Deputado Gabriel Magno,Requer informações à Companhia Energética de Brasília – CEB IPES a respeito do plano de modernização e operação da rede de iluminação pública.,2026-02-11,223,3,0,0,sim,sim,Apresentação,156281
REQ 2598/2026,Deputada Dayse Amarilio,"Requer informações à Secretaria de Estado de Economia do Distrito Federal acerca do andamento dos trâmites administrativos e da previsão de publicação de edital de concurso público para a carreira de Especialista em Saúde, com especial atenção à especialidade de Profissional de Educação Física",2026-02-19,215,3,0,0,sim,sim,Apresentação,156324
REQ 2609/2026,Deputada Paula Belmonte,"Requer junto à Companhia Imobiliária de Brasília – TERRACAP informações acerca de imóveis de sua titularidade ou gestão relacionados ao Projeto de Lei nº 2165/2026, destinados a finalidade de reforço patrimonial e suporte econômico-financeiro ao Banco de Brasília S.A. – BRB como forma de recompor o rombo bilionário que a gestão temerária causou o banco no atual governo do Distrito Federal.",2026-02-23,211,3,0,0,sim,sim,Apresentação,156367
REQ 2614/2026,Deputado Thiago Manzoni,"Requer o encaminhamento, por intermédio da Mesa Diretora, de Requerimento ao Sr. Secretário de Estado de Economia do Distrito Federal e ao Sr. Presidente do Banco de Brasília para que prestem informações relacionadas ao Projeto de Lei n.º 2.175/2026.",2026-02-24,210,3,0,0,sim,sim,Apresentação,156414
REQ 2616/2026,Deputado Max Maciel,"Solicitação de informações sobre o andamento das obras de ampliação e reforma do Hospital Regional de Brazlândia.
",2026-02-24,210,3,0,0,sim,sim,Apresentação,156409
REQ 2619/2026,Deputada Dayse Amarilio,"Requer informações à Secretaria de Estado de Saúde do Distrito Federal acerca das condições de trabalho, déficit de servidores, infraestrutura e gestão de insumos do Hospital Regional de Planaltina (HRPL)",2026-02-27,207,3,0,0,sim,sim,Apresentação,156463
REQ 2621/2026,"Deputada Dayse Amarilio, Deputada Dayse Amarilio","Requer informações à Secretaria de Estado de Saúde do Distrito Federal - SES acerca do déficit de servidores e da programação de nomeações.
",2026-02-27,207,3,0,0,sim,sim,Apresentação,156473
REQ 2622/2026,Deputada Dayse Amarilio,"Requer informações à Secretaria de Estado de Saúde do Distrito Federal - SES acerca da falta de insumos na UBS 01 da Cidade Estrutural e na rede de atenção primária da Região Centro-Sul.
",2026-02-27,207,3,0,0,sim,sim,Apresentação,156474
REQ 2627/2026,Deputado Joaquim Roriz Neto,Requer informações à Agência de Desenvolvimento do Distrito Federal - TERRACAP sobre a avaliação dos bens imóveis constantes do Projeto de Lei nº 2.175/2026.,2026-03-03,203,3,0,0,sim,sim,Apresentação,156494
REQ 2629/2026,Deputado Gabriel Magno,"Requer a convocação do Secretário de Estado de Economia do Distrito Federal, para prestar informações a esta Casa sobre a gestão fiscal do Distrito Federal e os impactos da Operação Compliance Zero nas contas públicas.",2026-03-03,203,2,0,0,nao,nao,Apresentação,156526
REQ 2631/2026,Deputado Gabriel Magno,"Requer a convocação do ex-Presidente do Banco de Brasília (BRB), Paulo Henrique Costa, para prestar informações a esta Casa sobre as operações financeiras entre BRB e Banco Master e a Operação Compliance Zero.",2026-03-03,203,2,0,0,nao,nao,Apresentação,156528
REQ 2632/2026,Deputado Gabriel Magno,Requer ao Governador do Distrito Federal informações sobre as Operações entre Banco de Brasília (BRB) e Banco Master com foco na Operação Compliance Zero.,2026-03-03,203,3,0,0,sim,sim,Apresentação,156529
REQ 2644/2026,Deputada Dayse Amarilio,"Requer informações à Secretaria de Estado de Saúde do Distrito Federal - SES acerca do desabastecimento de insumos e medicamentos na rede pública de saúde do DF, bem como do planejamento de compras e das fontes disponíveis para regularização do abastecimento
",2026-03-04,202,3,0,0,sim,sim,Apresentação,156500
REQ 2645/2026,Deputada Dayse Amarilio,Requer informações ao Instituto de Gestão Estratégica de Saúde  Secretaria do Distrito Federal acerca da situação crítica do Instituto Hospital de Base do Distrito Federal – IHBDF.,2026-03-04,202,3,0,0,sim,sim,Apresentação,156506
REQ 2646/2026,Deputada Dayse Amarilio,Requer informações à Secretaria de Estado de Saúde do Distrito Federal - SES acerca do déficit de servidores na Subsecretaria de Infraestrutura em Saúde – SINFRA e na Subsecretaria de Logística em Saúde – SULOG,2026-03-04,202,3,0,0,sim,sim,Apresentação,156507
REQ 2651/2026,Deputado Eduardo Pedrosa,Requer informações à Secretaria de Estado de Educação do Distrito Federal sobre a oferta de apoio escolar a estudantes com TEA e Síndrome de Down - T-21 na rede pública de ensino.,2026-03-09,197,3,0,0,sim,sim,Apresentação,156553
REQ 2654/2026,Deputada Dayse Amarilio,"Requer informações à Secretaria de Estado de Saúde do Distrito Federal - SES acerca dos contratos e do planejamento para reformas das Unidades Básicas de Saúde da rede pública do Distrito Federal

",2026-03-09,197,3,0,0,sim,sim,Apresentação,156573
REQ 2655/2026,Deputada Dayse Amarilio,"Requer informações à Secretaria de Estado de Saúde do Distrito Federal - SES acerca do plano de alocação definitiva das equipes da UBS 18 de Planaltina, atualmente instaladas em caráter provisório no Centro Olímpico de Planaltina
",2026-03-09,197,3,0,0,sim,sim,Apresentação,156574
REQ 266/2023,Deputado Gabriel Magno,"Requer informações ao Poder Executivo, por intermédio da Secretaria de Estado de Saúde do Distrito Federal, acerca da implementação do Protocolo e Linha do Cuidado da Síndrome da Fadiga Crônica ou Encefalomielite Miálgica – SFC/EM.",2023-03-14,1288,3,0,0,sim,sim,Apresentação,10451
REQ 2663/2026,Deputado Max Maciel,"Requer o encaminhamento de pedido de informações ao Banco de Brasília S.A. – BRB acerca de análises de integridade, governança e gestão de riscos relacionadas a operações financeiras envolvendo ativos vinculados ao Banco Master e estruturas financeiras associadas.",2026-03-11,195,3,0,0,sim,sim,Apresentação,156640
REQ 2664/2026,Deputado Max Maciel,"Requer o encaminhamento de pedido de informações ao Governador do Distrito Federal sobre contrato de cessão de direitos firmado entre seu escritório de advocacia e a Reag Gestora, bem como sobre a eventual existência de conflitos de interesses em operações do Banco de Brasília – BRB envolvendo o Banco Master e entes coligados.
",2026-03-11,195,3,0,0,sim,sim,Apresentação,156635
REQ 2665/2026,Deputado Max Maciel,"Requer o encaminhamento de pedido de informações à Controladoria-Geral do Distrito Federal acerca de eventual análise de integridade, governança e conflito de interesses envolvendo operações do Banco de Brasília – BRB relacionadas ao Banco Master e estruturas financeiras associadas.",2026-03-11,195,3,0,0,sim,sim,Apresentação,156639
REQ 2666/2026,"Deputado Ricardo Vale, Deputado Chico Vigilante, Deputado Gabriel Magno",Requer o encaminhamento de pedido de informações ao Senhor Procurador-Geral do Distrito Federal.,2026-03-11,195,3,0,0,sim,sim,Apresentação,156643
REQ 267/2023,Deputado Gabriel Magno,"Requer informações ao Poder Executivo, por intermédio da Secretaria de Estado de Saúde do Distrito Federal, acerca da estrutura do Instituto de Saúde Mental para atendimento aos pacientes.
",2023-03-14,1288,3,0,0,sim,sim,Apresentação,10461
REQ 2674/2026,"Deputado Gabriel Magno, Deputado Chico Vigilante, Deputado Ricardo Vale",Requer o encaminhamento de pedido de informações ao Senhor Procurador-Geral do Distrito Federal. ,2026-03-12,194,3,0,0,sim,sim,Apresentação,156697
REQ 2675/2026,"Deputado Gabriel Magno, Deputado Chico Vigilante, Deputado Ricardo Vale",Requer o encaminhamento de pedido de informações à Senhora Diretora Presidente do Instituto de Previdência do Distrito Federal – IPREV/DF ,2026-03-12,194,3,0,0,sim,sim,Apresentação,156701
REQ 2676/2026,Deputada Paula Belmonte,"Requer informações à Secretaria de Desenvolvimento Urbano e Habitação do Distrito Federal – Seduh sobre o projeto urbanístico da Gleba “A” e sua conexão com a futura ponte do Lago Norte (Nova Saída Norte), ambos localizados no Lago Norte – RA XVIII.",2026-03-16,190,3,0,0,sim,sim,Apresentação,156705
REQ 2677/2026,Deputada Paula Belmonte,"Requer informações à Agência de Desenvolvimento do Distrito Federal – Terracap sobre o projeto urbanístico da Gleba “A” e sua conexão com a futura ponte do Lago Norte (Nova Saída Norte), ambos localizados no Lago Norte – RA XVIII.",2026-03-16,190,3,0,0,sim,sim,Apresentação,156706
REQ 2678/2026,Deputada Paula Belmonte,"Requer informações à Secretaria de Desenvolvimento Urbano e Habitação do Distrito Federal – Seduh sobre o licenciamento edilício da escola situada no Setor de Postos e Motéis Sul - SPMS, Lote 4B, Candangolândia – RA XIX.",2026-03-16,190,3,0,0,sim,sim,Apresentação,156717
REQ 2679/2026,Deputada Paula Belmonte,"Requer informações à Secretaria de Estado de Educação do Distrito Federal – SEEDF sobre o licenciamento referente à escola situada no Setor de Postos e Motéis Sul - SPMS, Lote 4B, Candangolândia – RA XIX.",2026-03-16,190,3,0,0,sim,sim,Apresentação,156718
REQ 268/2023,Deputado Gabriel Magno,"Requer informações ao Poder Executivo, por intermédio da Secretaria de Estado de Saúde do Distrito Federal, acerca da complementação da reforma do CAPS AD Ceilândia.",2023-03-14,1288,3,0,0,sim,sim,Apresentação,10459
REQ 2682/2026,Deputado Fábio Felix,"Requer informações junto à Secretaria de Estado de Obras e Infraestrutura sobre a danificação e reconstrução da ponte sobre o Rio São Bartolomeu, situada no Núcleo Rural Capão da Onça (Sobradinho dos Melos), na Região Administrativa do Paranoá.",2026-03-16,190,3,0,0,sim,sim,Apresentação,156391
REQ 2683/2026,Deputado Fábio Felix,"Requer informações junto ao Instituto de Previdência dos Servidores do Distrito Federal (Iprev-DF) a respeito da extinção e da utilização do Fundo Solidário Garantidor para constituição de Fundo de Investimento Imobiliário (FII), administrado pelo Banco de Brasília (BRB).",2026-03-16,190,3,0,0,sim,sim,Apresentação,156408
REQ 2694/2026,Comissão de Saúde,Requer informações à Secretaria de Saúde do Distrito Federal (SES-DF) acerca do Contrato de Gestão do Instituto de Gestão Estratégica da Saúde do Distrito Federal (IGES-DF).,2026-03-19,187,3,0,0,sim,sim,Apresentação,156784
REQ 2695/2026,Comissão de Saúde,"Requer informações ao Instituto de Gestão Estratégica de Saúde do Distrito Federal (IGES-DF) acerca de pontos discutidos nas audiências públicas de apresentação dos Relatórios Detalhados do Quadrimestre Anterior (RDQA) de 2025 do IGES-DF, no tocante ao Contrato de Gestão.",2026-03-19,187,3,0,0,sim,sim,Apresentação,156788
REQ 2696/2026,Comissão de Saúde,"Requer informações ao Instituto de Gestão Estratégica de Saúde do Distrito Federal (IGES-DF) acerca de pontos discutidos nas audiências públicas de apresentação dos Relatórios Detalhados do Quadrimestre Anterior (RDQA) de 2025 do IGES-DF, no tocante à Gestão Financeira.",2026-03-19,187,3,0,0,sim,sim,Apresentação,156790
REQ 2697/2026,Comissão de Saúde,"Requer informações ao Instituto de Gestão Estratégica de Saúde do Distrito Federal (IGES-DF) acerca de pontos discutidos nas audiências públicas de apresentação dos Relatórios Detalhados do Quadrimestre Anterior (RDQA) de 2025 do IGES-DF, no tocante à Gestão de Contratos.",2026-03-19,187,3,0,0,sim,sim,Apresentação,156791
REQ 2698/2026,Comissão de Saúde,"Requer informações ao Instituto de Gestão Estratégica de Saúde do Distrito Federal (IGES-DF) acerca de pontos discutidos nas audiências públicas de apresentação dos Relatórios Detalhados do Quadrimestre Anterior (RDQA) de 2025 do IGES-DF, no tocante ao abastecimento.",2026-03-19,187,3,0,0,sim,sim,Apresentação,156807
REQ 2701/2026,Comissão de Saúde,"Requer informações ao Instituto de Gestão Estratégica de Saúde do Distrito Federal (IGES-DF) acerca de pontos discutidos nas audiências públicas de apresentação dos Relatórios Detalhados do Quadrimestre Anterior (RDQA) de 2025 do IGES-DF, no tocante à Gestão de Pessoas.",2026-03-23,183,3,0,0,sim,sim,Apresentação,156828
REQ 2702/2026,Comissão de Saúde,"Requer informações ao Instituto de Gestão Estratégica de Saúde do Distrito Federal (IGES-DF) acerca de pontos discutidos nas audiências públicas de apresentação dos Relatórios Detalhados do Quadrimestre Anterior (RDQA) de 2025 do IGES-DF, no tocante à Atenção à Saúde.",2026-03-23,183,3,0,0,sim,sim,Apresentação,156829
REQ 2704/2026,Deputado Fábio Felix,Requer informações à Secretaria de Estado de Educação acerca da oferta de atendimento educacional especializado aos estudantes com altas habilidades,2026-03-23,183,3,0,0,sim,sim,Apresentação,156416
REQ 2707/2026,Deputado Gabriel Magno,Requer o encaminhamento de pedido de informações à Magnífica Reitora pro tempore da Universidade do Distrito Federal – UnDF.,2026-03-25,181,3,0,0,sim,sim,Apresentação,156860
REQ 2709/2026,Deputado Ricardo Vale,Requer o encaminhamento de pedido de informações ao Presidente do Banco de Brasília S.A (BRB).,2026-03-26,180,3,0,0,sim,sim,Apresentação,156917
REQ 271/2023,Deputada Dayse Amarilio,"Requer informações à Secretaria de Estado de Saúde do Distrito Federal acerca da situação do Hospital do Paranoá que decretou bandeira vermelha.
",2023-03-14,1288,3,0,0,sim,sim,Apresentação,11195
REQ 2711/2026,Deputada Dayse Amarilio,Requer informações à Secretaria de Estado de Saúde do Distrito Federal acerca da oferta do implante contraceptivo subdérmico (Implanon) na rede pública de saúde do Distrito Federal.,2026-03-30,176,3,0,0,sim,sim,Apresentação,156976
REQ 2718/2026,Deputada Dayse Amarilio,Requer informações à Secretaria de Estado de Saúde do Distrito Federal acerca da interpretação e aplicação do conceito de efetivo exercício para fins de pagamento da Gratificação pela Atividade de Preceptoria - GAP no âmbito da rede pública de saúde do Distrito Federal.,2026-04-01,174,3,0,0,sim,sim,Apresentação,157035
REQ 2719/2026,Deputada Dayse Amarilio,"Requer informações à Secretaria de Estado de Saúde do Distrito Federal - SES acerca do contrato de instalação de câmeras de videomonitoramento nas unidades de saúde da rede pública do DF, seus valores, justificativa e plano de implementação.
",2026-04-01,174,3,0,0,sim,sim,Apresentação,157041
REQ 272/2023,Deputado Max Maciel,Requer o encaminhamento de solicitação de informação à Secretaria de Estado de Cultura e Economia Criativa do Distrito Federal acerca da Lei Paulo Gustavo.,2023-03-14,1288,3,0,0,sim,sim,Apresentação,11060
REQ 2720/2026,Comissão de Saúde,Requer informações à Secretaria de Saúde do Distrito Federal (SES-DF) acerca do Contrato de Gestão do Instituto de Gestão Estratégica de Saúde do Distrito Federal (IGES-DF).,2026-04-01,174,3,0,0,sim,sim,Apresentação,157044
REQ 2721/2026,Deputada Dayse Amarilio,Requer informações ao Secretário de Estado de Administração Penitenciária do Distrito Federal acerca dos contratos de fornecimento de marmitas para as unidades prisionais do DF.,2026-04-01,174,3,0,0,sim,sim,Apresentação,154377
REQ 2726/2026,Comissão de Saúde,"Requer informações ao Instituto de Gestão Estratégica de Saúde do Distrito Federal (IGES-DF) acerca de pontos discutidos na audiência pública de apresentação do 3° Relatório Detalhado do Quadrimestre Anterior (RDQA) de 2025 do IGES-DF, no tocante à Gestão Financeira.",2026-04-06,169,3,0,0,sim,sim,Apresentação,157107
REQ 2727/2026,Deputado Fábio Felix,Requer informações a respeito da operação de consignação em contracheques de servidores ativos e inativos e de pensionistas,2026-04-07,168,3,0,0,sim,sim,Apresentação,156859
REQ 2728/2026,Deputado Fábio Felix,Requer informações ao Banco de Brasília S.A. – BRB sobre compensações e tentativas de recuperação patrimonial decorrentes da aquisição de ativos originários do Banco Master,2026-04-07,168,3,0,0,sim,sim,Apresentação,157014
REQ 2729/2026,Deputado Fábio Felix,"Reque informações acerca de atuação institucional, consultiva e contenciosa, da Procuradoria-Geral do Distrito Federal – PGDF, relacionada às negociações, tentativas de aquisição de ativos e demais operações envolvendo o Banco de Brasília S.A. – BRB e o Banco Master",2026-04-07,168,3,0,0,sim,sim,Apresentação,157017
REQ 2730/2026,Deputado Fábio Felix,"Requer informações junto à Companhia Imobiliária de Brasília (Terracap), a respeito da situação jurídica-fundiária, das avaliações e das estimativas de valor dos imóveis contidos no Anexo da Lei nº 7.854/2026",2026-04-07,168,1,0,0,nao,nao,Apresentação,156881
REQ 2731/2026,Comissão de Saúde,"Requer informações ao Instituto de Gestão Estratégica de Saúde do Distrito Federal (IGES-DF) acerca de pontos discutidos na audiência pública de apresentação do 3° Relatório Detalhado do Quadrimestre Anterior (RDQA) de 2025 do IGES-DF, no tocante à Gestão de Contratos.",2026-04-07,168,3,0,0,sim,nao,Apresentação,157138
REQ 2732/2026,Comissão de Saúde,"Requer informações ao Instituto de Gestão Estratégica de Saúde do Distrito Federal (IGES-DF) acerca de pontos discutidos na audiência pública de apresentação do 3° Relatório Detalhado do Quadrimestre Anterior (RDQA) de 2025 do IGES-DF, no tocante ao Abastecimento.",2026-04-07,168,3,0,0,sim,nao,Apresentação,157141
REQ 2733/2026,Comissão de Saúde,"Requer informações ao Instituto de Gestão Estratégica de Saúde do Distrito Federal (IGES-DF) acerca de pontos discutidos na audiência pública de apresentação do 3° Relatório Detalhado do Quadrimestre Anterior (RDQA) de 2025 do IGES-DF, no tocante a Infraestrutura.",2026-04-07,168,3,0,0,sim,nao,Apresentação,157144
REQ 2736/2026,Deputado Max Maciel,"Requer informações sobre o atendimento de pacientes cardiopatas, hipertensos e renais crônicos nas UPAs I e II de Ceilândia. ",2026-04-08,167,1,0,0,nao,nao,Apresentação,157131
REQ 2746/2026,Deputado Chico Vigilante,Requer à Senhora Reitora da Universidade do Distrito Federal - UnDF informações sobre bolsas e trancamentos de matrículas dos estudantes dessa instituição de ensino superior pública.,2026-04-15,160,3,0,0,sim,sim,Apresentação,157259
REQ 2748/2026,Comissão de Saúde,"Requer informações ao Instituto de Gestão Estratégica de Saúde do Distrito Federal (IGES-DF) acerca de pontos discutidos na audiência pública de apresentação do 3° Relatório Detalhado do Quadrimestre Anterior (RDQA) de 2025 do IGES-DF, no tocante à Gestão de Pessoas.",2026-04-16,159,3,0,0,sim,sim,Apresentação,157302
REQ 2749/2026,"Deputado Ricardo Vale, Deputado Gabriel Magno, Deputado Chico Vigilante",Requer ao Banco de Brasília S;.A BRB informações que específica. ,2026-04-16,159,3,0,0,sim,sim,Apresentação,157240
REQ 2760/2026,Deputada Paula Belmonte,"Requer o encaminhamento de pedido de informações ao Presidente do Banco de Brasília S.A. – BRB, acerca da situação econômico-financeira, patrimonial, de governança e do plano de capitalização da instituição.",2026-04-23,152,3,0,0,sim,sim,Apresentação,157118
REQ 2761/2026,Deputada Paula Belmonte,"Requer ao Poder Executivo, por intermédio da Casa Civil do Distrito Federal, informações acerca de eventual manifestação jurídica da Procuradoria-Geral do Distrito Federal relativa a medidas de socorro financeiro ao Banco de Brasília S.A. – BRB, bem como sobre fatos relacionados à exoneração de membro da carreira jurídica supostamente motivada por divergência de entendimento.",2026-04-23,152,3,0,0,sim,sim,Apresentação,157364
REQ 2762/2026,Deputado Max Maciel,"Requer o encaminhamento de solicitação de informações à Companhia do Metropolitano do Distrito Federal - METRÔ/DF acerca da não realização de manutenções preventivas obrigatórias na frota metroviária, das decisões administrativas que a motivaram e dos riscos à segurança dos usuários e à operação do sistema.",2026-04-23,152,3,0,0,nao,sim,Apresentação,157316
REQ 2763/2026,Deputado Fábio Felix,"Requer informações junto à Secretaria de Estado de Administração Penitenciária – SEAPE e à Fundação de Amparo ao Trabalhador Preso do Distrito Federal - FUNAP/DF, quanto à proposta de instituição do Fundo Rotativo do Sistema Penitenciário do Distrito Federal.",2026-04-23,152,3,0,0,sim,sim,Apresentação,157269
REQ 2764/2026,Deputado Fábio Felix,"Solicita informações ao Administrador Regional de Águas Claras acerca das medidas de segurança pública e de infraestrutura urbana adotadas para garantir o bem-estar, a segurança e a convivência entre moradores, frequentadores e estabelecimentos comerciais, especialmente no contexto da vida noturna da região.",2026-04-23,152,3,0,0,sim,sim,Apresentação,157226
REQ 2768/2026,Deputada Paula Belmonte,"Requer o encaminhamento de pedido de informações ao Presidente do Banco de Brasília S.A. – BRB, acerca da operação de aumento de capital, com solicitação de documentos, estudos técnicos, pareceres e demais elementos que detalhem os impactos fiscais, patrimoniais e de governança da medida.",2026-04-27,148,3,0,0,sim,sim,Apresentação,157374
REQ 2769/2026,Deputada Paula Belmonte,"Requer informações ao Departamento de Trânsito do Distrito Federal (Detran-DF) acerca da fiscalização e das campanhas educativas relacionadas aos ciclomotores, às bicicletas elétricas e aos equipamentos de mobilidade individual autopropelidos.",2026-04-27,148,3,0,0,sim,sim,Apresentação,157408
REQ 277/2023,Deputado Eduardo Pedrosa,"Requer o encaminhamento de pedido de informações à Secretaria de Estado de Saúde do Distrito Federal - SES, acerca do óbito do paciente - com Síndrome de Down -, o senhor Warlley Eduardo Pires Cordeiro da Silva, quando atendido na Unidade de Pronto Atendimento - UPA do Setor “O” e no Hospital de Samambaia.",2023-03-14,1288,3,0,0,sim,sim,Apresentação,11240
REQ 2777/2026,Deputada Dayse Amarilio,Requer informações à Secretaria de Estado de Saúde do Distrito Federal – SES/DF acerca de denúncias de assédio moral na Central de Material e Esterilização (CME) do Hospital Regional do Gama (HRG),2026-04-29,146,3,0,0,sim,sim,Apresentação,157476
REQ 2778/2026,"Deputado Chico Vigilante, Deputado Gabriel Magno, Deputado Ricardo Vale",Requer ao Banco de Brasília S.A - BRB informações que especifica. ,2026-04-29,146,3,0,0,sim,sim,Apresentação,157461
REQ 2780/2026,Deputado Fábio Felix,Requer informações à Secretaria de Estado de Desenvolvimento Social do Distrito Federal - Sedes/DF acerca da distribuição de cestas básicas no âmbito do programa “GDF na Sua Porta”.,2026-04-29,146,3,0,0,sim,sim,Apresentação,157464
REQ 2782/2026,Deputada Dayse Amarilio,"Requer informações à Secretaria de Estado de Saúde do Distrito Federal - SES, acerca da demora no atendimento e na dispensação de medicamentos nas farmácias de alto custo do Distrito Federal.
",2026-04-30,145,3,0,0,sim,sim,Apresentação,157521
REQ 2784/2026,Deputada Paula Belmonte,"Requer informações ao Poder Executivo, por intermédio da Secretaria de Estado de Educação do Distrito Federal, acerca da aquisição, aprovação e utilização do material didático intitulado “Livro Viver, A Viagem da Sua Vida”, destinado ao 3º ano do ensino fundamental, supostamente inadequado à faixa etária, bem como sobre os critérios técnicos, pedagógicos e financeiros que embasaram a referida contratação.",2026-05-04,141,3,0,0,sim,sim,Apresentação,157496
REQ 2797/2026,Deputado Fábio Felix,"Requer informações a Secretaria de Obras e Infraestrutura - SODF, a respeito do andamento da obra da Estrada Parque Indústrias Gráficas (DF-011).",2026-05-07,138,3,0,0,sim,sim,Apresentação,157596
REQ 2798/2026,Deputado Fábio Felix,"Requer informações junto à Companhia Imobiliária de Brasília – Terracap, em relação à situação jurídica de área localizada entre os córregos Urubu e Jerivá, na região da Serrinha do Paranoá, na Região Administrativa do Lago Norte.",2026-05-07,138,3,0,0,sim,sim,Apresentação,157550
REQ 2799/2026,Deputado Fábio Felix,Requer informações ao Banco de Brasília S.A - BRB acerca da gestão dos depósitos judiciais realizados pelos Tribunais de Justiça.,2026-05-07,138,3,0,0,sim,sim,Apresentação,157571
REQ 2800/2026,Deputada Dayse Amarilio,"Requer informações ao Instituto de Gestão Estratégica de Saúde do Distrito Federal – IGESDF acerca do cronograma de convocação dos candidatos aprovados para o cargo
de Técnico em Radiologia e da previsão de novas chamadas.
",2026-05-11,134,3,0,0,sim,sim,Apresentação,157624
REQ 2801/2026,Deputada Dayse Amarilio,"Requer informações à Secretaria de Estado de Educação do Distrito Federal – SEEDF acerca da Creche Elefante Babu, localizada na EQ 17/19 do Guará II",2026-05-11,134,3,0,0,sim,sim,Apresentação,157652
REQ 281/2023,Deputado Ricardo Vale,Requer o encaminhamento de pedido de informações ao Presidente da NOVACAP.,2023-03-14,1288,3,0,0,sim,sim,Apresentação,11204
REQ 2812/2026,Deputado Max Maciel,"Requer informações acerca do projeto, custos, cronograma e execução das obras de reforma do Cine Itapuã, localizado na Região Administrativa do Gama – RA II.",2026-05-15,130,3,0,0,sim,sim,Apresentação,157758
REQ 2813/2026,Deputado Max Maciel,Requer informações acerca das estratégias de segurança pública e policiamento preventivo nas áreas de estacionamento dos órgãos situados na Esplanada dos Ministérios.,2026-05-15,130,3,0,0,sim,sim,Apresentação,157740
REQ 282/2023,Deputado Ricardo Vale,Requer o encaminhamento de pedido de informações ao Presidente da TERRACAP.,2023-03-14,1288,4,0,0,sim,sim,Apresentação,11203
REQ 2820/2026,Comissão de Saúde,Requer informações ao Instituto de Gestão Estratégica de Saúde do Distrito Federal (IGES-DF) acerca de sua execução orçamentária.,2026-05-21,124,3,0,0,sim,sim,Apresentação,157621
REQ 2829/2026,Deputado Fábio Felix,"Requer informações junto à Casa Civil e à Procuradoria-Geral do Distrito Federal – PGDF, a respeito da ocupação das Assessorias Jurídico-Legislativas – AJLs.",2026-05-25,120,3,0,0,sim,sim,Apresentação,157629
REQ 2830/2026,Deputado Fábio Felix,Requer informações à Secretaria de Estado de Educação do Distrito Federal – SEEDF acerca do processamento da folha e dos efeitos remuneratórios relacionados ao sistema EducaDF sobre os professores substitutos em contratação temporária e outras informações correlatas,2026-05-25,120,3,0,0,sim,sim,Apresentação,157790
REQ 2839/2026,Deputada Dayse Amarilio,"Requer a retirada de tramitação e o arquivamento da Indicação 10.244/2026, que “Sugere ao Poder Executivo do Distrito Federal, por intermédio da Secretaria de Estado de Saúde do Distrito Federal, que adote as medidas administrativas, técnicas e normativas necessárias para planejar, desenvolver e executar a integração completa e unificada dos sistemas de informações de prontuários eletrônicos em toda a rede assistencial do Distrito Federal, abrangendo os serviços geridos diretamente pela SES-DF e os serviços geridos pelo Instituto de Gestão Estratégica de Saúde do Distrito Federal (IGES-DF).”",2026-05-27,118,2,0,0,nao,sim,Apresentação,157919
REQ 2844/2026,Deputado Gabriel Magno,Requer o encaminhamento de pedido de informações ao(à) Secretário de Estado de Educação do Distrito Federal acerca de dados sobre educação especial e inclusiva nas escolas da rede pública.,2026-05-29,116,3,0,0,sim,sim,Apresentação,157980
REQ 2845/2026,Deputado Gabriel Magno,"Requer o encaminhamento de pedido de informações ao(à) Secretário de Estado de Desenvolvimento Econômico, Trabalho e Renda do Distrito Federal acerca da execução detalhada de restos a pagar (obras e contratos).",2026-05-29,116,3,0,0,sim,sim,Apresentação,157981
REQ 2846/2026,Deputado Gabriel Magno,"Requer o encaminhamento de pedido de informações ao(à) Secretário(a) de Estado de Fazenda e ao(à) Secretário(a) de Estado de Desenvolvimento Econômico, Trabalho e Renda do Distrito Federal acerca de renúncias fiscais de IPTU e ISS por setor econômico e beneficiário.",2026-05-29,116,3,0,0,sim,sim,Apresentação,157982
REQ 2847/2026,Deputado Gabriel Magno,"Requer o encaminhamento de pedido de informações ao(à) Secretário(a) de Estado de Economia do Distrito Federal ou Secretário(a) de Estado de Planejamento, Orçamento e Administração do Distrito Federal acerca do histórico mensal de suplementações orçamentárias para a área de desenvolvimento econômico.",2026-05-29,116,3,0,0,sim,sim,Apresentação,157983
REQ 2848/2026,Deputado Gabriel Magno,Requer o encaminhamento de pedido de informações ao(à) Secretário de Estado de Saúde do Distrito Federal acerca da fila de espera por procedimentos médicos por Regional de Saúde.,2026-05-29,116,3,0,0,sim,sim,Apresentação,157984
REQ 2849/2026,Deputado Gabriel Magno,"Requer o encaminhamento de pedido de informações ao(à) Secretário de Estado de Desenvolvimento Urbano e Habitação do Distrito Federal acerca de contratos, metas e resultados de Organizações Sociais (OS).",2026-05-29,116,3,0,0,sim,sim,Apresentação,157985
REQ 285/2023,Deputado Fábio Felix,Requer informações a respeito da fiscalização dos procedimentos de heteroidentificação étnico-racial nos concursos públicos do Distrito Federal,2023-03-15,1287,3,0,0,sim,sim,Apresentação,11239
REQ 2850/2026,Deputado Gabriel Magno,Requer o encaminhamento de pedido de informações ao(à) Secretário de Estado de Obras e Infraestrutura do Distrito Federal acerca do inventário de obras de mobilidade paralisadas e custos acumulados.,2026-05-29,116,3,0,0,sim,sim,Apresentação,157986
REQ 2851/2026,Deputado Gabriel Magno,Requer o encaminhamento de pedido de informações ao(à) Presidente da Companhia de Desenvolvimento Habitacional do Distrito Federal (CODHAB/DF) acerca de Dados e Gestão da Fila do Programa Habitacional do GDF (Jan/2019 até o presente).,2026-05-29,116,3,0,0,sim,sim,Apresentação,157987
REQ 2852/2026,Deputado Gabriel Magno,Requer o encaminhamento de pedido de informações ao(à) Secretário de Estado de Transporte e Mobilidade do Distrito Federal acerca de dados de desempenho da rede de transporte público.,2026-05-29,116,3,0,0,sim,sim,Apresentação,157988
REQ 2853/2026,Deputado Gabriel Magno,Requer o encaminhamento de pedido de informações ao(à) Secretário de Estado de Transporte e Mobilidade do Distrito Federal acerca da integração tarifária e interoperabilidade do passe eletrônico no DF.,2026-05-29,116,3,0,0,sim,sim,Apresentação,157989
REQ 2854/2026,Deputado Gabriel Magno,Requer o encaminhamento de pedido de informações ao(à) Secretário de Estado de Transporte e Mobilidade do Distrito Federal do Distrito Federal acerca de dados e relatórios sobre inclusão digital no transporte público.,2026-05-29,116,3,0,0,sim,sim,Apresentação,157990
REQ 2855/2026,Deputado Gabriel Magno,"Requer o encaminhamento de pedido de informações ao(à) Secretário de Estado de Planejamento, Orçamento e Administração do Distrito Federal acerca de relatórios semestrais de integração de sistemas (princípio 'once-only').",2026-05-29,116,3,0,0,sim,sim,Apresentação,157991
REQ 2856/2026,Deputado Gabriel Magno,"Requer o encaminhamento de pedido de informações ao(à) Secretário de Estado de Ciência, Tecnologia e Inovação do Distrito Federal acerca de dados sobre licenciamento empresarial digital.",2026-05-29,116,3,0,0,sim,sim,Apresentação,157992
REQ 2857/2026,Deputado Gabriel Magno,"Requer o encaminhamento de pedido de informações ao(à) Secretário de Estado de Planejamento, Orçamento e Administração do Distrito Federal acerca do andamento da migração para autenticação única Gov.br nos portais do GDF.",2026-05-29,116,3,0,0,sim,sim,Apresentação,157993
REQ 2858/2026,Deputado Gabriel Magno,"Requer o encaminhamento de pedido de informações ao(à) Secretário de Estado de Economia do Distrito Federal acerca de inventário, abertura e política de dados e APIs do Governo do Distrito Federal.",2026-05-29,116,3,0,0,sim,sim,Apresentação,157995
REQ 2859/2026,Deputado Gabriel Magno,"Requer o encaminhamento de pedido de informações ao(à) Secretário de Estado de Planejamento, Orçamento e Administração do Distrito Federal acerca de Registro público de contratos de TI e prevenção a lock-in (Jan/2019 até o presente).",2026-05-29,116,3,0,0,sim,sim,Apresentação,157996
REQ 2860/2026,Deputado Gabriel Magno,"Requer o encaminhamento de pedido de informações ao(à) Secretário de Estado de Planejamento, Orçamento e Administração do Distrito Federal acerca do Inventário e Relatório de Sistemas Algorítmicos no GDF.",2026-05-29,116,3,0,0,sim,sim,Apresentação,157997
REQ 2861/2026,Deputado Gabriel Magno,"Requer o encaminhamento de pedido de informações ao(à) Secretário de Estado de Planejamento, Orçamento e Administração do Distrito Federal acerca do Plano Distrital de Infraestrutura e Arquitetura de Dados (PDIA-DF) e seu painel de acompanhamento.",2026-05-29,116,3,0,0,sim,sim,Apresentação,157998
REQ 2862/2026,Deputado Gabriel Magno,"Requer o encaminhamento de pedido de informações ao(à) Secretário de Estado de Desenvolvimento Econômico, Trabalho e Renda do Distrito Federal acerca do Programa Qualifica DF.",2026-05-29,116,3,0,0,sim,sim,Apresentação,157999
REQ 2863/2026,Deputado Gabriel Magno,Requer o encaminhamento de pedido de informações ao(à) Secretário de Estado de Saúde do Distrito Federal acerca de dados de cobertura da atenção primária e equipes de saúde.,2026-05-29,116,3,0,0,sim,sim,Apresentação,158023
REQ 2864/2026,Deputado Gabriel Magno,Requer o encaminhamento de pedido de informações ao(à) Diretor-Presidente do Instituto de Assistência à Saúde dos Servidores do Distrito Federal (INAS-DF) acerca de dados operacionais do GDF Saúde e processos do Contrato Maida Health.,2026-05-29,116,3,0,0,sim,sim,Apresentação,158022
REQ 2865/2026,Deputado Gabriel Magno,"Requer o encaminhamento de pedido de informações ao(à) Secretário de Estado de Desenvolvimento Econômico, Trabalho e Renda do Distrito Federal acerca de contratos de outsourcing de TI e alocação de consultores.",2026-05-29,116,3,0,0,sim,sim,Apresentação,158021
REQ 2866/2026,Deputado Gabriel Magno,"Requer o encaminhamento de pedido de informações ao(à) Secretário(a) de Estado de Ciência, Tecnologia e Inovação do Distrito Federal acerca do Inventário e Utilização de Licenças de Software da Administração Direta e Indireta.",2026-05-29,116,3,0,0,sim,sim,Apresentação,158020
REQ 2867/2026,Deputado Gabriel Magno,"Requer o encaminhamento de pedido de informações ao Secretário de Estado de Planejamento, Orçamento e Administração do Distrito Federal acerca da relação de ocupantes de cargos em comissão de TI e DPOs no GDF.",2026-05-29,116,3,0,0,sim,sim,Apresentação,158019
REQ 2868/2026,Deputado Gabriel Magno,"Requer o encaminhamento de pedido de informações ao(à) Secretário(a) de Estado de Ciência, Tecnologia e Inovação do Distrito Federal acerca do comparativo de custos entre postos de trabalho terceirizados e servidores de TI na SECTI-DF.",2026-05-29,116,3,0,0,sim,sim,Apresentação,158018
REQ 2869/2026,Deputado Gabriel Magno,"Requer o encaminhamento de pedido de informações ao(à) Secretário de Estado de Desenvolvimento Econômico, Trabalho e Renda do Distrito Federal acerca do inventário de bases de dados e cronograma de abertura de dados no âmbito da Secretaria.",2026-05-29,116,3,0,0,sim,sim,Apresentação,158017
REQ 2870/2026,Deputado Gabriel Magno,Requer o encaminhamento de pedido de informações ao(à) Secretário(a) de Estado de Economia do Distrito Federal acerca da execução orçamentária de projetos de Tecnologia da Informação e Transformação Digital.,2026-05-29,116,3,0,0,sim,sim,Apresentação,158016
REQ 2871/2026,Deputado Gabriel Magno,Requer o encaminhamento de pedido de informações ao(à) Secretário de Estado de Proteção da Ordem Urbanística do Distrito Federal (DF Legal) acerca de dados sobre multas e fechamentos de bares e estabelecimentos por barulho.,2026-05-29,116,3,0,0,sim,sim,Apresentação,158015
REQ 2872/2026,Deputado Gabriel Magno,"Requer o encaminhamento de pedido de informações ao(à) Diretor(a)-Presidente da Agência Reguladora de Águas, Energia e Saneamento Básico do Distrito Federal (ADASA) acerca do histórico de contratos e fiscalizações da Neoenergia.",2026-05-29,116,3,0,0,sim,sim,Apresentação,158013
REQ 2873/2026,Deputado Gabriel Magno,Requer o encaminhamento de pedido de informações ao(à) Secretário de Estado de Saúde do Distrito Federal acerca da fila de espera para transplantes no GDF.,2026-05-29,116,3,0,0,sim,sim,Apresentação,158012
REQ 2874/2026,Deputado Gabriel Magno,"Requer o encaminhamento de pedido de informações ao(à) Secretário(a) de Estado de Saúde do Distrito Federal acerca da fila de espera para exames, procedimentos e cirurgias eletivas.",2026-05-29,116,3,0,0,sim,sim,Apresentação,158011
REQ 2875/2026,Deputado Gabriel Magno,Requer o encaminhamento de pedido de informações ao(à) Secretário de Estado de Desenvolvimento Urbano e Habitação do Distrito Federal acerca de série histórica de pessoas em habitações precárias e assentamentos informais por Região Administrativa.,2026-05-29,116,3,0,0,sim,sim,Apresentação,158010
REQ 2876/2026,Deputado Gabriel Magno,Requer o encaminhamento de pedido de informações ao(à) Secretário(a) de Estado do Meio Ambiente e Proteção Animal do Distrito Federal acerca da série histórica de alagamentos e seus impactos na saúde pública.,2026-05-29,116,3,0,0,sim,sim,Apresentação,158009
REQ 2877/2026,Deputado Gabriel Magno,Requer o encaminhamento de pedido de informações ao(à) Secretário(a) de Estado do Meio Ambiente e Proteção Animal do Distrito Federal acerca de registros de ondas de calor e seus impactos na saúde pública.,2026-05-29,116,3,0,0,sim,sim,Apresentação,158007
REQ 2878/2026,Deputado Gabriel Magno,"Requer o encaminhamento de pedido de informações ao(à) Diretor-Presidente da Agência Reguladora de Águas, Energia e Saneamento Básico do Distrito Federal (ADASA) acerca da série histórica do déficit de saneamento básico por Região Administrativa.",2026-05-29,116,4,0,0,sim,sim,Apresentação,158006
REQ 2879/2026,Deputado Gabriel Magno,"Requer o encaminhamento de pedido de informações ao(à) Presidente da Agência Reguladora de Águas, Energia e Saneamento Básico do Distrito Federal (ADASA) acerca do histórico de quedas de energia, localização e motivos no DF (Jan/2019 até o presente).",2026-05-29,116,3,0,0,sim,sim,Apresentação,158005
REQ 288/2023,Deputado Fábio Felix,"Solicita informações à Secretaria de  Estado de Segurança Pública do Distrito Federal, sobre organização criminosa e fornecimento ilegal de munições. ",2023-03-15,1287,5,2,0,sim,sim,Apresentação,8968
REQ 2880/2026,Deputado Gabriel Magno,"Requer o encaminhamento de pedido de informações ao(à) Secretário de Estado do Meio Ambiente e Proteção Animal do Distrito Federal e ao(à) Presidente da Companhia Urbanizadora da Nova Capital do Brasil (NOVACAP) do Distrito Federal acerca da série histórica de árvores, parques e praças por habitante nas Regiões Administrativas do DF.",2026-05-29,116,3,0,0,sim,sim,Apresentação,158004
REQ 2881/2026,Deputado Gabriel Magno,"Requer o encaminhamento de pedido de informações ao(à) Secretário de Estado de Desenvolvimento Econômico, Trabalho e Renda do Distrito Federal acerca da Ocupação, Infraestrutura e Investimentos nas Áreas de Desenvolvimento Econômico (ADEs) e Polos de Desenvolvimento do DF.",2026-05-29,116,3,0,0,sim,sim,Apresentação,158003
REQ 2882/2026,Deputado Gabriel Magno,Requer o encaminhamento de pedido de informações ao(à) Secretário(a) de Estado de Desenvolvimento Econômico do Distrito Federal acerca de dados de contratos ativos e contrapartidas do PRÓ-DF II.,2026-05-29,116,3,0,0,sim,sim,Apresentação,158002
REQ 2883/2026,Deputado Gabriel Magno,"Requer o encaminhamento de pedido de informações ao(à) Secretário de Estado de Desenvolvimento Econômico, Trabalho e Renda do Distrito Federal acerca de Dados do Programa Prospera (FUNGER).",2026-05-29,116,3,0,0,sim,sim,Apresentação,158000
REQ 2884/2026,Deputado Gabriel Magno,Requer o encaminhamento de pedido de informações ao(à) Secretário de Estado de Transporte e Mobilidade do Distrito Federal acerca de dados e série histórica sobre trabalhadores de aplicativo e cumprimento do Decreto nº 41.484/2020.,2026-05-29,116,3,0,0,sim,sim,Apresentação,158024
REQ 2885/2026,Deputado Gabriel Magno,"Requer o encaminhamento de pedido de informações ao(à) Presidente da Companhia de Desenvolvimento Habitacional do Distrito Federal (CODHAB) e ao(à) Secretário(a) de Estado de Desenvolvimento Social (SEDES) acerca do Programa de Locação Social, concessão de subsídios-aluguel, critérios de atendimento e execução orçamentária entre 2019 e 2026.",2026-06-01,113,3,0,0,sim,sim,Apresentação,158119
REQ 2886/2026,Deputado Gabriel Magno,"Requer o encaminhamento de pedido de informações ao(à) Diretor(a)-Presidente da Companhia Imobiliária de Brasília (TERRACAP) acerca da alienação de terras públicas para habitação de interesse social, subsídios aplicados e estoque de terras remanescentes entre 2019 e 2026.",2026-06-01,113,3,0,0,sim,sim,Apresentação,158118
REQ 2887/2026,Deputado Gabriel Magno,"Requer o encaminhamento de pedido de informações ao(à) Secretário(a) de Estado de Desenvolvimento Urbano e Habitação do Distrito Federal (SEDUH) acerca das poligonais de Áreas de Regularização de Interesse Social (ARIS) no Plano Diretor de Ordenamento Territorial (PDOT), critérios técnicos de demarcação e balanço de regularização entre 2019 e 2026.",2026-06-01,113,3,0,0,sim,sim,Apresentação,158117
REQ 2888/2026,Deputado Gabriel Magno,"Requer o encaminhamento de pedido de informações ao(à) Presidente da Companhia de Desenvolvimento Habitacional do Distrito Federal (CODHAB) acerca do cronograma, investimentos orçamentários e regularização fundiária na Região Administrativa do Sol Nascente/Pôr do Sol entre 2019 e 2026.",2026-06-01,113,3,0,0,sim,sim,Apresentação,158116
REQ 2889/2026,Deputado Gabriel Magno,"Requer o encaminhamento de pedido de informações ao(à) Presidente da Companhia de Desenvolvimento Habitacional do Distrito Federal (CODHAB) acerca do monitoramento da fila da habitação, critérios de pontuação e evolução das convocações do Programa Morar Bem entre 2019 e 2026.",2026-06-01,113,3,0,0,sim,sim,Apresentação,158115
REQ 2890/2026,Deputado Gabriel Magno,"Requer o encaminhamento de pedido de informações ao(à) Presidente da Companhia de Desenvolvimento Habitacional do Distrito Federal (CODHAB) acerca do credenciamento, critérios de seleção e repasse de áreas públicas a cooperativas e associações habitacionais entre 2019 e 2026.",2026-06-01,113,3,0,0,sim,sim,Apresentação,158114
REQ 2891/2026,Deputado Gabriel Magno,"Requer o encaminhamento de pedido de informações ao(à) Presidente da Companhia de Desenvolvimento Habitacional do Distrito Federal (CODHAB) acerca da execução orçamentária, critérios de editais e metas operacionais do Programa de Assistência Técnica em Habitação de Interesse Social (ATHIS) entre 2019 e 2026.",2026-06-01,113,3,0,0,sim,sim,Apresentação,158112
REQ 2892/2026,Deputado Gabriel Magno,Requer o encaminhamento de pedido de informações ao(à) Presidente da Companhia de Desenvolvimento Habitacional do Distrito Federal (CODHAB) acerca do perfil socioeconômico e geográfico das unidades habitacionais entregues e a infraestrutura do entorno entre 2019 e 2026.,2026-06-01,113,3,0,0,sim,sim,Apresentação,158111
REQ 2893/2026,Deputado Gabriel Magno,"Requer o encaminhamento de pedido de informações ao(à) Presidente da Companhia de Desenvolvimento Habitacional do Distrito Federal (CODHAB) acerca de empreendimentos habitacionais lançados, status de execução físico-financeira e balanço de entregas entre 2019 e 2026.",2026-06-01,113,3,0,0,sim,sim,Apresentação,158110
REQ 2894/2026,Deputado Gabriel Magno,Requer o encaminhamento de pedido de informações ao(à) Diretor-Geral do Departamento de Trânsito do Distrito Federal (Detran-DF) acerca de dados sobre operações de fiscalização de alcoolemia no trânsito.,2026-06-01,113,3,0,0,sim,sim,Apresentação,158109
REQ 2895/2026,Deputado Gabriel Magno,Requer o encaminhamento de pedido de informações ao(à) Secretário de Estado de Obras e Infraestrutura do Distrito Federal acerca de Zeladoria Urbana e Iluminação Pública.,2026-06-01,113,3,0,0,sim,sim,Apresentação,158107
REQ 2896/2026,Deputado Gabriel Magno,Requer o encaminhamento de pedido de informações ao(à) Secretário de Estado de Segurança Pública do Distrito Federal acerca de série histórica de registros de ocorrências de segurança pública.,2026-06-01,113,3,0,0,sim,sim,Apresentação,158106
REQ 2897/2026,Deputado Gabriel Magno,Requer o encaminhamento de pedido de informações ao Secretário de Estado de Segurança Pública do Distrito Federal acerca de Processos Administrativos Disciplinares (PADs) nas Forças de Segurança do DF.,2026-06-01,113,3,0,0,sim,sim,Apresentação,158105
REQ 2898/2026,Deputado Gabriel Magno,Requer o encaminhamento de pedido de informações ao(à) Secretário de Estado de Segurança Pública do Distrito Federal acerca de dados referentes a mortes decorrentes de intervenção policial.,2026-06-01,113,3,0,0,sim,sim,Apresentação,158104
REQ 2899/2026,Deputado Gabriel Magno,Requer o encaminhamento de pedido de informações ao(à) Secretário de Estado de Segurança Pública do Distrito Federal acerca de contratos e uso de câmeras corporais nas forças de segurança.,2026-06-01,113,3,0,0,sim,sim,Apresentação,158102
REQ 290/2023,Deputado Fábio Felix,"Requer informações ao Secretário de Meio Ambiente e ao Presidente do Instituto do Meio Ambiente e dos Recursos Hídricos do Distrito Federal - Brasília Ambiental (IBRAM) sobre a recuperação e preservação do Parque Ecológico do Areal.
",2023-03-15,1287,3,0,0,sim,sim,Apresentação,8992
REQ 2900/2026,Deputado Gabriel Magno,Requer o encaminhamento de pedido de informações ao(à) Secretário de Estado de Segurança Pública do Distrito Federal acerca de dados sobre saúde mental dos profissionais de segurança pública.,2026-06-01,113,3,0,0,sim,sim,Apresentação,158101
REQ 2901/2026,Deputado Gabriel Magno,"Requer o encaminhamento de pedido de informações ao(à) Secretário de Estado de Agricultura, Abastecimento e Desenvolvimento Rural do Distrito Federal acerca da gestão de animais de grande porte, curral público e defesa sanitária animal.",2026-06-01,113,3,0,0,sim,sim,Apresentação,158100
REQ 2902/2026,Deputado Gabriel Magno,"Requer o encaminhamento de pedido de informações ao(à) Presidente do Instituto Brasília Ambiental (IBRAM) acerca de fiscalização de maus-tratos, fauna silvestre, Centros de Triagem de Animais Silvestres (CETAS) e enforcement animal.",2026-06-01,113,4,0,0,sim,sim,Apresentação,158099
REQ 2903/2026,Deputado Gabriel Magno,"Requer o encaminhamento de pedido de informações ao(à) Secretário de Estado de Saúde do Distrito Federal acerca de dados de vigilância de zoonoses, vacinação e capacidade laboratorial.",2026-06-01,113,3,0,0,sim,sim,Apresentação,158098
REQ 2904/2026,Deputado Gabriel Magno,Requer o encaminhamento de pedido de informações ao(à) Secretário(a) Extraordinário(a) de Proteção Animal do Distrito Federal acerca da Política de Proteção Animal no DF.,2026-06-01,113,3,0,0,sim,sim,Apresentação,158097
REQ 2905/2026,Deputado Gabriel Magno,Requer o encaminhamento de pedido de informações ao(à) Diretor-Presidente da Companhia Imobiliária de Brasília (TERRACAP) acerca de Imóveis e Contratos de Cessão de Uso para Abastecimento Alimentar e Segurança Nutricional.,2026-06-01,113,3,0,0,sim,sim,Apresentação,158096
REQ 2906/2026,Deputado Gabriel Magno,Requer o encaminhamento de pedido de informações ao(à) Secretário(a) de Estado de Saúde do Distrito Federal acerca de dados de estado nutricional e vigilância sanitária de alimentos.,2026-06-01,113,3,0,0,sim,sim,Apresentação,158095
REQ 2907/2026,Deputado Gabriel Magno,Requer o encaminhamento de pedido de informações ao(à) Secretário de Estado de Educação do Distrito Federal acerca de compras da agricultura familiar para o PNAE.,2026-06-01,113,4,0,0,sim,sim,Apresentação,158094
REQ 2908/2026,Deputado Gabriel Magno,"Requer o encaminhamento de pedido de informações ao(à) Secretário(a) de Estado de Desenvolvimento Social do Distrito Federal acerca de dados de Segurança Alimentar, Restaurantes Comunitários e CadÚnico.",2026-06-01,113,3,0,0,sim,sim,Apresentação,158093
REQ 2909/2026,Deputado Gabriel Magno,"Requer o encaminhamento de pedido de informações ao(à) Presidente do Instituto do Meio Ambiente e dos Recursos Hídricos do Distrito Federal (IBRAM-DF) acerca de fiscalização ambiental rural, Áreas de Preservação Permanente (APPs) e monitoramento de nascentes.",2026-06-01,113,3,0,0,sim,sim,Apresentação,158092
REQ 291/2023,Deputada Dayse Amarilio,"Requer informações ao Instituto de Gestão Estratégica de Saúde do Distrito Federal (IGES/DF) acerca do atendimento que culminou no falecimento do paciente Warley Eduardo Pires, na Unidade de Pronto Atendimento do Setor O, na região administrativa da Ceilândia.",2023-03-15,1287,3,0,0,sim,sim,Apresentação,11266
REQ 2910/2026,Deputado Gabriel Magno,"Requer o encaminhamento de pedido de informações ao(à) Secretário(a) de Estado do Meio Ambiente do Distrito Federal acerca de situação ambiental das zonas rurais do DF, Cadastro Ambiental Rural (CAR), licenciamento agropecuário, desmatamento e recursos hídricos.",2026-06-01,113,3,0,0,sim,sim,Apresentação,158090
REQ 2911/2026,Deputado Gabriel Magno,"Requer o encaminhamento de pedido de informações ao(à) Presidente das Centrais de Abastecimento do Distrito Federal (CEASA-DF) acerca de Dados Operacionais, Comercialização e Banco de Alimentos da CEASA-DF.",2026-06-01,113,3,0,0,sim,sim,Apresentação,158089
REQ 2912/2026,Deputado Gabriel Magno,"Requer o encaminhamento de pedido de informações ao(à) Presidente da Empresa de Assistência Técnica e Extensão Rural do Distrito Federal (Emater-DF) acerca de dados anuais de Assistência Técnica e Extensão Rural (ATER), produção agropecuária e uso de agrotóxicos.",2026-06-01,113,3,0,0,sim,sim,Apresentação,158088
REQ 2913/2026,Deputado Gabriel Magno,"Requer o encaminhamento de pedido de informações ao(à) Secretário de Estado de Agricultura, Abastecimento e Desenvolvimento Rural do Distrito Federal acerca de Dados sobre Compras da Agricultura Familiar, Cadastro e Situação Fundiária.",2026-06-01,113,3,0,0,sim,sim,Apresentação,158087
REQ 2914/2026,Deputado Gabriel Magno,Requer o encaminhamento de pedido de informações ao(à) Secretário de Estado de Educação do Distrito Federal acerca da série histórica de estudantes e professores da EJA por escola.,2026-06-01,113,3,0,0,sim,sim,Apresentação,158086
REQ 2915/2026,Deputado Gabriel Magno,Requer o encaminhamento de pedido de informações ao(à) Secretário(a) de Estado de Educação do Distrito Federal acerca de registros e protocolos de violência e insegurança nas escolas do DF.,2026-06-01,113,3,0,0,sim,sim,Apresentação,158085
REQ 2916/2026,Deputado Gabriel Magno,Requer o encaminhamento de pedido de informações ao(à) Secretário(a) de Estado de Educação do Distrito Federal acerca da série histórica de profissionais efetivos e temporários na Educação.,2026-06-01,113,3,0,0,sim,sim,Apresentação,158084
REQ 2917/2026,Deputado Gabriel Magno,Requer o encaminhamento de pedido de informações ao(à) Secretário de Estado de Educação do Distrito Federal acerca de Convênios para Atendimento de Creche.,2026-06-01,113,3,0,0,sim,sim,Apresentação,158083
REQ 2918/2026,Deputado Gabriel Magno,Requer o encaminhamento de pedido de informações ao(à) Secretário de Estado de Educação do Distrito Federal acerca de Convênios e Parcerias na Educação Básica e Superior.,2026-06-01,113,3,0,0,sim,sim,Apresentação,158082
REQ 2919/2026,Deputado Gabriel Magno,Requer o encaminhamento de pedido de informações ao(à) Secretário(a) de Estado de Educação do Distrito Federal acerca de Obras e Reformas de Escolas.,2026-06-01,113,3,0,0,sim,sim,Apresentação,158081
REQ 2920/2026,Deputado Gabriel Magno,Requer o encaminhamento de pedido de informações ao(à) Secretário de Estado de Educação do Distrito Federal acerca da construção de escolas e anexos no DF.,2026-06-01,113,3,0,0,sim,sim,Apresentação,158080
REQ 2921/2026,Deputado Gabriel Magno,"Requer o encaminhamento de pedido de informações ao(à) Secretário de Estado de Educação do Distrito Federal acerca de manutenção predial, contratos e execução por escola.",2026-06-01,113,3,0,0,sim,sim,Apresentação,158078
REQ 2922/2026,Deputado Gabriel Magno,Requer o encaminhamento de pedido de informações ao(à) Secretário de Estado de Educação do Distrito Federal acerca da Execução de Contratos de Vigilância Escolar e Incidentes de Segurança.,2026-06-01,113,3,0,0,sim,sim,Apresentação,158077
REQ 2923/2026,Deputado Gabriel Magno,Requer o encaminhamento de pedido de informações ao(à) Secretário de Estado de Educação do Distrito Federal acerca de dados de transporte escolar.,2026-06-01,113,3,0,0,sim,sim,Apresentação,158076
REQ 2924/2026,Deputado Gabriel Magno,Requer o encaminhamento de pedido de informações ao(à) Secretário de Estado de Educação do Distrito Federal acerca de dados sobre merendeiras e contratos de alimentação escolar.,2026-06-01,113,3,0,0,sim,sim,Apresentação,158075
REQ 2925/2026,Deputado Gabriel Magno,Requer o encaminhamento de pedido de informações ao(à) Secretário de Estado de Desenvolvimento Social do Distrito Federal acerca de parcerias com Organizações Sociais e entidades para comunidades terapêuticas e população em situação de rua.,2026-06-01,113,3,0,0,sim,sim,Apresentação,158074
REQ 2926/2026,Deputado Gabriel Magno,Requer o encaminhamento de pedido de informações ao(à) Secretário de Estado de Desenvolvimento Social do Distrito Federal acerca de ações de educação permanente do SUAS e do Núcleo de Educação Permanente.,2026-06-01,113,3,0,0,sim,sim,Apresentação,158070
REQ 2927/2026,Deputado Gabriel Magno,Requer o encaminhamento de pedido de informações ao(à) Secretário(a) de Estado de Desenvolvimento Social do Distrito Federal acerca de registros de violência e insegurança em unidades socioassistenciais.,2026-06-01,113,3,0,0,sim,sim,Apresentação,158069
REQ 2928/2026,Deputado Gabriel Magno,Requer o encaminhamento de pedido de informações ao(à) Secretário(a) de Estado de Desenvolvimento Social do Distrito Federal acerca do funcionamento do Conselho de Assistência Social do DF (CAS/DF).,2026-06-01,113,3,0,0,sim,sim,Apresentação,158068
REQ 2929/2026,Deputado Gabriel Magno,Requer o encaminhamento de pedido de informações ao(à) Secretário(a) de Estado de Desenvolvimento Social do Distrito Federal acerca da Estrutura de Vigilância Socioassistencial no DF e seus indicadores.,2026-06-01,113,3,0,0,sim,sim,Apresentação,158067
REQ 2930/2026,Deputado Gabriel Magno,Requer o encaminhamento de pedido de informações ao(à) Secretário(a) de Estado de Desenvolvimento Social do Distrito Federal acerca da Gestão do Cadastro Único e Programa Bolsa Família no DF.,2026-06-01,113,3,0,0,sim,sim,Apresentação,158066
REQ 2931/2026,Deputado Gabriel Magno,"Requer o encaminhamento de pedido de informações ao(à) Secretário(a) de Estado de Desenvolvimento Social do Distrito Federal acerca de dados sobre funcionamento, atendimentos e planejamento do CRAS Móvel no DF.",2026-06-01,113,3,0,0,sim,sim,Apresentação,158065
REQ 2932/2026,Deputado Gabriel Magno,"Requer o encaminhamento de pedido de informações ao(à) Secretário(a) de Estado de Desenvolvimento Social do Distrito Federal acerca de estudos, planejamento e orçamento para implantação de novos CRAS no DF.",2026-06-01,113,3,0,0,sim,sim,Apresentação,158064
REQ 2933/2026,Deputado Gabriel Magno,Requer o encaminhamento de pedido de informações ao(à) Secretário(a) de Estado de Desenvolvimento Social do Distrito Federal acerca de dados e serviços para a população em situação de rua no DF.,2026-06-01,113,3,0,0,sim,sim,Apresentação,158063
REQ 2934/2026,Deputado Gabriel Magno,Requer o encaminhamento de pedido de informações ao(à) Secretário(a) de Estado de Desenvolvimento Social do Distrito Federal acerca da gestão de benefícios eventuais e emergenciais.,2026-06-01,113,3,0,0,sim,sim,Apresentação,158062
REQ 2935/2026,Deputado Gabriel Magno,Requer o encaminhamento de pedido de informações ao(à) Secretário(a) de Estado de Desenvolvimento Social do Distrito Federal acerca de dados do sistema de agendamento socioassistencial e denúncias de fraude.,2026-06-01,113,3,0,0,sim,sim,Apresentação,158061
REQ 2936/2026,Deputado Gabriel Magno,Requer o encaminhamento de pedido de informações ao(à) Secretário de Estado de Desenvolvimento Social do Distrito Federal acerca do quadro de pessoal e diagnóstico de Recursos Humanos do Sistema Único de Assistência Social (SUAS) no Distrito Federal.,2026-06-01,113,3,0,0,sim,sim,Apresentação,158060
REQ 2937/2026,Deputado Gabriel Magno,Requer o encaminhamento de pedido de informações ao(à) Secretário(a) de Estado de Desenvolvimento Social do Distrito Federal acerca do diagnóstico de infraestrutura das unidades socioassistenciais do DF.,2026-06-01,113,3,0,0,sim,sim,Apresentação,158059
REQ 2938/2026,Deputado Gabriel Magno,Requer o encaminhamento de pedido de informações ao(à) Secretário(a) de Estado de Desenvolvimento Social do Distrito Federal acerca dos repasses e execução do Índice de Gestão Descentralizada (IGD) do Bolsa Família e CadÚnico.,2026-06-01,113,3,0,0,sim,sim,Apresentação,158058
REQ 2939/2026,Deputado Gabriel Magno,Requer o encaminhamento de pedido de informações ao(à) Secretário(a) de Estado de Desenvolvimento Social do Distrito Federal acerca do Orçamento da Política de Assistência Social do DF.,2026-06-01,113,3,0,0,sim,sim,Apresentação,158057
REQ 2940/2026,Deputado Gabriel Magno,"Requer o encaminhamento de pedido de informações ao(à) Secretário de Estado de Saúde do Distrito Federal acerca da ausência de adesão ao Programa ""Agora tem Especialistas"" e das alternativas de atendimento implementadas.",2026-06-01,113,3,0,0,sim,sim,Apresentação,158056
REQ 2941/2026,Deputado Gabriel Magno,"Requer o encaminhamento de pedido de informações ao(à) Secretário de Estado de Saúde do Distrito Federal acerca da série histórica de Agentes Comunitários de Saúde (ACS) e Agentes de Combate às Endemias (ACE) ativos por Região Administrativa (RA), concursos e vagas previstas.",2026-06-01,113,3,0,0,sim,sim,Apresentação,158055
REQ 2942/2026,Deputado Gabriel Magno,Requer o encaminhamento de pedido de informações ao(à) Secretário(a) de Estado de Saúde do Distrito Federal acerca da tabela salarial e reajustes da SES-DF (Série Histórica: Jan/2019 ao Presente).,2026-06-01,113,3,0,0,sim,sim,Apresentação,158052
REQ 2943/2026,Deputado Gabriel Magno,Requer o encaminhamento de pedido de informações ao(à) Secretário de Estado de Saúde do Distrito Federal acerca de afastamentos por transtornos mentais e programas de saúde mental na SES-DF.,2026-06-01,113,3,0,0,sim,sim,Apresentação,158051
REQ 2944/2026,Deputado Gabriel Magno,Requer o encaminhamento de pedido de informações ao(à) Secretário(a) de Estado de Saúde do Distrito Federal acerca de atendimentos de pacientes do entorno (GO/MG) na rede SUS-DF e ressarcimentos AIH.,2026-06-01,113,3,0,0,sim,sim,Apresentação,158049
REQ 2945/2026,Deputado Gabriel Magno,Requer o encaminhamento de pedido de informações ao(à) Secretário(a) de Estado de Saúde do Distrito Federal acerca da expectativa de vida e mortalidade prematura no DF.,2026-06-01,113,3,0,0,sim,sim,Apresentação,158048
REQ 2946/2026,Deputado Gabriel Magno,Requer o encaminhamento de pedido de informações ao(à) Secretário de Estado de Saúde do Distrito Federal acerca de dados de mortalidade materna no DF.,2026-06-01,113,3,0,0,sim,sim,Apresentação,158046
REQ 2947/2026,Deputado Gabriel Magno,Requer o encaminhamento de pedido de informações ao(à) Secretário de Estado de Saúde do Distrito Federal acerca da cobertura de pré-natal por Região Administrativa.,2026-06-01,113,3,0,0,sim,sim,Apresentação,158044
REQ 2948/2026,Deputado Gabriel Magno,Requer o encaminhamento de pedido de informações ao(à) Secretário(a) de Estado de Saúde do Distrito Federal acerca de equipamentos públicos de atenção à mulher em situação de violência.,2026-06-01,113,3,0,0,sim,sim,Apresentação,158042
REQ 2949/2026,Deputado Gabriel Magno,Requer o encaminhamento de pedido de informações ao(à) Secretário de Estado de Saúde do Distrito Federal acerca da série histórica de indicadores de saúde e dados de coleta relacionados a doenças crônicas não transmissíveis por Região Administrativa.,2026-06-01,113,3,0,0,sim,sim,Apresentação,158041
REQ 2950/2026,Deputado Gabriel Magno,Requer o encaminhamento de pedido de informações ao(à) Secretário(a) de Estado de Saúde do Distrito Federal acerca da cobertura de vacinação contra HPV e exames Papanicolau.,2026-06-01,113,3,0,0,sim,sim,Apresentação,158037
REQ 2951/2026,Deputado Gabriel Magno,Requer o encaminhamento de pedido de informações ao(à) Secretário de Estado de Saúde do Distrito Federal acerca da série histórica de cirurgias e custos na rede SUS-DF.,2026-06-01,113,3,0,0,sim,sim,Apresentação,158036
REQ 2952/2026,Deputado Gabriel Magno,Requer o encaminhamento de pedido de informações ao(à) Secretário(a) de Estado de Saúde do Distrito Federal acerca da série histórica de mutirões de cirurgias eletivas no DF e metas pactuadas.,2026-06-01,113,3,0,0,sim,sim,Apresentação,158035
REQ 2953/2026,Deputado Gabriel Magno,Requer o encaminhamento de pedido de informações ao(à) Secretário de Estado de Saúde do Distrito Federal acerca da cobertura da Estratégia Saúde da Família (ESF) por Região Administrativa.,2026-06-01,113,3,0,0,sim,sim,Apresentação,158033
REQ 2954/2026,Deputado Gabriel Magno,Requer o encaminhamento de pedido de informações ao(à) Secretário de Estado de Obras e Infraestrutura do Distrito Federal e ao(à) Presidente da Companhia Urbanizadora da Nova Capital do Brasil (NOVACAP) do Distrito Federal acerca de reformas e gastos em praças e parques por Região Administrativa no período de janeiro de 2019 até o presente.,2026-06-01,113,4,0,0,sim,sim,Apresentação,158028
REQ 2955/2026,Deputado Gabriel Magno,Requer o encaminhamento de pedido de informações ao(à) Presidente da Companhia Urbanizadora da Nova Capital do Brasil (NOVACAP) e ao(à) Secretário(a) de Estado de Obras e Infraestrutura do Distrito Federal acerca de dados da operação tapa-buraco e gastos por Região Administrativa.,2026-06-01,113,3,0,0,sim,sim,Apresentação,158027
REQ 2956/2026,Deputado Gabriel Magno,"Requer o encaminhamento de pedido de informações ao(à) Secretário(a) de Estado de Desenvolvimento Urbano e Habitação do Distrito Federal acerca de ações de requalificação, infraestrutura e ocupação no Setor Bancário.",2026-06-01,113,3,0,0,sim,sim,Apresentação,158026
REQ 2957/2026,Deputado Gabriel Magno,Requer o encaminhamento de pedido de informações ao(à) Secretário de Estado de Desenvolvimento Urbano e Habitação do Distrito Federal e ao(à) Secretário de Estado de Obras e Infraestrutura do Distrito Federal acerca de ações de requalificação e infraestrutura na W3 Sul.,2026-06-01,113,3,0,0,sim,sim,Apresentação,158025
REQ 2958/2026,Deputado Gabriel Magno,Requer o encaminhamento de pedido de informações à Secretária de Estado de Educação do Distrito Federal acerca do Termo de Colaboração nº 02/2023 (Programa STEAM Maker).,2026-06-02,112,3,0,0,sim,sim,Apresentação,158128
REQ 2969/2026,Deputado Fábio Felix,Requer informações à Secretaria de Estado da Mulher do Distrito Federal acerca da redução do quadro de funcionários da Casa Abrigo do Distrito Federal.,2026-06-08,106,3,0,0,sim,sim,Apresentação,157904
REQ 2970/2026,Deputado Fábio Felix,Requer informações ao Secretário de Estado de Economia do Distrito Federal e ao Banco de Brasília S.A. acerca das operações de cessão onerosa de direitos creditórios da dívida ativa do DF ,2026-06-08,106,3,0,0,sim,sim,Apresentação,157892
REQ 2971/2026,Deputado Fábio Felix,"Requer informações à Secretaria de Estado de Saúde do Distrito Federal – SES/DF e ao IGES-DF, sobre pagamento dos salários atrasados de prestadora de serviços ",2026-06-08,106,3,0,0,sim,sim,Apresentação,157745
REQ 2979/2026,Deputado Max Maciel,"Requer o encaminhamento de pedido de informações à Presidência do Instituto Brasília Ambiental – IBRAM/DF acerca dos procedimentos de fiscalização, apuração de denúncias, aferição de ruídos, aplicação de penalidades e efetividade da execução da Lei nº 4.092, de 30 de janeiro de 2008.",2026-06-10,104,3,0,0,sim,sim,Apresentação,158193
REQ 2980/2026,Deputado Max Maciel,"Requer o encaminhamento de pedido de informações à Secretária de Estado de Transporte e Mobilidade do Distrito Federal – SEMOB/DF, acerca do cumprimento da medida cautelar proferida pelo Tribunal de Contas do Distrito Federal no Processo nº 00600-00002275/2024-95-e, relacionado à aplicação do REFIS-DF 2023 às multas contratuais das operadoras do Sistema de Transporte Público Coletivo do Distrito Federal – STPC/DF.",2026-06-10,104,3,0,0,sim,sim,Apresentação,157911
REQ 300/2023,Deputada Dayse Amarilio,Requer informações à Secretaria de Estado de Saúde acerca dos protocolos internos sobre Dispositivo Intrauterino.,2023-03-16,1286,3,0,0,sim,sim,Apresentação,11081
REQ 3014/2026,Deputada Jaqueline Silva,"Requer o encaminhamento de pedido de informações à Secretaria de Estado da Agricultura, Abastecimento e Desenvolvimento Rural do Distrito Federal – SEAGRI/DF, com o objetivo de obter dados e esclarecimentos acerca da implementação, execução, fiscalização e resultados alcançados pela Lei nº 6.606, abrangendo o período compreendido entre o início de sua vigência e a presente data.",2026-06-26,88,3,0,0,sim,sim,Apresentação,158475
REQ 3019/2022,Deputado Leandro Grass,Requer informações à Secretaria de Estado de Economia do Distrito Federal acerca da solicitação de isenção de Imposto sobre Propriedade de Veículos Automotores (IPVA) para pessoas com deficiência. ,2022-02-01,1694,3,0,0,sim,sim,Apresentação,6265
REQ 3020/2022,Deputado Leandro Grass,Requer informações à Secretaria de Estado de Educação do Distrito Federal acerca dos contratos de alimentação escolar das unidades de ensino do Distrito Federal.,2022-02-01,1694,3,0,0,sim,sim,Apresentação,6223
REQ 3020/2026,Deputado Fábio Felix,"Requer informações à Fundação de Apoio à Pesquisa do Distrito Federal – FAPDF, à Secretaria de Estado de Educação do Distrito Federal – SEEDF, à Secretaria de Estado de Ciência, Tecnologia e Inovação do Distrito Federal – SECTI/DF e à Secretaria de Estado de Segurança Pública do Distrito Federal – SSP/DF acerca da seleção, celebração, execução, monitoramento, fiscalização e prestação de contas de contratos e parcerias firmadas a partir do Edital FAP nº 01/2023 – Programa Desafio DF.",2026-07-13,71,3,0,0,sim,nao,Apresentação,158474
REQ 3021/2022,Deputado Leandro Grass,Requer informações à Secretaria de Estado de Educação do Distrito Federal acerca do controle de alimentação nos Centros Regionais de Ensino do Distrito Federal.,2022-02-01,1694,3,0,0,sim,sim,Apresentação,6227
REQ 3021/2026,Deputado Fábio Felix,"Requer informações à Companhia de Desenvolvimento Habitacional do Distrito Federal - Codhab-DF e a Secretaria de Desenvolvimento Urbano e Habitação do Distrito Federal - Seduh-DF, a respeito de cobranças condominiais abusivas no Paranoá Parque.",2026-07-13,71,3,0,0,sim,nao,Apresentação,158524
REQ 3022/2022,Deputado Leandro Grass,Requer informações à Secretaria de Estado de Educação do Distrito Federal acerca do quantitativo de nutricionistas para atender a demanda das unidades escolares do Distrito Federal.,2022-02-01,1694,3,0,0,sim,sim,Apresentação,6224
REQ 3023/2022,Deputado Leandro Grass,Requer à Secretaria de Estado de Economia do Distrito Federal informações sobre o pagamento da 3ª Parcela do reajuste aos servidores do GDF.,2022-02-01,1694,3,0,0,sim,sim,Apresentação,6175
REQ 3024/2022,Deputado Leandro Grass,Requer à Companhia de Desenvolvimento Habitacional do Distrito Federal (CODHAB) informações sobre os concursos realizados no ano de 2018.,2022-02-01,1694,3,0,0,sim,sim,Apresentação,6206
REQ 3024/2026,Deputado Max Maciel,Requer o encaminhamento de pedido de informações à Secretaria de Estado de Cultura e Economia Criativa– SECEC/DF acerca do cronograma de execução e o repasse de recursos do FAC II/2025.,2026-07-20,64,3,0,0,sim,nao,Apresentação,158588
REQ 3026/2026,Deputado Gabriel Magno,"Requer informações ao Poder Executivo, por intermédio da Casa Civil do Distrito Federal, a respeito de ações de acolhimento de pessoas em situação de rua no mês de julho de 2026.",2026-08-03,50,3,0,0,sim,nao,Apresentação,158776
REQ 3027/2026,Deputado Fábio Felix,"Requer informações ao Serviço de Limpeza Urbana do Distrito Federal (SLU) e à Secretaria de Estado de Proteção da Ordem Urbanística do Distrito Federal (DF-Legal) de acerca da emissão do Controle de Transporte de Resíduos – CTR, da cobrança do preço público nas Unidades de Recebimento de Entulhos – URE e de eventual alteração dos procedimentos administrativos relativos à fiscalização e ao controle da destinação de resíduos da construção civil",2026-08-03,50,3,0,0,sim,nao,Apresentação,158676
REQ 3028/2026,Deputado Fábio Felix,"Requer informações à Secretaria de Estado de Desenvolvimento Social (Sedes) e à Secretaria de Estado de Desenvolvimento Econômico, Trabalho e Renda (Sedet) sobre a implementação da política de reserva de vagas de trabalho em serviços e obras públicas para pessoas em situação de rua, instituída pela Lei nº 6.128/2018, e regulamentada pelo Decreto nº 45.846, de 27 de maio de 2024.

 ",2026-08-03,50,3,0,0,sim,nao,Apresentação,158431
REQ 303/2023,Deputada Dayse Amarilio,"Requer informações à Secretaria de Estado de Saúde acerca da reforma de espaço físico próprio para instalação definitiva da Unidade Básica de Saúde nº 18, em Planaltina (RA VI).",2023-03-16,1286,3,0,0,sim,sim,Apresentação,11347
REQ 3035/2022,Deputado Leandro Grass,Requer informações à Secretaria de Estado de Desenvolvimento Urbano e Habitação acerca do Projeto de Requalificação do Setor de Indústrias Gráficas. ,2022-02-01,1694,5,2,0,sim,sim,Apresentação,6343
REQ 3036/2022,Deputado Professor Reginaldo Veras,"Requer à Secretaria de Estado de Educação do Distrito Federal, informações sobre o gasto de energia elétrica nas escolas públicas do Distrito Federal.",2022-02-01,1694,4,0,0,sim,sim,Apresentação,6052
REQ 3040/2026,Deputado Gabriel Magno,Requer à Secretaria de Estado de Economia o encaminhamento de informações acerca da geração e manutenção de empregos relacionadas aos benefícios tributários de ICMS e ISS.,2026-08-11,42,3,0,0,sim,nao,Apresentação,158882
REQ 3041/2026,Deputado Gabriel Magno,Requer o encaminhamento de pedido de informações à Secretária de Estado de Educação do Distrito Federal acerca da gestão de pessoal e financeira das unidades escolares que operam sob o modelo cívico-militar.,2026-08-12,41,3,0,0,sim,nao,Apresentação,158894
REQ 3047/2026,Deputado Jorge Vianna,"Requer informações ao Secretário de Estado de Economia do Distrito Federal acerca da Administração Tributária do Distrito Federal, da Carreira Gestão Fazendária, da rede de atendimento da Receita, da implementação da Reforma Tributária e do Fundo da Receita Tributária do Distrito Federal – Pró-Receita.",2026-08-17,36,3,0,0,sim,nao,Apresentação,158922
REQ 305/2023,Deputado Gabriel Magno,Requer informações sobre a implementação do Novo Ensino Médio na Rede Pública de Ensino do Distrito Federal,2023-03-21,1281,3,0,0,sim,sim,Apresentação,11345
REQ 3051/2022,Deputado Leandro Grass,"Requer, ao Secretário de Estado de Saúde do Distrito Federal, informações sobre a desocupação da área ocupada pela Associação dos Amigos dos Autistas do Distrito Federal.",2022-02-01,1694,5,2,0,sim,sim,Apresentação,6360
REQ 3052/2022,Deputado Leandro Grass,Requer à Secretaria de Estado de Saúde informações sobre os chamamentos públicos em andamento para instalação de Unidade Básica de Saúde do Distrito Federal.,2022-02-01,1694,3,0,0,sim,sim,Apresentação,6349
REQ 3052/2026,Deputada Paula Belmonte,"Requer ao Poder Executivo do Distrito Federal, por intermédio da Secretaria de Estado de Economia, e, por seu intermédio, ao Banco de Brasília S.A. – BRB, informações acerca da situação econômico-financeira da instituição, da não divulgação de suas demonstrações financeiras, das penalidades aplicadas pela Comissão de Valores Mobiliários – CVM, do pedido de assistência financeira formulado ao Fundo Garantidor de Créditos – FGC e dos ativos relacionados ao Banco Master e instituições correlatas.",2026-08-20,33,3,0,0,sim,nao,Apresentação,159033
REQ 3053/2026,Deputada Paula Belmonte,"Requer ao Poder Executivo do Distrito Federal, por intermédio da Secretaria de Estado de Economia, informações acerca da situação dos pagamentos devidos pelo Distrito Federal a fornecedores e prestadores de serviços, bem como sobre restos a pagar, cumprimento da ordem cronológica de pagamentos e eventuais medidas adotadas para regularização de obrigações pendentes.",2026-08-20,33,3,0,0,sim,nao,Apresentação,159032
REQ 307/2023,Deputado Pastor Daniel de Castro,"Requer informações à Secretaria de Estado de Esporte e Lazer sobre o repasse da bolsa atleta, instituída pela Lei nº 2.402, de 15 de junho de 1999.",2023-03-21,1281,3,0,0,sim,sim,Apresentação,11372
REQ 3074/2022,Deputado Leandro Grass,Requer informações ao Secretário de Estado de Saúde acerca da situação dos aprovados no concurso de seleção de farmacêuticos e outras informações.,2022-02-09,1686,3,0,0,sim,sim,Apresentação,6604
REQ 3075/2022,Deputado Leandro Grass,Requer informações ao Secretário de Estado de Economia sobre a regulamentação da Lei 6.886/2021,2022-02-09,1686,3,0,0,sim,sim,Apresentação,6605
REQ 3077/2022,Deputado Fábio Felix,"Solicita informações à Secretaria de Estado de Saúde do Distrito Federal sobre a vacinação infantil, disponibilização, dados, tipo da vacina, postos, divulgação e ritmo da vacinação.",2022-02-09,1686,3,0,0,sim,sim,Apresentação,6576
REQ 3079/2022,"Deputado Leandro Grass, Deputado Professor Reginaldo Veras",Requer informações à Secretaria de Estado de Comunicação do Distrito Federal acerca de Demonstrativo de Gastos com Publicidade e Propaganda publicado no Diário Oficial do Distrito Federal no dia 05 de fevereiro de 2022.,2022-02-10,1685,3,0,0,sim,sim,Apresentação,6643
REQ 3080/2022,Deputado Leandro Grass,Requer informações ao Instituto Brasília Ambiental acerca da construção da Casa de Cultura Popular de Brazlândia (RA IV).,2022-02-10,1685,4,1,0,sim,sim,Apresentação,6531
REQ 3081/2022,Deputado Leandro Grass,Requer informações ao Instituto Brasília Ambiental - IBRAM - sobre eventuais fiscalizações sobre atividades realizadas na Colônia Agrícola Riacho Fundo I.,2022-02-10,1685,3,0,0,sim,sim,Apresentação,6633
REQ 3082/2022,Deputado Fábio Felix,"Requer informações à Secretária de Educação do Distrito Federal sobre a regulamentação da Lei nº 13.935, de 11 de dezembro de 2019, que ""dispõe sobre a prestação de serviços de psicologia e de serviço social nas redes públicas de educação básica.""",2022-02-10,1685,3,0,0,sim,sim,Apresentação,6448
REQ 3083/2022,Deputado Leandro Grass,Requer informações à Casa Civil do Distrito Federal acerca da regulamentação da Lei Distrital 2095/1998.,2022-02-10,1685,3,0,0,sim,sim,Apresentação,6627
REQ 3084/2022,Deputado Leandro Grass,Requer informações à Secretaria de Estado de Desenvolvimento Urbano e Habitação acerca do projeto MDE-016/99 do Setor de Habitações Individuais Geminadas Sul 715 (SHIGS 715).,2022-02-15,1680,3,0,0,sim,sim,Apresentação,6656
REQ 3085/2022,Deputado Rafael Prudente,Requer o encaminhamento de solicitação de informação à Secretaria de Estado de Saúde do Distrito Federal.,2022-02-15,1680,3,0,0,sim,sim,Apresentação,6641
REQ 309/2023,Deputada Dayse Amarilio,Requer informações à Secretaria de Estado de Educação acerca da distribuição de educadores sociais voluntários e monitores.,2023-03-21,1281,3,0,0,sim,sim,Apresentação,11414
REQ 3090/2022,Deputado Professor Reginaldo Veras,"Requer a Companhia de Saneamento Ambiental do Distrito Federal - CAESB, informações sobre projeto para remanejamento de redes de água e esgoto.",2022-02-15,1680,3,0,0,sim,sim,Apresentação,6511
REQ 3091/2022,Deputado Leandro Grass,Requer informações ao Secretário de Estado de Governo acerca da situação das Feiras da Quadra 510 da Samambaia e da Quadra 305 do Recanto das Emas.,2022-02-15,1680,3,0,0,sim,sim,Apresentação,6725
REQ 3099/2022,Deputada Maria Antônia,"Requer o encaminhamento de solicitação de informação ao Comandante-geral do Corpo de Bombeiros Militar do Distrito Federal, no sentido de fornecer informações sobre a área que foi destinada para servir de apoio ao Comando do Corpo de Bombeiros localizado na DF 290, na Região Administrativa do Gama- RA II, e não está sendo utilizado.  

",2022-02-16,1679,3,0,0,sim,sim,Apresentação,6667
REQ 310/2023,Deputada Dayse Amarilio,Requer informações à Secretaria de Estado de Saúde acerca da distribuição dos Enfermeiros de Saúde da Família na rede pública de saúde.,2023-03-21,1281,3,0,0,sim,sim,Apresentação,11413
REQ 3101/2022,Deputado Leandro Grass,Requer informações à Secretaria de Estado de Educação do Distrito Federal acerca da distribuição de Educadores Sociais Voluntários nas unidades escolares da rede pública de ensino.,2022-02-17,1678,1,0,0,nao,nao,Apresentação,6798
REQ 3104/2022,Deputado Leandro Grass,Requer informações ao Instituto Brasília Ambiental acerca do processo de criação do parque distrital pedra dos amigos e do monumento natural distrital da encosta.,2022-02-22,1673,3,0,0,sim,sim,Apresentação,6813
REQ 3105/2022,Deputada Arlete Sampaio,"Requer informações ao Governo do Distrito Federal, por intermédio da Secretaria de Saúde do Distrito Federal, do descumprimento da Lei Distrital 6.389 de 25 de setembro de 2019.",2022-02-22,1673,3,0,0,sim,sim,Apresentação,6822
REQ 3109/2022,Deputada Arlete Sampaio,"Requer informações ao Governo do Distrito Federal, por intermédio da Secretaria de Saúde do Distrito Federal, do funcionamento da Zoonose no Distrito Federal. ",2022-02-22,1673,3,0,0,sim,sim,Apresentação,6834
REQ 3113/2022,Deputado Professor Reginaldo Veras,Requer informações à Secretaria de Estado de Saúde do Distrito Federal acerca dos critérios adotados para a ampliação de carga horária dos servidores efetivos.,2022-02-23,1672,3,0,0,sim,sim,Apresentação,6875
REQ 3114/2022,Deputado Leandro Grass,Requer informações à Administração Regional do Guará acerca de obra na pista central do Guará II (RA X).,2022-02-23,1672,3,0,0,sim,sim,Apresentação,6878
REQ 3127/2022,Deputada Arlete Sampaio,"REQUER ENCAMINHAMENTO DE INFORMAÇÕES SOBRE REGULAMENTAÇÃO E IMPLEMENTAÇÃO DA LEI Nº 6.886, DE 05 DE JULHO DE 2021.",2022-02-24,1671,3,0,0,sim,sim,Apresentação,6912
REQ 3129/2022,Deputado Roosevelt Vilela,"Requer informações à Polícia Militar do Distrito Federal sobre renovação de contrato dos policiais designados para o serviço ativo, especialmente a intenção de renovação por parte da Corporação e as etapas desse processo.",2022-03-03,1664,3,0,0,sim,sim,Apresentação,6907
REQ 3133/2022,Deputado Reginaldo Sardinha,"Requer o encaminhamento de solicitação de informações ao Ilustríssimo Senhor Secretário de Estado de Administração Penitenciária do Distrito Federal, acerca da alteração da Portaria 370, de 31/10/2021, que versa sobre o Serviço Voluntário Gratificados de Execução Penal, para ampliar o rol de Policiais Penais aptos à habilitação ao serviço voluntário.

",2022-03-03,1664,3,0,0,sim,sim,Apresentação,6933
REQ 3134/2022,Deputada Arlete Sampaio,"Requer informações ao Governo do Distrito Federal, por intermédio da Secretaria de Saúde do Distrito Federal, do funcionamento do atendimento em saúde da pessoa Idosa realizado pela SES/DF.",2022-03-03,1664,3,0,0,sim,sim,Apresentação,6932
REQ 3135/2022,Deputado Professor Reginaldo Veras,"Requer informações ao Governo do Distrito Federal, por intermédio da Secretaria do Meio Ambiente,  sobre os estudos feitos pela Finatec/UNB e Coordenado por aquela Secretaria de Estado.",2022-03-08,1659,3,0,0,sim,sim,Apresentação,6950
REQ 3139/2022,Deputada Arlete Sampaio,"REQUER AO GOVERNO DO DISTRITO  FEDERAL POR INTERMÉDIO DA SECRETARIA DE DESENVOLVIMENTO SOCIAL	ENCAMINHAMENTO DE INFORMAÇÕES SOBRE À NOMEAÇÃO DE CONCURSADOS E REALIZAÇÃO DO CURSO DE FORMAÇÃO DOS AGENTES SOCIAIS E EDUCADORES APROVADOS NO ÚLTIMO CONCURSO PÚBLICO.
",2022-03-08,1659,3,0,0,sim,sim,Apresentação,6980
REQ 3142/2022,Deputado Fábio Felix,"Solicita informações à Companhia de Saneamento Ambiental do Distrito Federal referentes aos testes químicos de potabilidade da água fornecida no âmbito do Distrito Federal.
",2022-03-08,1659,3,0,0,sim,sim,Apresentação,6975
REQ 3143/2022,Deputado Leandro Grass,Requer informações à Administração Regional de Vicente Pires (RA XXX) acerca do Alvará provisório para ambulantes nº 08/2021.,2022-03-08,1659,3,0,0,sim,sim,Apresentação,6947
REQ 3149/2022,Deputado Delmasso,"REQUER INFORMAÇÕES À ADMINISTRAÇÃO DO PLANO PILOTO REFERENTE AO CUMPRIMENTO E APLICAÇÃO DA LEI COMPLEMENTAR Nº 984, DE 18 DE MARÇO DE 2021 QUE CONCEITUA E ESTABELECE CONDIÇÕES PARA O FUNCIONAMENTO DE ESTABELECIMENTOS MÉDICO-VETERINÁRIOS DE ATENDIMENTO A ANIMAIS DE ESTIMAÇÃO DE PEQUENO PORTE NA REGIÃO ADMINISTRATIVA DO PLANO PILOTO - RA I , DETERMINANDO AS EXIGÊNCIAS MÍNIMAS PARA ESTE FIM, E DÁ OUTRAS PROVIDÊNCIAS.",2022-03-09,1658,3,0,0,sim,sim,Apresentação,6990
REQ 315/2023,Deputada Dayse Amarilio,"Requer informações à Secretaria de Estado de Saúde do Distrito Federal acerca dos problemas no atendimento no Hospital Materno Infantil de Brasília - HMIB.
",2023-03-21,1281,3,0,0,sim,sim,Apresentação,11450
REQ 3151/2022,Deputado Delmasso,"Requer à Mesa Diretora, por intermédio da Procuradoria Geral da Câmara Legislativa do Distrito Federal, que solicite informações junto ao Egrégio Tribunal de Contas do Distrito Federal.",2022-03-09,1658,5,0,0,sim,sim,Apresentação,6979
REQ 3154/2022,Deputado Leandro Grass,Requer informações à Secretaria de Estado de Educação acerca do quantitativo de Educadores Sociais Voluntários e Monitores de Gestão Educacional para atender estudantes do Ensino Médio. ,2022-03-10,1657,3,0,0,sim,sim,Apresentação,7029
REQ 3173/2022,Deputado Roosevelt Vilela,"Requer informações à Polícia Militar do Distrito Federal sobre os possíveis impactos da decisão em relação às interpretações legais da Lei nº 12.086/2009 no âmbito da Polícia Militar do Distrito Federal, bem como informações acerca de quais ações serão adotadas pela corporação frente à Decisão nº 408/2022 do Tribunal de Contas do Distrito Federal.",2022-03-15,1652,4,1,0,sim,sim,Apresentação,7058
REQ 3174/2022,Deputado Leandro Grass,Requer ao Instituto de Gestão Estratégica da Saúde do Distrito Federal (IGES-DF) informações sobre o fechamento de leitos de UTI no Hospital Regional de Santa Maria.,2022-03-15,1652,3,0,0,sim,sim,Apresentação,7118
REQ 3175/2022,Deputado Leandro Grass,Requer à Secretaria de Estado de Obras do Distrito Federal informações sobre obras executadas na Região Administrativa de Vicente Pires (RA-XXX) na forma que especifica.,2022-03-15,1652,3,0,0,sim,sim,Apresentação,7111
REQ 3177/2022,Deputado Leandro Grass,"Requer à Administração Regional de Vicente Pires (RA-XXX) informações sobre as obras realizadas na região, na forma que especifica.",2022-03-15,1652,3,0,0,sim,sim,Apresentação,7112
REQ 3178/2022,Deputada Arlete Sampaio,"Requer Informações ao Secretário de Estado de Administração Penitenciária do Distrito Federal acerca das denúncias de torturas sofrida pelo cidadão Sr. Luiz Paulo da Silva Pereira, na Ala A do Centro de Progressão Penitenciária da Papuda, Distrito Federal. ",2022-03-15,1652,4,1,0,sim,sim,Apresentação,7109
REQ 3179/2022,Deputado Reginaldo Sardinha,"Requer o encaminhamento de solicitação de informações ao Ilustríssimo Senhor Secretário de Estado de Administração Penitenciária do Distrito Federal, acerca da denúncia de abandono das máquinas de lavar e secar, adquiridas para higienização das roupas dos presos.",2022-03-15,1652,3,0,0,sim,sim,Apresentação,7061
REQ 318/2023,Deputado Pastor Daniel de Castro,Requer informações à Secretaria de Estado de Esporte e Lazer acerca do programa Compete Brasília. ,2023-03-21,1281,3,0,0,sim,sim,Apresentação,11423
REQ 3181/2022,Deputado Eduardo Pedrosa,"Requer o encaminhamento de pedido de informações a Secretaria de Estado de Turismo do Distrito Federal, sobre os contratos que especifica, notadamente aqueles relativos à contratação de despesas para realização e ou apoio ao evento denominado Expotchê, ocorrido no ano de 2021.",2022-03-16,1651,3,0,0,sim,sim,Apresentação,6962
REQ 3182/2022,Deputado Eduardo Pedrosa,"Requer o encaminhamento de pedido de informações à Secretaria de Estado de Turismo do Distrito Federal sobre os contratos que especifica, notadamente aqueles relativos às despesas com a realização e ou apoio ao evento denominado Turismo Conectado, ocorrido no ano de 2021, bem como cópia integral e autêntica dos autos do processo SEI 04009-0000000250/2021-17.",2022-03-16,1651,3,0,0,sim,sim,Apresentação,6964
REQ 3183/2022,Deputado Eduardo Pedrosa,"Requer o encaminhamento de pedido de informações à Secretaria de Estado de Turismo do Distrito Federal sobre os contratos que especifica, notadamente aqueles abrangidos pela Operação El Dorado, deflagrada pela Polícia Civil do DF em setembro de 2021.",2022-03-16,1651,3,0,0,sim,sim,Apresentação,6961
REQ 319/2023,Deputado Fábio Felix,Requer à Secretaria de Estado de Obras e Infraestrutura informações a respeito das obras do Túnel e Boulevard da Av. Central de Taguatinga,2023-03-21,1281,3,0,0,sim,sim,Apresentação,11419
REQ 3190/2022,Deputado Leandro Grass,"Requer informações à Secretaria de Estado de Educação sobre a falta de Professor de Matemática no Centro Educacional do Lago (CEL), no Lago Sul (RA-I).",2022-03-22,1645,3,0,0,sim,sim,Apresentação,7164
REQ 3193/2022,"Deputado Leandro Grass, Deputado Leandro Grass, Deputado Leandro Grass",Requer ao Instituto de Gestão Estratégica de Saúde (IGES-DF) informações sobre a sua gestão.,2022-03-22,1645,5,0,0,sim,sim,Apresentação,7172
REQ 3194/2022,Deputado Leandro Grass,Requer à Secretaria de Estado de Educação informações sobre o Monitores nas Creches da Secretaria de Educação.,2022-03-22,1645,3,0,0,sim,sim,Apresentação,7222
REQ 3197/2022,Deputado Leandro Grass,Requer informações à Secretaria de Estado de Educação acerca de doação de equipamentos de informática para a Escola Classe 116 de Santa Maria (RA XIII).,2022-03-22,1645,3,0,0,sim,sim,Apresentação,7169
REQ 320/2023,Deputado Fábio Felix,"Requer informações da Secretaria de Estado de Justiça e Cidadania do Distrito Federal -SEJUS, sobre os dados do Disque 100, na forma que especifica.",2023-03-21,1281,3,0,0,sim,sim,Apresentação,11143
REQ 3200/2022,Deputada Arlete Sampaio,Requer Informações ao Secretário de Estado de  Obras e Infraestrutura do Distrito Federal acerca da reforma das estruturas do Edifício CONIC Brasília.,2022-03-22,1645,3,0,0,sim,sim,Apresentação,7238
REQ 3201/2022,Deputado Leandro Grass,Requer à Secretaria de Estado de Saúde informações sobre o Núcleo de Saúde Mental do SAMU-DF.,2022-03-22,1645,3,0,0,sim,sim,Apresentação,7235
REQ 3202/2022,Deputado Chico Vigilante,Requer o encaminhamento de solicitação de informações ao Serviço de Limpeza Urbana - SLU.,2022-03-22,1645,3,0,0,sim,sim,Apresentação,7239
REQ 321/2023,Deputado Fábio Felix,Requer informações a Secretaria de Estado do Esporte e Lazer do Distrito Federal – SEL  e Secretaria de Estado de Proteção da ordem urbanística do Distrito Federal sobre a demolição  do ginásio Cláudio Coutinho,2023-03-21,1281,3,0,0,sim,sim,Apresentação,11386
REQ 3213/2022,Deputada Arlete Sampaio,Requer Informações ao Secretário de Estado de Justiça e Cidadania do Distrito Federal acerca dos contratos de Scanner nas Unidades do Sistema Sócio Educativo do Distrito Federal.,2022-03-29,1638,3,0,0,sim,sim,Apresentação,7610
REQ 3216/2022,Deputado Leandro Grass,"Requer informações à Secretaria de Estado de Educação acerca do fornecimento de água para o Centro Educacional 01, localizado no Itapoã (RA XXVIII).",2022-03-31,1636,3,0,0,sim,sim,Apresentação,7689
REQ 3217/2022,Deputado Leandro Grass,Requer informações à Secretaria de Estado de Administração Penitenciária acerca de guarda-volumes para os visitantes do Complexo Penitenciário da Papuda.,2022-03-31,1636,3,0,0,sim,sim,Apresentação,7686
REQ 322/2023,Deputado Fábio Felix,"Requer informações da Secretaria de Estado de Justiça e Cidadania do Distrito Federal -SEJUS, sobre a implementação do Conselho Distrital de Promoção dos Direitos Humanos e Cidadania LGBT, na forma que especifica.
",2023-03-21,1281,3,0,0,sim,sim,Apresentação,11136
REQ 3223/2022,Deputado Fábio Felix,"Solicita informações ao Secretário de Mobilidade Urbana a respeito da fiscalização do cumprimento da Lei Distrital nº 6.677/2020, que ""Dispõe sobre os pontos de apoio para trabalhadores de aplicativos de entrega e de transporte individual privado de passageiros nas regiões administrativas do Distrito Federal"", regulamentada pelo Decreto nº 41.484/2020.",2022-04-05,1631,3,0,0,sim,sim,Apresentação,7258
REQ 3226/2022,Deputado Fábio Felix,"Solicita informações à Secretária de Estado da Mulher sobre as providências adotadas no que tange a aplicação das Leis Distritais provenientes da Comissão Parlamentar de Inquérito do Feminicídio da CLDF.

",2022-04-06,1630,3,0,0,sim,sim,Apresentação,6788
REQ 3227/2022,Deputado Fábio Felix,"Solicita informações à Secretaria de Estado de Saúde do Distrito Federal referentes à falta do medicamento insulina de ação ultra-rápida na farmácia de alto custo do Distrito Federal.
",2022-04-06,1630,3,0,0,sim,sim,Apresentação,4327
REQ 3228/2022,Deputado Fábio Felix,"Requer à Secretaria de Segurança Pública informações sobre o episódio de encerramento de festa privada supostamente em razão de manifestações políticas
",2022-04-06,1630,3,0,0,sim,sim,Apresentação,7758
REQ 3231/2022,Deputado Leandro Grass,"Requer informações à Companhia Imobiliária de Brasília (TERRACAP) acerca da Estrada São Bartolomeu, localizada no Altiplano Leste.",2022-04-06,1630,3,0,0,sim,sim,Apresentação,7781
REQ 3234/2022,Deputado Reginaldo Sardinha,"Requer o encaminhamento de solicitação de informações ao Ilustríssimo Senhor Secretário de Estado de Economia,  acerca da segurança e confiabilidade dos dados do Sistema Eletrônico de Informações (SEI).",2022-04-07,1629,3,0,0,sim,sim,Apresentação,7801
REQ 3235/2022,Deputado Leandro Grass,Requer informações à Secretaria de Estado de Saúde acerca de fila para realização de cirurgias eletivas no Distrito Federal.,2022-04-07,1629,3,0,0,sim,sim,Apresentação,7804
REQ 3236/2022,Deputado Fábio Felix,Requer informações à Secretaria de Segurança Pública e ao Comando da Polícia Militar do Distrito Federal acerca do contrato para aquisição de capacetes customizados.,2022-04-07,1629,3,0,0,sim,sim,Apresentação,4449
REQ 3237/2022,Deputado Fábio Felix,"Solicita informações ao Governo do Distrito Federal sobre o cumprimento e fiscalização da Lei nº 2.365 de 04 de maio de 1999, que dispõe sobre a inclusão de obras de arte nas edificações de uso público ou coletivo, alterada pela Lei nº 2.691, de 21 de fevereiro de 2001, regulamentada pelo Decreto nº 27.328, de 19 de outubro de 2006.",2022-04-07,1629,3,0,0,sim,sim,Apresentação,6970
REQ 3238/2022,Deputado Fábio Felix,"Solicita informações à Secretaria de Estado de Economia e  à Secretaria de Desenvolvimento Urbano e Habitação do Distrito Federal a respeito da locação de imóveis não residenciais para uso pela Administração Pública.
",2022-04-07,1629,3,0,0,sim,sim,Apresentação,4066
REQ 3239/2022,Deputado Fábio Felix,"Solicita informações à Secretaria de Estado de Saúde do Distrito Federal a respeito da normatização e regulamentação do funcionamento do Ambulatório de Diversidades, instalado no Hospital Materno-Infantil de Brasília (HMIB)",2022-04-07,1629,3,0,0,sim,sim,Apresentação,3706
REQ 3248/2022,Deputado Leandro Grass,Requer à Administração Regional de Santa Maria (RA XIII) informações acerca de áreas sugeridas pela Coordenação Regional de Ensino de Santa Maria para a construção de escolas.,2022-04-12,1624,3,0,0,sim,sim,Apresentação,7863
REQ 3249/2022,Deputado Delmasso,"Requer à Mesa Diretora que solicite informações à Companhia Urbanizadora da Nova Capital do Brasil - NOVACAP, sobre o não cumprimento da Lei n° 6.915/2021, que cria a política pública de participação das organizações da sociedade civil no apoio à manutenção de espaços públicos no Distrito Federal, denominada Nossa Quadra. juntamente com o Decreto n° 42.790/2021, que Regulamenta a Lei nº 6.915, de 28 de julho de 2021, que cria a política pública de participação das organizações da sociedade civil no apoio à manutenção de espaços públicos no Distrito Federal, denominada Nossa Quadra.",2022-04-12,1624,3,0,0,sim,sim,Apresentação,7873
REQ 325/2023,Deputada Paula Belmonte,"Requeiro informações ao Governo do Distrito Federal, por intermédio da Casa Civil, sobre a qualidade dos materiais utilizados em operações tapa buracos e de compactação de vias em áreas de regularização, na forma que especifica.",2023-03-22,1280,3,0,0,sim,sim,Apresentação,11425
REQ 3260/2022,Deputado Reginaldo Sardinha,"Requer o encaminhamento de solicitação de informações ao Ilustríssimo Senhor Presidente do Instituto do Meio Ambiente e dos Recursos Hídricos do Distrito Federal — Brasília Ambiental acerca da implementação do Parque Ecológico das Sucupiras, criado pelo Decreto nº 25.926/2005, no Setor Sudoeste – RA XXII.",2022-04-19,1617,3,0,0,sim,sim,Apresentação,7905
REQ 3266/2022,Deputado Roosevelt Vilela,"Requer informações ao Governador do Distrito Federal, acerca da proposta de recomposição salarial das Forças de Segurança Pública do Distrito Federal encaminhada ao Governo Federal.",2022-04-19,1617,8,4,0,nao,sim,Apresentação,7921
REQ 3267/2022,Deputado Roosevelt Vilela,"Requer informações à Secretaria de Estado de Economia do Distrito Federal, acerca da proposta de recomposição salarial das Forças de Segurança Pública do Distrito Federal encaminhada ao Governo Federal.",2022-04-19,1617,8,5,0,sim,sim,Apresentação,7934
REQ 3273/2022,Deputado Leandro Grass,Requer informações à Secretaria de Estado de Educação do Distrito Federal acerca de orientação para que professores excluam os registros referentes às aulas online na pandemia.,2022-04-20,1616,3,0,0,sim,sim,Apresentação,7949
REQ 3275/2022,Deputada Arlete Sampaio,REQUER ENCAMINHAMENTO DE INFORMAÇÕES SOBRE A REGULAMENTAÇÃO DA LEI Nº 7.067/2022.,2022-04-20,1616,3,0,0,sim,sim,Apresentação,7932
REQ 3282/2022,Deputada Arlete Sampaio,"Requer Informações à Secretária de Estado de Educação do Distrito Federal acerca da destinação dos valores repassados para o GDF pela União para Assistência Financeira para a Garantia de Acesso à Internet, com Fins Educacionais, aos Alunos e aos Professores da Educação Básica Pública - Lei nº 14.172, de 10 de Junho de 2021. ",2022-04-26,1610,3,0,0,sim,sim,Apresentação,7991
REQ 3284/2022,Deputado Leandro Grass,Requer informações à Companhia de Saneamento Ambiental do Distrito Federal (CAESB) acerca da estação de captação de água do Lago Paranoá localizada no SMLN ML 4.,2022-04-27,1609,3,0,0,sim,sim,Apresentação,8000
REQ 3285/2022,Deputado Leandro Grass,"Requer informações à Companhia Imobiliária de Brasília (TERRACAP) acerca do processo de implementação do Setor Habitacional Taquari 1ª Etapa Trecho 2, localizado no Lago Norte (RA XVIII).",2022-04-27,1609,3,0,0,sim,sim,Apresentação,8001
REQ 3286/2022,Deputado Leandro Grass,"Requer informações à Secretaria de Desenvolvimento Urbano e Habitação do Distrito Federal acerca do processo de implementação do Setor Habitacional Taquari 1ª Etapa Trecho 2, localizado no Lago Norte (RA XVIII).",2022-04-27,1609,3,0,0,sim,sim,Apresentação,8003
REQ 3287/2022,Deputado Leandro Grass,Requer informações à Secretaria de Estado de Meio Ambiente acerca do Conselho da Área de Proteção Ambiental do Lago Paranoá. ,2022-04-27,1609,3,0,0,sim,sim,Apresentação,8004
REQ 3288/2022,Deputado Leandro Grass,Requer informações ao Instituto de Gestão Estratégica de Saúde do Distrito Federal acerca de falta de medicamentos para tratamento oncológico.,2022-04-27,1609,3,0,0,sim,sim,Apresentação,8006
REQ 3291/2022,Deputado Reginaldo Sardinha,Requer o encaminhamento de solicitação de informações à Excelentíssima Senhora Secretária de Estado de Educação do Distrito Federal.,2022-04-28,1608,3,0,0,sim,sim,Apresentação,8016
REQ 3292/2022,Deputado Leandro Grass,Requer informações à Secretaria de Estado de Economia do Distrito Federal acerca do Programa de Recuperação Fiscal (REFIS).,2022-04-28,1608,3,0,0,sim,sim,Apresentação,8025
REQ 3293/2022,Deputado Leandro Grass,Requer informações ao Corpo de Bombeiros Militar do Distrito Federal acerca da aplicação da Lei Federal nº 13967/2019.,2022-04-28,1608,3,0,0,sim,sim,Apresentação,8040
REQ 3294/2022,Deputada Arlete Sampaio,"Requer ao Serviço de Limpeza Urbana - SLU informações sobre os contratos firmados com as empresas que recolhem os resíduos sólidos orgânicos no distrito federal, ressaltando os critérios de pagamentos.",2022-04-28,1608,3,0,0,sim,sim,Apresentação,8027
REQ 3295/2022,Deputado Roosevelt Vilela,"Requer informações ao Corpo de Bombeiros Militar do Distrito Federal, acerca de transferência de militares com  possíveis desvios de finalidade dos atos administrativos.",2022-04-28,1608,3,0,0,sim,sim,Apresentação,8029
REQ 330/2023,Deputada Dayse Amarilio,Requer informações à Secretaria de Estado de Mulheres do Distrito acerca do fluxo de atendimento nos Núcleos de Atendimento à Família e ao Autor de Violência Doméstica.,2023-03-28,1274,3,0,0,sim,sim,Apresentação,11549
REQ 3304/2022,Deputado Leandro Grass,Requer informações ao Instituto Brasília Ambiental (IBRAM) acerca dos recursos de compensação ambiental dos empreendimentos Quinhão 16 e Alto Mangueiral.,2022-05-03,1603,3,0,0,sim,sim,Apresentação,8055
REQ 3309/2022,"Deputado Leandro Grass, Deputado Leandro Grass",Requer informações à Secretária de Estado de Educação acerca da exoneração da Vice-Diretora do Centro Educacional nº 01 da Cidade Estrutural.,2022-05-10,1596,4,0,0,sim,sim,Apresentação,8100
REQ 331/2023,Deputada Dayse Amarilio,"Requer informações, à Secretaria de Estado da Mulher do Distrito Federal, acerca de cronograma de cursos de capacitação para os servidores dos equipamentos públicos administrados pela Secretaria.",2023-03-28,1274,3,0,0,sim,sim,Apresentação,11584
REQ 3310/2022,Deputado Leandro Grass,Requer informações à CEB Holding sobre a destinação dos recursos oriundos da venda da CEB Distribuição.,2022-05-10,1596,3,0,0,sim,sim,Apresentação,8107
REQ 3311/2022,Deputado Leandro Grass,Requer informações à Secretaria de Estado de Transporte e Mobilidade do Distrito Federal acerca da suspensão do Passe-Livre Estudantil.,2022-05-10,1596,3,0,0,sim,sim,Apresentação,8109
REQ 3312/2022,Deputado Leandro Grass,"Requer informações à Secretaria de Estado do Esporte e Lazer do Distrito Federal sobre os Programas, atividades e Fundos administrados pela referida secretaria e a seguir descritos: Programa Educador Esportivo Voluntário; Vestindo o Esporte; Compete Brasília; Escolas do Esporte; Jovem Candango; Programa Bolsa Atleta e Fundo de Apoio ao Esporte - FAE.

",2022-05-10,1596,3,0,0,sim,sim,Apresentação,8173
REQ 3318/2022,Deputado Leandro Grass,"Requer informações ao Instituto Brasília Ambiental sobre as licenças concedidas para realização de obras na rodovia DF 001, próximo ao Parque Bernardo Sayão.",2022-05-10,1596,3,0,0,sim,sim,Apresentação,8178
REQ 3328/2022,Deputado Leandro Grass,Requer informações ao Instituto de Gestão Estratégica de Saúde do Distrito Federal acerca do acompanhamento de parturientes no Hospital Regional de Santa Maria.,2022-05-17,1589,1,0,0,nao,nao,Apresentação,8225
REQ 334/2023,Deputada Dayse Amarilio,"Requer informações à Secretaria de Estado de Saúde do Distrito Federal acerca do pagamento das verbas rescisórias aos trabalhadores contratados pela Empresa BRA, quando de sua demissão.",2023-03-28,1274,3,0,0,sim,sim,Apresentação,11832
REQ 3340/2022,Deputado Chico Vigilante,Requeiro o encaminhamento de solicitação de informações à Secretaria de Desenvolvimento Social do Distrito Federal.,2022-05-18,1588,3,0,0,sim,sim,Apresentação,8267
REQ 3344/2022,Deputado Leandro Grass,Requer informações à Secretaria de Estado de Educação acerca da reforma do Centro de Ensino Médio 10 localizado em Ceilândia (RA IX).,2022-05-24,1582,3,0,0,sim,sim,Apresentação,8298
REQ 3345/2022,Deputado Leandro Grass,Requer informações à Secretaria de Estado de Transporte e Mobilidade do Distrito Federal acerca do Passe-Livre Estudantil dos estudantes do Qualifica DF. ,2022-05-24,1582,3,0,0,sim,sim,Apresentação,8333
REQ 3354/2022,Deputado Leandro Grass,Requer informações ao Instituto Brasília Ambiental acerca dos gastos com manutenção e investimento em unidades de conservação sob sua responsabilidade.,2022-05-25,1581,3,0,0,sim,sim,Apresentação,8371
REQ 3355/2022,Deputado Claudio Abrantes,"Solicita informações ao Delegado-Geral da Polícia Civil do Distrito Federal a respeito dos procedimentos e medidas que estão sendo adotados para garantir o devido cumprimento da legislação de proteção e integração da pessoa com deficiência no âmbito do EDITAL Nº 1 – PCDF, de 3 de dezembro de 2019 (Escrivão) e EDITAL Nº 1 – PCDF – AGENTE, de 30 de junho de 2020.",2022-05-25,1581,3,0,0,sim,sim,Apresentação,8345
REQ 3357/2022,Deputado Leandro Grass,"Requer informações à Controladoria-Geral do Distrito Federal acerca do cumprimento do disposto no artigo 88, § 3º, da Lei nº 6.934, de 5 de agosto de 2021.",2022-05-25,1581,3,0,0,sim,sim,Apresentação,8372
REQ 336/2023,Deputada Dayse Amarilio,"Requer informações à Secretaria de Estado de Saúde do Distrito Federal acerca da Portaria Conjunta nº 31, de 25 de março de 2022, das Secretarias de Estado de Saúde e Economia.",2023-03-28,1274,4,0,0,sim,sim,Apresentação,11872
REQ 3360/2022,Deputado Leandro Grass,Requer informações à Secretaria de Estado de Educação acerca dos registros referentes às aulas online realizadas durante a pandemia de Covid-19.,2022-05-31,1575,3,0,0,sim,sim,Apresentação,8462
REQ 3367/2022,Deputado Leandro Grass,"Requer informações ao Departamento de Trânsito do Distrito Federal acerca de instalação de quebra-molas na SEPN 507, Bloco C, Lote 03, W2 Norte.",2022-06-02,1573,5,2,0,sim,sim,Apresentação,8491
REQ 337/2023,Deputada Dayse Amarilio,Requer informações à Secretaria de Estado de Educação acerca do sistema de convocação dos professores temporários no início do ano letivo e outras que especifica.,2023-03-28,1274,3,0,0,sim,sim,Apresentação,11875
REQ 3371/2022,Deputado Leandro Grass,"Requer informações à Companhia de Saneamento Ambiental de Brasília - CAESB - informações sobre o saneamento básico na região do Setor Habitacional Mestre D´Armas, bem como dos Condomínios Estância Mestre D´Armas, em Planaltina.",2022-06-07,1568,3,0,0,sim,sim,Apresentação,8539
REQ 3373/2022,Deputado Leandro Grass,Requer informações à Secretaria de Estado de Cultura acerca de denúncias de ocupação irregular e grilagem de terras nas áreas do polo de cinema de Sobradinho (RA V).,2022-06-07,1568,3,0,0,sim,sim,Apresentação,8506
REQ 3374/2022,Deputado Leandro Grass,Requer informações à Secretaria de Estado de Proteção da Ordem Urbanística do Distrito Federal acerca de denúncias de ocupação irregular e grilagem de terras nas áreas do polo de cinema de Sobradinho (RA V).,2022-06-07,1568,3,0,0,sim,sim,Apresentação,8507
REQ 3375/2022,Deputado Leandro Grass,Requer informações à Companhia de Saneamento Ambiental do Distrito Federal acerca da revitalização das Estações de Tratamento de Esgoto Melchior e Samambaia.,2022-06-07,1568,3,0,0,sim,sim,Apresentação,8518
REQ 3376/2022,Deputado Leandro Grass,Requer informações à Polícia Civil do Distrito Federal acerca de denúncias de ocupação irregular e grilagem de terras nas áreas do polo de cinema de Sobradinho (RA V).,2022-06-07,1568,4,1,0,sim,sim,Apresentação,8515
REQ 3377/2022,Deputado Leandro Grass,"Requer informações à Agência Reguladora de Águas, Energia e Saneamento acerca de degradação ambiental na área da Lagoa da Pedra, localizada entre o Polo de Cinema e o Condomínio Alto da Boavista em Sobradinho (RA V).",2022-06-07,1568,3,0,0,sim,sim,Apresentação,8516
REQ 3378/2022,Deputado Leandro Grass,"Requer informações ao Secretário de Estado de Saúde do Distrito Federal acerca do disposto no artigo 142-D da Portaria GM/MS nº1.105, de 15 de maio de 2022.",2022-06-07,1568,4,1,0,sim,sim,Apresentação,8554
REQ 338/2023,Deputada Dayse Amarilio,"Requer informações à Secretaria de Estado de Planejamento, Orçamento e Administração do Distrito Federal acerca da Portaria Conjunta nº 31, de 25 de março de 2022, das Secretarias de Estado de Saúde e Economia.",2023-03-28,1274,3,0,0,sim,sim,Apresentação,11874
REQ 3380/2022,Deputado Leandro Grass,"Requer informações ao Secretário de Estado de Saúde sobre o atendimento de saúde na família na região de Mestre D´Armas, em Planaltina.",2022-06-07,1568,3,0,0,sim,sim,Apresentação,8538
REQ 3383/2022,Deputado Leandro Grass,Requer informações à Administração Regional de Planaltina acerca da poda do mato localizado no Módulo C do Condomínio Recanto do Sossego ao lado da BR-020 em Planaltina (RA VI).,2022-06-08,1567,3,0,0,sim,sim,Apresentação,8556
REQ 3384/2022,Deputado Leandro Grass,Requer informações à Secretaria de Estado de Mobilidade do Distrito Federal acerca de obras na Avenida Hélio Prates.,2022-06-08,1567,3,0,0,sim,sim,Apresentação,8572
REQ 3385/2022,Deputado Leandro Grass,Requer informações à Secretaria de Estado de Obras e Infraestrutura do Distrito Federal acerca de obras na Avenida Hélio Prates.,2022-06-08,1567,3,0,0,sim,sim,Apresentação,8574
REQ 3386/2022,Deputado Leandro Grass,Requer informações à Secretaria de Estado de Mobilidade do Distrito Federal acerca de redução de frotas de ônibus para a Universidade de Brasília.,2022-06-08,1567,3,0,0,sim,sim,Apresentação,8573
REQ 3395/2022,Deputado Leandro Grass,Requer informações à Secretaria de Estado de Educação acerca do cumprimento da Lei Federal nº 12.244/2010 no âmbito da rede de ensino pública do Distrito Federal.,2022-06-14,1561,3,0,0,sim,sim,Apresentação,8621
REQ 3409/2022,Deputado Leandro Grass,Requer informações ao Instituto Brasília Ambiental acerca do processo de ampliação das poligonais do Parque Sementes do Itapoã (RA XXVIII).,2022-06-21,1554,4,1,0,sim,sim,Apresentação,8673
REQ 3410/2022,Deputado Leandro Grass,Requer informações à Secretaria de Estado de Saúde acerca de falta de médicos nas Unidades Básicas de Saúde do Distrito Federal.,2022-06-21,1554,3,0,0,sim,sim,Apresentação,8687
REQ 3413/2022,Deputado Delmasso,"Requer informações à Secretaria de Estado de Saúde do Distrito Federal a respeito da carência no quadro de servidores, das seguintes categorias: Auxiliar Operacional de Serviços Diversos em laboratório, Técnicos de radiologia, Técnico administrativo, Técnicos de enfermagem e Motoristas.
",2022-06-22,1553,3,0,0,sim,sim,Apresentação,8684
REQ 3414/2022,Deputado Leandro Grass,Requer informações à Secretaria de Estado de Desenvolvimento Social do Distrito Federal acerca do Cartão Prato Cheio.,2022-06-23,1552,3,0,0,sim,sim,Apresentação,8736
REQ 3418/2022,Deputado Leandro Grass,Requer informações à Administração Regional de Vicente Pires acerca de obra na região da Rua 4A Conjunto 02 de Vicente Pires (RA XXX).,2022-06-28,1547,4,1,0,sim,sim,Apresentação,8768
REQ 3419/2022,Deputado Leandro Grass,Requer informações à Secretaria de Estado de Obras acerca de obra na região da Rua 4A Conjunto 02 de Vicente Pires (RA XXX).,2022-06-28,1547,4,1,0,sim,sim,Apresentação,8769
REQ 3420/2022,Deputado Leandro Grass,Requer informações à Secretaria de Estado de Saúde do Distrito Federal acerca dos exames de Eletrocardiograma.,2022-06-28,1547,3,0,0,sim,sim,Apresentação,8760
REQ 3421/2022,Deputada Arlete Sampaio,"Requer informações ao Governo do Distrito Federal, por intermédio da Secretaria de Saúde do Distrito Federal, do funcionamento do Ambulatório Trans.",2022-06-28,1547,3,0,0,sim,sim,Apresentação,8800
REQ 3434/2022,Deputado Leandro Grass,Requer informações ao Banco de Brasília acerca da função de advogado exercida na referida instituição financeira.,2022-06-29,1546,3,0,0,sim,sim,Apresentação,8812
REQ 3435/2022,Deputado Leandro Grass,Requer informações à Defensoria Pública do Distrito Federal acerca da modernização e reaparelhamento da instituição.,2022-06-30,1545,3,0,0,sim,sim,Apresentação,8847
REQ 3440/2022,Deputado Professor Reginaldo Veras,Requer informações ao Senhor Secretário de Estado de Economia do Distrito Federal acerca do critério adotado pelo Instituto AOCP na atribuição de notas das duas questões anuladas na prova objetiva do concurso público para o provimento do cargo de Polícia Penal do Distrito Federal. ,2022-08-02,1512,3,0,0,sim,sim,Apresentação,9043
REQ 3442/2022,Deputado Fábio Felix,"Solicita informações à Defensoria Pública do Distrito Federal, sobre o quadro de pessoal, as demandas e atribuições orgânicas e funcionais da  Subsecretaria de Atividade Psicossocial – SUAP, órgão auxiliar da Defensoria Pública do Distrito Federal – DPDF. ",2022-08-02,1512,3,0,0,sim,sim,Apresentação,8965
REQ 3443/2022,Deputado Leandro Grass,Requer informações ao Banco de Brasília (BRB) acerca de perdas operacionais em 2022.,2022-08-02,1512,3,0,0,sim,sim,Apresentação,8928
REQ 3444/2022,Deputado Leandro Grass,"Requer informações à Secretaria de Estado do Meio Ambiente acerca de novos empreendimentos no Setor Habitacional Tororó, localizado no Jardim Botânico (RA XXVII).",2022-08-02,1512,4,1,0,sim,sim,Apresentação,8908
REQ 3445/2022,Deputado Leandro Grass,Requer informações ao Instituto Brasília Ambiental acerca do estudo para recriação do Parque Ecológico Canela de Ema em Sobradinho II (RA XXVI).,2022-08-02,1512,3,0,0,sim,sim,Apresentação,8925
REQ 3446/2022,Deputado Leandro Grass,Requer informações à Secretaria de Estado de Obras e Infraestrutura do Distrito Federal acerca de obra na região da Rua 4A Conjunto 02 de Vicente Pires (RA XXX).,2022-08-02,1512,3,0,0,sim,sim,Apresentação,8973
REQ 3447/2022,Deputado Leandro Grass,Requer informações à Secretaria de Estado de Administração Penitenciária do Distrito Federal acerca de entrega de medicamentos de uso contínuo para os presidiários e detentos.,2022-08-02,1512,3,0,0,sim,sim,Apresentação,8932
REQ 3448/2022,Deputado Leandro Grass,"Requer informações acerca da edição da Portaria nº 140, de 5 de julho de 2022.",2022-08-02,1512,3,0,0,sim,sim,Apresentação,8950
REQ 3449/2022,Deputado Leandro Grass,"Requer informações ao Serviço de Limpeza Urbana - SLU, acerca da coleta de lixo em frente ao acampamento Carlos Lamarca, na DF-130, próximo ao Núcleo Rural Rajadinha.",2022-08-02,1512,3,0,0,sim,sim,Apresentação,9035
REQ 3452/2022,Deputado Fábio Felix,"Solicita informações à Companhia de Desenvolvimento Habitacional do Distrito Federal - CODHAB sobre regularização fundiária, bem como construção e entrega de novas unidades habitacionais em 2022. ",2022-08-02,1512,3,0,0,sim,sim,Apresentação,8714
REQ 3453/2022,Deputado Fábio Felix,"Solicita informações à Companhia de Desenvolvimento Habitacional do Distrito Federal -  CODHAB/DF, sobre entrega de unidades habitacionais referentes à  Política de Desenvolvimento Habitacional do Distrito Federal. ",2022-08-02,1512,3,0,0,sim,sim,Apresentação,8294
REQ 346/2023,Deputado Fábio Felix,"Requer informações à Secretaria de Estado de Justiça e Cidadania sobre os encaminhamentos dados às denúncias de violações de direitos humanos, bem como sobre o funcionamento e manutenção das câmeras de segurança e scanners, nas unidades de internação do Distrito Federal.
",2023-03-28,1274,3,0,0,sim,sim,Apresentação,11512
REQ 3464/2022,Deputado Leandro Grass,"Requer informações à Secretaria de Estado de Desenvolvimento Urbano e Habitação do Distrito Federal acerca de novos empreendimentos no Setor Habitacional Tororó, localizado no Jardim Botânico (RA XXVII).",2022-08-04,1510,4,1,0,sim,sim,Apresentação,8906
REQ 3466/2022,Deputado Professor Reginaldo Veras,"Requer informações ao Senhor Presidente da Companhia de Saneamento Ambienta do Distrito Federal - CAESB, informações acerca de convocação de aprovados em concurso público.

 

",2022-08-04,1510,3,0,0,sim,sim,Apresentação,9084
REQ 347/2023,Deputada Dayse Amarilio,Requer informações à Secretaria de Estado de Saúde acerca da distribuição de medicamentos às unidades de saúde do Distrito Federal.,2023-03-28,1274,3,0,0,sim,sim,Apresentação,11912
REQ 3470/2022,Deputado Leandro Grass,Requer informações à Fundação Jardim Zoológico de Brasília acerca do fim de seu contrato de gestão.,2022-08-09,1505,3,0,0,sim,sim,Apresentação,9096
REQ 3474/2022,Deputado Leandro Grass,Requer informações à Secretaria de Estado de Educação acerca da Educação de Jovens e Adultos (EJA) da rede pública do Distrito Federal.,2022-08-10,1504,3,0,0,sim,sim,Apresentação,9130
REQ 3475/2022,Deputado Leandro Grass,"Requer informações à Companhia Imobiliária de Brasília (TERRACAP) acerca de recomendação de suspensão de implementação do Setor Habitacional Taquari Etapa I Trecho 2, localizado no Lago Norte (RA XVIII).",2022-08-10,1504,3,0,0,sim,sim,Apresentação,9127
REQ 3477/2022,Deputado Leandro Grass,"Requer informações à Secretaria de Estado de Desenvolvimento Urbano e Habitação do Distrito Federal acerca da entrega de equipamentos públicos do Itapoã Parque, localizado no Itapoã (RA XXVIII).",2022-08-11,1503,3,0,0,sim,sim,Apresentação,9149
REQ 3479/2022,Deputado Leandro Grass,Requer informações à Secretaria de Estado de Educação acerca de emendas parlamentares do Programa de Descentralização Administrativa e Financeira (PDAF).,2022-08-16,1498,3,0,0,sim,sim,Apresentação,9191
REQ 3480/2022,Deputado Leandro Grass,"Requer informações à Secretaria de Estado da Mulher do Distrito Federal acerca do prédio que abriga a Casa da Mulher Brasileira, na Região Administrativa da Ceilândia.",2022-08-16,1498,3,0,0,sim,sim,Apresentação,9181
REQ 3481/2022,Deputado Leandro Grass,Requer informações à Companhia de Saneamento Ambiental do Distrito Federal acerca do fornecimento de água para os moradores da rua contorno do Parque do Setor Tradicional São Sebastião (RA XIV).,2022-08-16,1498,4,1,0,sim,sim,Apresentação,9179
REQ 3485/2022,Deputado Reginaldo Sardinha,"Requer o encaminhamento de solicitação de informações ao Excelentíssimo Senhor Secretário de Estado de Segurança Pública do Distrito Federal, acerca das providências administrativas tomadas para o Curso de Formação Profissional e homologação do Concurso Público para provimento dos cargos de Agente de Polícia da Polícia Civil do Distrito Federal.",2022-08-16,1498,3,0,0,sim,sim,Apresentação,9188
REQ 3486/2022,Deputado Leandro Grass,"Requer informações à Direção Geral da Polícia Civil acerca do concurso público em andamento, para a seleção de agentes e escrivães de Polícia.",2022-08-17,1497,4,1,0,sim,sim,Apresentação,9214
REQ 3487/2022,Deputado Leandro Grass,Requer informações ao Departamento de Estradas e Rodagem do Distrito Federal acerca dos planos de ocupação das faixas de domínio das rodovias de sua responsabilidade.,2022-08-17,1497,3,0,0,sim,sim,Apresentação,9217
REQ 3488/2022,Deputado Leandro Grass,Requer informações à Secretaria de Estado de Saúde do Distrito Federal acerca da atenção primária da população e das Equipes de Saúde da Família.,2022-08-23,1491,3,0,0,sim,sim,Apresentação,9252
REQ 3489/2022,Deputado Leandro Grass,Requer informações à Polícia Militar do Distrito Federal acerca do aumento de violência em escolas de gestão compartilhada com a Polícia Militar do Distrito Federal.,2022-08-23,1491,3,0,0,sim,sim,Apresentação,9251
REQ 3490/2022,Deputado Leandro Grass,"Requer informações à Secretaria de Estado de Transporte e Mobilidade do Distrito Federal acerca de transporte escolar que atende estudantes da Área Isolada Guariroba, localizada na Samambaia Sul (RA XII).",2022-08-23,1491,3,0,0,sim,sim,Apresentação,9243
REQ 3491/2022,Deputado Leandro Grass,"Requer informações à Secretaria de Estado de Saúde do Distrito Federal acerca de abertura de inscrição para solicitação de órteses, próteses, meios auxiliares de locomoção e materiais especiais ambulatoriais. ",2022-08-23,1491,3,0,0,sim,sim,Apresentação,9246
REQ 3492/2022,Deputado Leandro Grass,Requer informações à Secretaria de Estado de Educação acerca do aumento de violência em escolas de gestão compartilhada com a Polícia Militar do Distrito Federal.,2022-08-23,1491,3,0,0,sim,sim,Apresentação,9247
REQ 3494/2022,Deputado Leandro Grass,Requer informações à Secretaria de Estado de Educação do Distrito Federal acerca do preenchimento de vagas remanescentes nos Centros Interescolares de Línguas.,2022-08-24,1490,3,0,0,sim,sim,Apresentação,9288
REQ 350/2023,Deputada Dayse Amarilio,"Requer informações à Secretaria de Estado de Educação acerca da distribuição de monitores e educadores sociais voluntários para a Escola Classe nº 5, da Vila Vicentina, em Planaltina/DF.",2023-03-30,1272,3,0,0,sim,sim,Apresentação,11966
REQ 3502/2022,Deputado Leandro Grass,Requer informações ao Instituto Brasília Ambiental acerca do Hospital Veterinário Público do Distrito Federal.,2022-08-30,1484,3,0,0,sim,sim,Apresentação,9326
REQ 3503/2022,Deputada Arlete Sampaio,"Requer ao Serviço de Limpeza Urbana do Distrito Federal o encaminhamento de informações sobre destinação final dos resíduos recicláveis descartados pelos órgãos e pelas entidades da Administração Pública direta e indireta do Distrito Federal, na forma da Lei nº 4.792/2012.",2022-08-31,1483,3,0,0,sim,sim,Apresentação,9330
REQ 3504/2022,Deputada Arlete Sampaio,"Requer à Casa Civil do Distrito Federal o encaminhamento de informações sobre destinação final dos resíduos recicláveis descartados pelos órgãos e pelas entidades da Administração Pública direta e indireta do Distrito Federal, na forma da Lei nº 4.792/2012.",2022-08-31,1483,3,0,0,sim,sim,Apresentação,9331
REQ 3508/2022,Deputado Leandro Grass,Requer informações à Administração Regional do Paranoá acerca da derrubada do antigo prédio da Legião Brasileira de Assistência (LBA) localizado no Parque Vivencial do Paranoá.,2022-09-08,1475,3,0,0,sim,sim,Apresentação,9373
REQ 3509/2022,Deputado Leandro Grass,Requer informações à Secretaria de Estado de Cultura e Economia Criativa do Distrito Federal acerca da derrubada do antigo prédio da Legião Brasileira de Assistência (LBA) localizado no Parque Vivencial do Paranoá.,2022-09-08,1475,3,0,0,sim,sim,Apresentação,9374
REQ 351/2023,Deputada Dayse Amarilio,Requer informações à Secretaria de Estado de Saúde acerca do fluxo de distribuição de medicamentos às unidades de saúde do Distrito Federal,2023-03-30,1272,3,0,0,sim,sim,Apresentação,11963
REQ 3511/2022,Deputado Leandro Grass,Requer informações ao Instituto Brasília Ambiental (IBRAM) acerca da derrubada do antigo prédio da Legião Brasileira de Assistência (LBA) localizado no Parque Vivencial do Paranoá.,2022-09-13,1470,3,0,0,sim,sim,Apresentação,9370
REQ 3512/2022,Deputado Leandro Grass,Requer informações à Secretaria de Educação acerca de uso de carimbo em aluno que já comeram a merenda escolar no Centro Educacional 3 de Planaltina e de relatos de falta de merenda em escolas públicas do Distrito Federal,2022-09-13,1470,3,0,0,sim,sim,Apresentação,9395
REQ 3513/2022,Deputado Leandro Grass,Requer informações à Secretaria de Estado de Saúde do Distrito Federal acerca do descarte de mais de 140.000 (cento e quarenta mil) doses de vacina contra a Covid-19.,2022-09-13,1470,3,0,0,sim,sim,Apresentação,9400
REQ 3514/2022,Deputado Leandro Grass,Requer informações à Secretaria de Estado de Saúde do Distrito Federal acerca da atuação de voluntários no Centro de Zoonose do Distrito Federal.,2022-09-14,1469,1,0,0,nao,nao,Apresentação,9410
REQ 3517/2022,Deputado Leandro Grass,Requer informações à Secretaria de Estado de Transporte e Mobilidade Urbana do Distrito Federal acerca de frotas de ônibus para a Universidade de Brasília.,2022-09-20,1463,3,0,0,sim,sim,Apresentação,9425
REQ 3520/2022,Deputado Leandro Grass,Requer informações à Secretaria de Estado de Saúde acerca de fila na marcação de consultas no Hospital Regional da Asa Norte (HRAN). ,2022-09-22,1461,3,0,0,sim,sim,Apresentação,9467
REQ 3522/2022,Deputado Chico Vigilante,"Requeiro o encaminhamento de
solicitação de informações ao Poder
Executivo, por intermédio da
Companhia Urbanizadora da Nova
Capital do Brasil - Novacap.",2022-09-27,1456,3,0,0,sim,sim,Apresentação,9479
REQ 3529/2022,Deputado Leandro Grass,Requer informações à Secretaria de Estado de Comunicação do Distrito Federal acerca do relatório trimestral de gastos com publicidade institucional.,2022-10-06,1447,3,0,0,sim,sim,Apresentação,9527
REQ 3531/2022,Deputado Leandro Grass,"Requer informações à Secretaria de Estado de Assistência Social acerca da retirada de família da área da QNR 06, na região administrativa da Ceilândia.",2022-10-11,1442,4,0,0,sim,sim,Apresentação,9537
REQ 3536/2022,"Deputada Júlia Lucy, Deputado Iolando, Deputado Robério Negreiros, Deputado Hermeto","Requer a realização de Sessão Solene no dia 24 de outubro de 2022, às 15h, no Plenário desta casa, em homenagem ao Dia das NAÇÕES UNIDAS e dos 50 Anos que a Assembleia Geral das Nações Unidas decidiu instituir o ""Dia Mundial de Informação sobre o Desenvolvimento"".",2022-10-18,1435,4,0,0,nao,sim,Apresentação,9556
REQ 3539/2022,Deputado Leandro Grass,Requer informações à Secretaria de Estado da Mulher do Distrito Federal acerca do atendimento do Núcleo de Atendimento à Família e aos Autores de Violência Doméstica (NAFAVD).,2022-10-19,1434,4,1,0,sim,sim,Apresentação,9593
REQ 3541/2022,Deputado Leandro Grass,Requer informações ao Instituto de Gestão Estratégica do Distrito Federal acerca de fila para atendimento no Hospital Regional de Santa Maria,2022-10-20,1433,3,0,0,sim,sim,Apresentação,9601
REQ 3542/2022,Deputado Leandro Grass,Requer informações ao Banco de Brasília acerca de investimentos na cultura no Distrito Federal.,2022-10-25,1428,4,0,0,sim,sim,Apresentação,9619
REQ 3543/2022,Deputado Leandro Grass,Requer informações à Secretaria de Estado de Cultura acerca de investimentos do Banco de Brasília na cultura no Distrito Federal.,2022-10-25,1428,3,0,0,sim,sim,Apresentação,9620
REQ 3544/2022,Deputado Leandro Grass,Requer informações ao Secretário de Estado de Transporte e Mobilidade acerca do reajuste da tarifa de utilização para as linhas de curta e longa distância que utilizam o Terminal Rodoviário Interestadual do Distrito Federal.,2022-10-25,1428,3,0,0,sim,sim,Apresentação,9624
REQ 3547/2022,Deputado Leandro Grass,"Solicita informações ao Presidente da Companhia Urbanizadora da Nova Capital do Brasil - Governo do Distrito Federal – NOVACAP, sobre o Crédito suplementar de R$ 12.000.000,00, Objeto de 2022, destinado a atender despesas com execução de sentenças judiciais. ",2022-10-26,1427,3,0,0,sim,sim,Apresentação,9650
REQ 355/2023,Deputada Dayse Amarilio,Requer informações à Secretaria de Estado de Saúde do Distrito Federal acerca do número de enfermeiros e técnicos sob contrato temporário e o número atual de cargos relativos relativos a ambos os cargos.,2023-04-04,1267,3,0,0,sim,sim,Apresentação,12023
REQ 3551/2022,Deputado Reginaldo Sardinha,Requer o encaminhamento de solicitação de informações ao Ilustríssimo Senhor Presidente da Companhia Imobiliária de Brasília – TERRACAP.,2022-10-26,1427,3,0,0,sim,sim,Apresentação,9655
REQ 3554/2022,Deputado Leandro Grass,Requer informações à Secretaria de Estado de Educação do Distrito Federal acerca do processo licitatório relacionado à construção do Centro de Ensino Médio do Paranoá Parque,2022-10-27,1426,3,0,0,sim,sim,Apresentação,9666
REQ 3555/2022,Deputado Leandro Grass,"Requer informações à Agência Reguladora de Águas, Energia e Saneamento do Distrito Federal sobre ações preventivas para evitar crise hídrica no Distrito Federal",2022-10-27,1426,3,0,0,sim,sim,Apresentação,9665
REQ 3558/2022,Deputado Roosevelt Vilela,"Requer informações à Companhia de Desenvolvimento Habitacional do Distrito Federal (CODHAB/DF), sobre o processo de regularização dos lotes de beco localizados nas Regiões Administrativas do Gama, Brazlândia e Ceilândia.",2022-11-08,1414,3,0,0,sim,sim,Apresentação,9722
REQ 356/2023,Deputada Dayse Amarilio,Requer informações à Secretaria de Estado de Saúde do Distrito Federal acerca da estrutura física do Hospital Regional da Ceiândia.,2023-04-04,1267,4,0,0,sim,sim,Apresentação,11588
REQ 357/2023,Deputada Dayse Amarilio,"Requer informações à Secretaria de Estado de Justiça e Cidadania acerca de destinação de terreno, na região administrativa do Guará, para a construção de sede própria do Conselho Tutelar daquela localidade.",2023-04-04,1267,3,0,0,sim,sim,Apresentação,11981
REQ 3570/2022,Deputado Roosevelt Vilela,"Requer informações ao Corpo de Bombeiros Militar do Distrito Federal, acerca do necessário detalhamento do Laudo de Perícia de Incêndio nº 88697280/2022 - CBMDF/DINVI/NINPI/SEINV, inerente ao exato local do princípio do incêndio ocorrido na Feira dos Importados no dia 29/05/2022.",2022-11-29,1393,3,0,0,sim,sim,Apresentação,9857
REQ 3572/2022,Deputado Rafael Prudente,Requer o encaminhamento de solicitação de informação à Secretaria de Estado de Educação do Distrito Federal.,2022-12-01,1391,3,0,0,sim,sim,Apresentação,9839
REQ 3573/2022,Deputado Rafael Prudente,"Requer o encaminhamento de solicitação de informação à Secretaria de Estado de Educação do Distrito Federal, indagando sobre a data prevista para início e término das obras do Centro de Ensino Médio 10, na Região Administrativa da Ceilândia – RA IX.",2022-12-01,1391,3,0,0,sim,sim,Apresentação,9838
REQ 3574/2022,Deputado Fábio Felix,Requer informações à Secretaria de Saúde do Distrito Federal sobre dados relativos ao cuidado integral das populações-chave em HIV/Aids no Distrito Federal.,2022-12-01,1391,3,0,0,sim,sim,Apresentação,9697
REQ 3575/2022,Deputado Fábio Felix,Requer informações à Secretaria de Saúde do Distrito Federal sobre a escassez de medicamentos antirretrovirais na rede pública de saúde do DF.,2022-12-01,1391,3,0,0,sim,sim,Apresentação,9651
REQ 3577/2022,Deputado Leandro Grass,"Requer informações ao Serviço de Limpeza Urbana acerca do lixo descartado na região do Parque Canela de Ema, localizado em Sobradinho II (RA XXVI).",2022-12-07,1385,3,0,0,sim,sim,Apresentação,9888
REQ 358/2023,Deputada Dayse Amarilio,"Requer informações à Secretaria de Estado de Saúde do Distrito Federal acerca da regulamentação da Lei nº 7.163, de 4 de julho de 2022, que institui o Mês Maio Furta-Cor, dedicado às ações de conscientização, incentivo ao cuidado e promoção da saúde mental materna no Distrito Federal.",2023-04-04,1267,3,0,0,sim,sim,Apresentação,11986
REQ 3580/2022,Deputado Fábio Felix,"Solicita informações ao Secretário de Estado de Segurança Pública do Distrito Federal sobre as ações empreendidas pelo Governo do Distrito Federal no sentido de reprimir, responsabilizar e desarticular os atos bolsonaristas antidemocráticos no Distrito Federal",2022-12-13,1379,3,0,0,sim,sim,Apresentação,9924
REQ 360/2023,Deputado Rogério Morro da Cruz,"Requer à Secretaria de Planejamento, Orçamento e Administração do Distrito Federal - SEPLAD, informações sobre a adesão ao teletrabalho na vigência do Decreto nº 44.462, de 30 de agosto de 2021, ora revogado.",2023-04-04,1267,3,0,0,sim,sim,Apresentação,11988
REQ 362/2023,Deputado Fábio Felix,Requer informações à Secretaria de Estado de Transporte e Mobilidade sobre as linhas de transporte público que atendem a demanda dos moradores do Itapoã Parque. ,2023-04-04,1267,3,0,0,sim,sim,Apresentação,11992
REQ 363/2023,Deputado Fábio Felix,"Requer informações à Companhia Energética de Brasília (CEB), à Companhia Urbanizadora da Nova Capital do Brasil (NOVACAP) e à Administração Regional do Itapoã sobre a iluminação pública no Condomínio Itapoã Parque. ",2023-04-04,1267,3,0,0,sim,sim,Apresentação,11993
REQ 365/2023,Deputado Max Maciel,"Requer o encaminhamento de solicitação de informação à Secretaria de Estado de Educação acerca das escolas militarizadas do Distrito Federal.
",2023-04-04,1267,3,0,0,sim,sim,Apresentação,11379
REQ 366/2023,Deputado Gabriel Magno,"Requer  ao Poder Executivo, por intermédio da Secretaria de Estado de Fazenda do Distrito Federal, informações acerca do Imposto Predial e Territorial Urbano – IPTU.",2023-04-04,1267,3,0,0,sim,sim,Apresentação,12029
REQ 369/2023,Deputado Fábio Felix,"Solicita informações à Secretaria de Transporte e Mobilidade do Distrito Federal (SEMOB), sobre as Frotas de Ônibus das Empresas que prestam serviços para o Distrito Federal .",2023-04-04,1267,3,0,0,sim,sim,Apresentação,12018
REQ 370/2023,Deputada Dayse Amarilio,"Requer informações à Secretaria de Estado de Saúde do Distrito Federal acerca do andamentos dos trabalhos do Grupo de Trabalho instituído pela Portaria Conjunta nº 05, de 11 de fevereiro de 2023.",2023-04-04,1267,3,0,0,sim,sim,Apresentação,12054
REQ 371/2023,Deputada Dayse Amarilio,Requer informações à Secretaria de Estado de Saúde acerca da vigência dos contratos temporários no âmbito da referida Secretaria.,2023-04-04,1267,3,0,0,sim,sim,Apresentação,12056
REQ 372/2023,Deputada Dayse Amarilio,"Requer informações à Secretaria de Estado de Governo, por meio da Secretaria Executiva de Cidades, as informações que especifica.",2023-04-04,1267,3,0,0,sim,sim,Apresentação,12059
REQ 373/2023,Deputada Dayse Amarilio,"Requer informações à Agência Reguladora de Águas, Energia e Saneamento acerca de outorga de poço no Acampamento Rosa de Luxemburgo, que fica na situado na BR 060, Km 11, Fazenda Buriti Tição.",2023-04-04,1267,3,0,0,sim,sim,Apresentação,12061
REQ 374/2023,Deputada Dayse Amarilio,"Requer informações à TERRACP acerca propriedade da terra hoje ocupada pelo Acampamento Rosa de Luxemburgo, na BR 060, Km 11, Fazenda Buriti Tição.",2023-04-04,1267,3,0,0,sim,sim,Apresentação,12063
REQ 380/2023,Deputada Dayse Amarilio,Requer informações à Secretaria de Estado de Saúde do Distrito Federal acerca das equipes de Consultório na rua.,2023-04-05,1266,3,0,0,sim,sim,Apresentação,12128
REQ 382/2023,Deputado Fábio Felix,"

Requer informações à Secretaria de Trabalho - SETRAD sobre as condições de acesso e permanência de Pessoas Com Deficiência - PCDs no mercado de trabalho no âmbito do Distrito Federal. 
",2023-04-11,1260,4,0,0,sim,sim,Apresentação,11997
REQ 383/2023,Deputado Pastor Daniel de Castro,"Requer informações à Polícia Militar do Distrito Federal (PMDF) sobre o quantitativo do efetivo empregado  para a frente de trabalho e quais os locais estão tendo a cobertura do Batalhão de Policiamento Escolar (BPEsc).

",2023-04-11,1260,3,0,0,sim,sim,Apresentação,12164
REQ 384/2023,Deputado Pastor Daniel de Castro,Requer informações à Agência de Desenvolvimento do Distrito Federal (TERRACAP) sobre o valor gasto nas obras de infraestrutura e urbanização realizadas em Vicente Pires.,2023-04-11,1260,3,0,0,sim,sim,Apresentação,12168
REQ 385/2023,Deputado Pastor Daniel de Castro,"Requer informações à Secretaria de Desenvolvimento Econômico (SDE) sobre a quantidade de empresas abertas em 2023, no Distrito Federal, em cada respectiva região administrativa.

",2023-04-11,1260,3,0,0,sim,sim,Apresentação,12172
REQ 388/2023,Deputada Dayse Amarilio,Requer informações à Secretaria de Estado de Segurança Pública do Distrito Federal acerca da comunicação institucional sobre as medidas de prevenção contra o feminicídio.,2023-04-11,1260,3,0,0,sim,sim,Apresentação,12191
REQ 392/2023,Deputado Ricardo Vale,Requer o encaminhamento de pedido de informações à Secretaria de Estado de Segurança Pública.,2023-04-11,1260,3,0,0,sim,sim,Apresentação,12196
REQ 398/2023,Deputado Rogério Morro da Cruz,"Requer o encaminhamento de solicitação de informações ao Ilustríssimo Senhor Presidente da Companhia de Desenvolvimento Habitacional do Distrito Federal (CODHAB-DF) acerca do andamento do processo de regularização fundiária e urbanísticas das Áreas de Regularização de Interesse Social (ARIS) e da Colônia Agrícola Aguilhada, localizadas na Região Administrativa de São Sebastião (RA-XIV).
",2023-04-12,1259,3,0,0,sim,sim,Apresentação,12132
REQ 401/2023,Deputado Fábio Felix,"Requer informações à Secretaria de Estado de Segurança Pública sobre o direito de reunião e manifestação na Área de Segurança Especial - ASE, por ocasião da edição da Portaria nº 56, de 28 de março de 2023.",2023-04-12,1259,3,0,0,sim,sim,Apresentação,12233
REQ 408/2023,"Deputada Paula Belmonte, Deputado Ricardo Vale, Deputado Fábio Felix, Comissão de Fiscalização Governança Transparência Controle",Requer ao IPREV-DF informações relativas à gestão do Regime Próprio de Previdência Social do Distrito Federal,2023-04-13,1258,4,0,0,sim,sim,Apresentação,11387
REQ 41/2023,Deputada Paula Belmonte,Requer informações à Secretaria de Estado de Saúde acerca de fila para realização de cirurgias eletivas no Distrito Federal.,2023-02-01,1329,3,0,0,sim,sim,Apresentação,10296
REQ 410/2023,"Deputada Paula Belmonte, Deputado Ricardo Vale, Deputado Fábio Felix, Comissão de Fiscalização Governança Transparência Controle",Requer à Secretaria de Saúde do Distrito Federal informações relativas à carreira médica.,2023-04-13,1258,4,0,0,sim,sim,Apresentação,11465
REQ 411/2023,"Deputada Paula Belmonte, Deputado Ricardo Vale, Deputado Fábio Felix, Comissão de Fiscalização Governança Transparência Controle",Requer à Secretaria de Estado de Obras e Infraestrutura do Distrito Federal informações relativas ao andamento da obra do tunel de Taguatinga.,2023-04-13,1258,4,0,0,sim,sim,Apresentação,11468
REQ 412/2023,"Deputada Paula Belmonte, Deputado Ricardo Vale, Deputado Fábio Felix, Comissão de Fiscalização Governança Transparência Controle","Requer, à Secretaria de Estado de Desenvolvimento Urbano e Habitação do Distrito Federal, informações relativas à áreas públicas destinadas à implantação de aparelhos públicos.",2023-04-13,1258,4,0,0,sim,sim,Apresentação,11466
REQ 420/2023,Deputado Fábio Felix,"Requer informações à Secretaria de Estado de Governo do Distrito Federal (SEGOV) sobre o procedimento de concessão de licenças aos ambulantes no Distrito Federal.
",2023-04-18,1253,3,0,0,sim,sim,Apresentação,12296
REQ 421/2023,Deputado Fábio Felix,"Requer informações à Secretaria de Planejamento, Orçamento e Administração do Distrito Federal sobre a fiscalização da aplicação de exames biopsicossociais pelas bancas executoras de concursos públicos no DF.
",2023-04-18,1253,3,0,0,sim,sim,Apresentação,12294
REQ 422/2023,Deputado Max Maciel,Requer o encaminhamento de solicitação de informação à Secretaria de Estado de Educação acerca da entrega de uniformes escolares aos estudantes da rede pública de ensino do Distrito Federal.,2023-04-18,1253,3,0,0,sim,sim,Apresentação,12287
REQ 425/2023,Deputada Dayse Amarilio,"Requer informações à Companhia Imobiliária de Brasília - TERRACAP - acerca de eventual processo de cessão de área para a Escola Classe 07, do Guará II.",2023-04-18,1253,3,0,0,sim,sim,Apresentação,12335
REQ 426/2023,Deputado Rogério Morro da Cruz,"Requer o encaminhamento de solicitação de informações ao Ilustríssimo Senhor Diretor-Geral do Departamento de Estradas de Rodagem do Distrito Federal, referente à pavimentação da via DF-362, localizada na Região Administrativa de Fercal (RA XXXI).
",2023-04-18,1253,3,0,0,sim,sim,Apresentação,12322
REQ 427/2023,Deputada Dayse Amarilio,Requer informações à Secretaria de Estado de Segurança Pública do Distrito Federal acerca de cursos de formação continuada para policiais militares que trabalham diretamente com vítimas de violência doméstica.,2023-04-18,1253,3,0,0,sim,sim,Apresentação,12337
REQ 436/2023,Deputado Rogério Morro da Cruz,"Requer o encaminhamento de solicitação de informações à Excelentíssima Senhora Secretária de Estado de Educação do Distrito Federal, acerca do atendimento à demanda do transporte escolar na Região Administrativa de São Sebastião (RA-XIV).",2023-04-19,1252,3,0,0,sim,sim,Apresentação,12329
REQ 439/2023,Deputado Ricardo Vale,Requer o encaminhamento de solicitação de informações à Secretária de Estado de Educação do Distrito Federal.,2023-04-19,1252,3,0,0,sim,sim,Apresentação,12316
REQ 440/2023,Deputado Gabriel Magno,"Requer informações ao Poder Executivo, por intermédio da Secretaria de Estado de Educação do Distrito Federal, acerca da capacidade da supracitada Secretaria em evitar ações de violência contra as escolas.",2023-04-20,1251,3,0,0,sim,sim,Apresentação,12397
REQ 442/2023,Deputado Rogério Morro da Cruz,"Requer o encaminhamento de solicitação de informações ao Ilustríssimo Senhor Diretor-Presidente da Companhia de Desenvolvimento Habitacional do Distrito Federal (CODHAB/DF), a respeito do andamento do processo de regularização das ligações informais de energia elétrica na Área de Regularização de Interesse Social (ARIS) Capão Comprido, situada na Região Administrativa de São Sebastião (RA-XIV), em trâmite no Comitê Energia Legal.
",2023-04-20,1251,3,0,0,sim,sim,Apresentação,12404
REQ 444/2023,Deputada Paula Belmonte,"Requer informações à Secretaria de Transporte e Mobilidade do Distrito Federal, quanto a precariedade das paradas de ônibus e as condições de uso dos ônibus de transporte público no Distrito Federal.",2023-04-25,1246,3,0,0,sim,sim,Apresentação,12445
REQ 446/2023,Deputado Max Maciel,Requer o encaminhamento de solicitação de informação à Secretaria de Estado de Educação acerca da carga horária dos professores do Distrito Federal.,2023-04-25,1246,3,0,0,sim,sim,Apresentação,12162
REQ 448/2023,Deputada Dayse Amarilio,Requer informações ao Instituto de Gestão Estratégica de Saúde do Distrito Federal acera do atendimento no Centro Obstétrico no Hospital Regional de Santa Maria.,2023-04-25,1246,3,0,0,sim,sim,Apresentação,12488
REQ 451/2023,Deputada Dayse Amarilio,Requer informações à Secretaria de Estado de Saúde acerca do serviço de radioterapia do Hospital Regional de Taguatinga - HRT.,2023-04-26,1245,4,0,0,sim,sim,Apresentação,12495
REQ 452/2023,Deputado Gabriel Magno,"Requer informações à Secretaria de Estado de Saúde do Distrito Federal sobre a situação em que se encontram os serviços prestados Serviço de Verificação de Óbito - SVO, unidade responsável por determinar a causa do óbito nas situações que especifica.",2023-04-26,1245,3,0,0,sim,sim,Apresentação,12474
REQ 453/2023,Deputada Dayse Amarilio,Requer informações à Secretaria de Estado de Saúde do Distrito Federal acerca dos projetos produzidos pelos Sanitaristas na Secretaria de Estado de Saúde do Distrito Federal.,2023-04-26,1245,3,0,0,sim,sim,Apresentação,12506
REQ 457/2023,Deputado Fábio Felix,"Requerimento de informações a Companhia de Saneamento Ambiental do Distrito Federal - CAESB, sobre o funcionamento do canal de atendimento ""Ouvidoria e Central n°115"" .",2023-04-27,1244,3,0,0,sim,sim,Apresentação,12483
REQ 458/2023,Deputado Fábio Felix,Requer informações à Terracap e ao DF Legal sobre o cumprimento das determinações presentes em processo judicial que especifica.,2023-04-27,1244,3,0,0,sim,sim,Apresentação,12402
REQ 459/2023,Deputado Fábio Felix,"Requer informações ao IBRAM, à Administração Regional de Taguatinga e ao SLU sobre o cumprimento das determinações presentes em processo judicial que especifica.",2023-04-27,1244,3,0,0,sim,sim,Apresentação,12403
REQ 460/2023,Deputado Fábio Felix,Requer informações à Terracap e ao IBRAM sobre o cumprimento das determinações presentes em processo judicial que especifica.,2023-04-27,1244,4,0,0,sim,sim,Apresentação,12394
REQ 462/2023,Deputada Dayse Amarilio,Requer informações à Secretaria de Estado de Educação do Distrito Federal sobre a Escola Parque Anísio Teixeira – Ceilândia.,2023-04-27,1244,3,0,0,sim,sim,Apresentação,12515
REQ 463/2023,Deputada Dayse Amarilio,"Requer informações à Secretaria de Estado de Saúde do Distrito Federal acerca do Núcleo de Prevenção e Assistência à situação de violência - NUPAV e  do Centro de Especialidades para atenção às pessoas em situação de violência sexual, familiar e doméstica do DF - CEPAV.",2023-04-27,1244,3,0,0,sim,sim,Apresentação,12514
REQ 464/2023,Deputada Dayse Amarilio,Requer informações à Secretaria de Estado de Saúde do Distrito Federal acerca da força de trabalho para garantir funcionamento do Hospital Clínico Ortopédico do Guará.,2023-04-27,1244,3,0,0,sim,sim,Apresentação,12513
REQ 469/2023,Deputada Dayse Amarilio,Requer informações à Secretaria de Estado de Educação acerca do quantitativo de servidores nutricionistas no âmbito da referida Secretaria.,2023-05-02,1239,3,0,0,sim,sim,Apresentação,12577
REQ 471/2023,Deputada Dayse Amarilio,"Requer informações junto à Secretaria de Estado de Saúde do Distrito Federal acerca do concurso de Enfermeiros, regido pelo Edital nº 8/2018.",2023-05-02,1239,3,0,0,sim,sim,Apresentação,12579
REQ 472/2023,Deputada Dayse Amarilio,Requer informações à Secretaria de Estado de Saúde acerca do déficit de técnicos de laboratório - Hematologia e Hemoterapia.,2023-05-02,1239,3,0,0,sim,sim,Apresentação,12584
REQ 473/2023,Deputada Dayse Amarilio,Requer informações à Secretaria de Estado de Saúde acerca do quantitativo de auxiliares de enfermagem no quadro de servidores da Secretaria.,2023-05-02,1239,3,0,0,sim,sim,Apresentação,12587
REQ 474/2023,"Deputada Dayse Amarilio, Deputada Dayse Amarilio",Requer informações à Secretaria de Estado de Saúde acerca dos estágios realizados nas unidades de saúde do Distrito Federal.,2023-05-02,1239,4,0,0,sim,sim,Apresentação,12586
REQ 479/2023,Deputado Gabriel Magno,"Requer informações ao Governo do Distrito Federal, por intermédio da Secretaria de Saúde do Distrito Federal, acerca da Política de Saúde Bucal desenvolvida no Distrito Federal.",2023-05-03,1238,3,0,0,sim,sim,Apresentação,12604
REQ 482/2023,"Deputada Dayse Amarilio, Deputada Dayse Amarilio",Requer informações à Secretaria de Estado de Saúde acerca da estrutura física da Unidade Básica de Saúde nº 2 de Samambaia.,2023-05-04,1237,4,0,0,sim,sim,Apresentação,12689
REQ 483/2023,Deputada Dayse Amarilio,Requer informações à Secretaria de Estado de Saúde acerca do fornecimento de medicamentos para o tratamento de Atrofia Muscular Espinhal (AME).,2023-05-04,1237,3,0,0,sim,sim,Apresentação,12705
REQ 485/2023,Deputado Pastor Daniel de Castro,"Requer informações ao Departamento de Estradas de Rodagem do Distrito Federal (DER/DF), acerca das velocidades submetidas pelo órgão nas rodovias e vias vicinais do Distrito Federal. ",2023-05-04,1237,3,0,0,sim,sim,Apresentação,12667
REQ 486/2023,Deputado Pastor Daniel de Castro,"Requer informações ao DEPARTAMENTO DE ESTRADAS DE RODAGEM do Distrito Federal (DER/DF), acerca das reclamações sobre os serviços viários de trânsito, demandadas ao órgão por meio dos telefones úteis e de sua ouvidora. ",2023-05-04,1237,3,0,0,sim,sim,Apresentação,12663
REQ 487/2023,Deputado Pastor Daniel de Castro,"Requer informações ao Departamento de Trânsito (DETRAN – DF), acerca do quantitativo de multas aplicadas a  condutores que se submetem ou não ao teste do bafômetro, por dirigir veículo sob influência de álcool, durante o período compreendido entre o ano de 2022 até março de 2023.",2023-05-04,1237,3,0,0,sim,sim,Apresentação,12673
REQ 488/2023,Deputado Pastor Daniel de Castro,"Requer informações ao DEPARTAMENTO DE TRÂNSITO do Distrito Federal - DETRAN/DF, acerca da fiscalização exercida através dos controladores de velocidades instalados pelo órgão nas rodovias e vias vicinais do Distrito Federal. 

",2023-05-04,1237,3,0,0,sim,sim,Apresentação,12676
REQ 489/2023,Deputado Pastor Daniel de Castro,"Requer informações ao DEPARTAMENTO DE TRÂNSITO do Distrito Federal - DETRAN/DF, acerca das reclamações sobre os serviços viários de trânsito, demandadas ao órgão por meio dos telefones úteis e de sua ouvidora.

",2023-05-04,1237,3,0,0,sim,sim,Apresentação,12678
REQ 490/2023,Deputado Pastor Daniel de Castro,"Requer informações ao DEPARTAMENTO DE TRÂNSITO do Distrito Federal - DETRAN/DF, acerca dos contratos vigentes relacionados à DIRETORIA DE ENGENHARIA- DIREN e à DIRETORIA DE POLICIAMENTO E FISCALIZAÇÃO DO DISTRITO FEDERAL-DIRPOL.",2023-05-04,1237,3,0,0,sim,sim,Apresentação,12680
REQ 494/2023,Deputada Dayse Amarilio,Requer informações à Secretaria de Estado de Saúde acerca do contrato entabulado com a Empresa PMH acerca do fornecimento de insumos para exames de hemocultura. ,2023-05-04,1237,3,0,0,sim,sim,Apresentação,12720
REQ 495/2023,Deputada Paula Belmonte,"Requer informações a Secretaria de Estado de Educação do Distrito Federal informações acerca do cumprimento da Lei nº 6.648, de 17 de agosto de 2020, que ""Dispõe sobre o controle eletrônico para o acesso dos alunos nas instituições públicas e privadas de educação básica no Distrito Federal.""",2023-05-09,1232,3,0,0,sim,sim,Apresentação,12677
REQ 496/2023,Deputada Dayse Amarilio,Requer informações à Secretaria de Estado de Desenvolvimento Social do Distrito Federal acerca do cronograma das obras de manutenção dos CRAS e CREAS.,2023-05-09,1232,3,0,0,sim,sim,Apresentação,12725
REQ 497/2023,Deputada Dayse Amarilio,Requer informações à Secretaria de Estado de Desenvolvimento Social do Distrito Federal acerca do cronograma de construção de novos CRAS e CREAS.,2023-05-09,1232,3,0,0,sim,sim,Apresentação,12727
REQ 498/2023,Deputada Dayse Amarilio,Requer informações à Secretaria de Estado de Desenvolvimento Social do Distrito Federal acerca da possibilidade de criação de um novo CRAS na área rural de Brazlândia.,2023-05-09,1232,3,0,0,sim,sim,Apresentação,12729
REQ 499/2023,Deputada Dayse Amarilio,Requer informações à Secretaria de Estado de Desenvolvimento Social do Distrito Federal acerca do quantitativo cadastrado para o auxílio moradia no CRAS de Brazlândia.,2023-05-09,1232,3,0,0,sim,sim,Apresentação,12731
REQ 500/2023,Deputada Dayse Amarilio,Requer informações à Secretaria de Estado de Saúde acerca da manutenção dos equipamentos de saúde da Região Norte do Distrito Federal.,2023-05-09,1232,3,0,0,sim,sim,Apresentação,12788
REQ 501/2023,Deputada Dayse Amarilio,"Requer informações à TERRACAP acerca da destinação de terreno para a construção da Unidade Básica de Saúde nº 6, na Região Administrativa do Guará.",2023-05-09,1232,3,0,0,sim,sim,Apresentação,12789
REQ 503/2023,Deputada Paula Belmonte,"Requer informações sobre o ""apagão"" ocorrido em 25/04/2023 no Sistema Eletrônico de Informações - SEI que atende a todos os Órgãos do Distrito Federal e que são hospedados na Subsecretaria de Tecnologia, Informação e Comunicação da SEPLAD/DF.",2023-05-09,1232,3,0,0,sim,sim,Apresentação,12528
REQ 509/2023,Deputada Dayse Amarilio,Requer informações à Secretaria de Estado de Desenvolvimento Social do Distrito Federal acerca da cesta de alimentos emergencial.,2023-05-09,1232,4,0,0,sim,sim,Apresentação,12824
REQ 511/2023,Deputada Dayse Amarilio,Requer informações à Secretaria de Estado de Educação acerca de autorização de funcionamento de creche na Região Administrativa do Guará.,2023-05-10,1231,4,1,0,sim,sim,Apresentação,13033
REQ 512/2023,Deputada Dayse Amarilio,Requer informações à Secretaria de Estado de Saúde do Distrito Federal acerca do processo de licenciamento que especifica.,2023-05-10,1231,2,1,0,nao,nao,Apresentação,13031
REQ 515/2023,Deputada Dayse Amarilio,Requer informações à Secretaria de Estado de Desenvolvimento Social acerca dos serviços prestados na assistência social a crianças e adolescentes no Serviço de Acolhimento Institucional para Crianças e Adolescentes.,2023-05-11,1230,3,0,0,sim,sim,Apresentação,13048
REQ 517/2023,Deputado Max Maciel,Requer o encaminhamento de solicitação de informação à Secretaria de Estado de Saúde acerca de medicamento disponibilizado pela Farmácia de Alto Custo.,2023-05-11,1230,3,0,0,sim,sim,Apresentação,12654
REQ 519/2023,Deputado Gabriel Magno,"Requer informações ao Governo do Distrito Federal, por intermédio da Secretaria de Saúde do Distrito Federal, acerca do atendimento aos pacientes com IST/HIV/AIDS. 
",2023-05-11,1230,3,0,0,sim,sim,Apresentação,12984
REQ 521/2023,Deputado Gabriel Magno,Requer informações à Universidade do Distrito Federal – UnDF acerca da nomeação de candidatos aprovados em concurso público para provimento de cargos da carreira magistério superior do Distrito Federal.,2023-05-11,1230,3,0,0,sim,sim,Apresentação,13092
REQ 522/2023,Deputado Fábio Felix,Requer informações a respeito de publicidade do GDF sobre a greve dos professores ,2023-05-11,1230,3,0,0,sim,sim,Apresentação,12945
REQ 524/2023,Deputada Dayse Amarilio,Requer informações à Secretaria de Estado de Educação do Distrito Federal acerca da construção de escola em Planaltina.,2023-05-16,1225,3,0,0,sim,sim,Apresentação,13119
REQ 525/2023,Deputado Fábio Felix,"Requer informações à Secretaria de Estado de Transporte e Mobilidade do Distrito Federal – SEMOB, sobre os requisitos, procedimentos e ações referentes ao acesso do cartão mobilidade (passe livre) para Pessoas Vivendo com HIV – PVHIV. 
 
",2023-05-16,1225,3,0,0,sim,sim,Apresentação,12758
REQ 526/2023,Deputada Dayse Amarilio,Requer informações à Secretaria de Estado de Desenvolvimento Urbano e Habitação acerca dos equipamentos públicos a serem construídos no Itapoã Parque.,2023-05-16,1225,3,0,0,sim,sim,Apresentação,13152
REQ 530/2023,Deputado Max Maciel,Requer o encaminhamento de solicitação de informação à Secretaria de Estado de Transporte e Mobilidade do Distrito Federal - SEMOB acerca do funcionamento dos banheiros na rodoviária do Plano Piloto - RA I.,2023-05-16,1225,3,0,0,sim,sim,Apresentação,13120
REQ 531/2023,Deputado Max Maciel,Requer o encaminhamento de solicitação de informação à Secretaria de Estado de Comunicação acerca do valor destinado à veiculação de informes publicitários.,2023-05-16,1225,3,0,0,sim,sim,Apresentação,13117
REQ 532/2023,Deputada Dayse Amarilio,"Requer informações à Companhia Energética de Brasília - CEB - acerca da iluminação do Bairro Morro da Cruz, na Região Administrativa de São Sebastião.",2023-05-16,1225,3,0,0,sim,sim,Apresentação,13144
REQ 535/2023,"Deputada Doutora Jane, Deputado Pastor Daniel de Castro, Deputada Paula Belmonte",Requer informações ao Instituto de Gestão Estratégica de Saúde do Distrito Federal (IGES-DF) acerca da quantidade insuficiente de cadeiras para acomodar os pacientes durante o período de espera no âmbito da UPA do Paranoá.,2023-05-16,1225,3,0,0,sim,sim,Apresentação,12768
REQ 536/2023,"Deputada Doutora Jane, Deputado Rogério Morro da Cruz, Deputada Dayse Amarilio","Requer informações do Governo do Distrito Federal, por intermédio da Secretaria de Estado do Meio Ambiente (Sema) – Diretoria de Fiscalização – Poluição Sonora – DIFIS I, no que concerne à reclamação de poluição sonora e fiscalização ambiental no bairro Setor Habitacional Jardim Botânico 3.",2023-05-16,1225,3,0,0,sim,sim,Apresentação,12359
REQ 544/2023,Comissão de Fiscalização Governança Transparência Controle,Requer ao Instituto de Gestão Estratégica de Saúde do Distrito Federal (IGESDF) informações detalhadas das despesas com tecnologia da informação.,2023-05-16,1225,4,0,0,sim,sim,Apresentação,12626
REQ 545/2023,Comissão de Fiscalização Governança Transparência Controle,Requer ao Banco de Brasília (BRB) informações acerca do cumprimento da Lei 7.239/2023.,2023-05-16,1225,4,0,0,sim,sim,Apresentação,12756
REQ 546/2023,Comissão de Fiscalização Governança Transparência Controle,"Requer à Secretaria de Planejamento, Orçamento e Administração informações acerca do cumprimento da Lei 7.239/2023.",2023-05-16,1225,4,0,0,sim,sim,Apresentação,12774
REQ 547/2023,Deputado Rogério Morro da Cruz,"Requer o encaminhamento de solicitação de informações à Excelentíssima Senhora Secretária de Estado de Saúde do Distrito Federal, referente ao processo de transferência de titularidade do imóvel localizado na Avenida Crixá, Lote 01, Região Administrativa de São Sebastião/DF (RA/IX), situado no Parque dos Ipês (Crixás).",2023-05-17,1224,3,0,0,sim,sim,Apresentação,12439
REQ 548/2023,Deputado Rogério Morro da Cruz,"Requer o encaminhamento de solicitação de informações à Excelentíssima Senhora Secretária de Estado de Saúde do Distrito Federal, a respeito do andamento da elaboração dos projetos de construção das Unidades Básicas de Saúde na Região Administrativa de São Sebastião (RA-XIV).",2023-05-17,1224,3,0,0,sim,sim,Apresentação,12438
REQ 553/2023,Deputada Dayse Amarilio,Requer informações à Secretaria de Estado da Mulher do Distrito Federal - SMDF acerca do Plano Distrital de Políticas para as Mulheres - PDPM.,2023-05-17,1224,3,0,0,sim,sim,Apresentação,13231
REQ 560/2023,Deputada Dayse Amarilio,Requer informações à Secretaria de Estado de Saúde do Distrito Federal acerca do fornecimento de medicamento em razão de determinação judicial.,2023-05-23,1218,3,0,0,sim,sim,Apresentação,13280
REQ 562/2023,Deputado Gabriel Magno,"Requer informações ao Poder Executivo, por intermédio da Secretaria de Estado de Cultura e Economia Criativa do Distrito Federal, acerca das medidas adotadas para garantir a conservação e manutenção do Teatro Nacional Cláudio Santoro, inclusive em relação a situação de projetos atuais e futuros de reforma de seus diversos espaços.",2023-05-23,1218,3,0,0,sim,sim,Apresentação,13287
REQ 563/2023,Deputado Max Maciel,"Requer o encaminhamento de solicitação de informação à Secretaria de Estado de Desenvolvimento Urbano e Habitação sobre o processo de regularização fundiária do Bairro Nossa Senhora de Fátima, em Planaltina - RA VI.",2023-05-23,1218,3,0,0,sim,sim,Apresentação,13294
REQ 565/2023,Deputada Paula Belmonte,Requer informações sobre a execução das obras de construção de calçadas na Região Administrativa do Sol Nascente - RA XXXII.,2023-05-23,1218,3,0,0,sim,sim,Apresentação,13327
REQ 567/2023,Deputada Paula Belmonte,"Requer informações à TERRACAP sobre o cumprimento do TAC 018/2006 - PI 08190.004819/06-81, firmado com o Ministério Público do Distrito Federal e Territórios - MPDFT.",2023-05-23,1218,4,1,0,sim,sim,Apresentação,13063
REQ 583/2023,Deputada Dayse Amarilio,Requer informações à Secretaria de Estado de Desenvolvimento Social do Distrito Federal acerca do CRAS itinerante.,2023-05-30,1211,3,0,0,sim,sim,Apresentação,13481
REQ 585/2023,Deputado Max Maciel,Requer o encaminhamento de solicitação de informações à Secretaria de Estado de Educação sobre atraso no ressarcimento dos educadores sociais voluntários.,2023-05-30,1211,3,0,0,sim,sim,Apresentação,13406
REQ 586/2023,Deputado Max Maciel,Requer o encaminhamento de solicitação de informação à Secretaria de Estado de Saúde sobre o atendimento à pacientes que fazem uso medicinal de Cannabis.,2023-05-30,1211,3,0,0,sim,sim,Apresentação,13483
REQ 591/2023,Deputado Gabriel Magno,"Requer informações acerca da construção de unidades escolares no Parque dos Ipês (Crixás), em São Sebastião.",2023-05-30,1211,3,0,0,sim,sim,Apresentação,13542
REQ 592/2023,Deputado Max Maciel,"Requer o encaminhamento de solicitação de informação à Secretaria de Esporte e Lazer do Distrito Federal sobre salas administrativas do Estádio Walmir Campelo Bezerra (Bezerrão), localizado no Gama - RA II.",2023-05-31,1210,3,0,0,sim,sim,Apresentação,13528
REQ 593/2023,Deputada Dayse Amarilio,Requer informações à Secretaria de Estado de Saúde do Distrito Federal acerca da situação das ambulâncias paradas.,2023-05-31,1210,3,0,0,sim,sim,Apresentação,13595
REQ 600/2023,Deputada Dayse Amarilio,"Requer informações à Secretaria de Estado de Planejamento, Orçamento e Administração do Distrito Federal - SEPLAD acerca da situação das ambulâncias paradas.",2023-06-01,1209,3,0,0,sim,sim,Apresentação,13615
REQ 601/2023,Deputada Dayse Amarilio,"Requer informações à Secretaria de Estado de Planejamento, Orçamento e Administração do Distrito Federal acerca da suspensão do concurso público destinado ao provimento de Cargos e Cadastro de Reserva de Analista e Técnico em Gestão e Assistência Pública à Saúde, do Quadro de Pessoal do Distrito Federal, autorizado pela Portaria n.º 210, de 27 de junho de 2022, e publicado por meio do Edital Normativo n.º 01, de 19 de maio de 2023.",2023-06-01,1209,3,0,0,sim,sim,Apresentação,13620
REQ 602/2023,Deputado Max Maciel,Requer o encaminhamento de solicitação de informações à Secretaria de Estado de Saúde sobre a falta de atendimento na Pediatria do Hospital Regional da Ceilândia - RA IX.,2023-06-01,1209,3,0,0,sim,sim,Apresentação,13397
REQ 604/2023,Deputado Max Maciel,"Requer encaminhamento de solicitação de informação à Secretaria de Família e Juventude sobre a composição , eleição de membros e funcionamento do Conselho de Juventude do Distrito Federal.",2023-06-01,1209,3,0,0,sim,sim,Apresentação,13631
REQ 605/2023,Deputada Dayse Amarilio,Requer informações à Secretaria de Estado de Saúde do Distrito Federal - SES acerca do contrato para serviço de esterilização.,2023-06-06,1204,3,0,0,sim,sim,Apresentação,13647
REQ 607/2023,Deputado Max Maciel,"Requer o encaminhamento de solicitação de informações à Secretaria de Estado de Esporte e Lazer sobre quadra de areia construída na QNP 28, Ceilândia - RA IX.",2023-06-06,1204,3,0,0,sim,sim,Apresentação,13448
REQ 608/2023,Deputado Gabriel Magno,REQUER À COMPANHIA IMOBILIÁRIO DE BRASÍLIA INFORMAÇÕES SOBRE SERVIÇOS PRESTADOS AO CONDOMÍNIO PARANOÁ PARQUE.,2023-06-06,1204,3,0,0,sim,sim,Apresentação,13663
REQ 618/2023,Deputado Rogério Morro da Cruz,"Requer o encaminhamento de informações à Excelentíssima Senhora Secretária de Estado de Desenvolvimento Social do Distrito Federal, acerca do funcionamento do Serviço de Acolhimento Institucional para Adultos e Famílias – SAIF Areal, situada na Região Administrativa de Águas Claras (RA-XX).",2023-06-07,1203,3,0,0,sim,sim,Apresentação,13642
REQ 619/2023,Deputado Rogério Morro da Cruz,"Requer o encaminhamento de solicitação de informações ao Ilustríssimo Senhor Presidente da Companhia de Saneamento Ambiental do Distrito Federal, referente ao processo de consolidação da infraestrutura de saneamento básico na Região Administrativa do Jardim Botânico (RA-XXVII).",2023-06-07,1203,3,0,0,sim,sim,Apresentação,13393
REQ 620/2023,Deputada Paula Belmonte,Requer informações à Polícia Militar do Distrito Federal sobre eventuais promoções por ato de bravuras a policiais militares que atuaram no combate dos atos ocorridos na Esplanada dos Ministérios no dia 08/01/2023.,2023-06-07,1203,3,0,0,sim,sim,Apresentação,13717
REQ 622/2023,Deputada Paula Belmonte,"Requer informações à Secretaria de Saúde do Distrito Federal sobre o preenchimento de vagas ofertadas pela Escola Superior de Ciências da Saúde, na forma que especifica.",2023-06-13,1197,3,0,0,sim,sim,Apresentação,13370
REQ 624/2023,Deputada Dayse Amarilio,"Requer informações à Secretaria Executiva das Cidades, órgão vinculado à Secretaria de Estado de Governo do Distrito Federal, acerca de processos que especifica.",2023-06-13,1197,3,0,0,sim,sim,Apresentação,13808
REQ 625/2023,Deputada Dayse Amarilio,Requer informações à Secretaria de Estado de Saúde do Distrito Federal - SES sobre o IGESDF.,2023-06-13,1197,3,0,0,sim,sim,Apresentação,13803
REQ 626/2023,Deputada Dayse Amarilio,Requer informações ao Instituto de Gestão Estratégica de Saúde do Distrito Federal - IGESDF.,2023-06-13,1197,3,0,0,sim,sim,Apresentação,13804
REQ 627/2023,Deputado Pastor Daniel de Castro,"Requer informações ao Instituto Brasília Ambiental, vinculado a Secretaria de Estado do Meio Ambiente (Sema), acerca da quantidade de madeireiras licenciadas no âmbito do Distrito Federal. ",2023-06-13,1197,3,0,0,sim,sim,Apresentação,13771
REQ 628/2023,Deputado Pastor Daniel de Castro,"Requer informações à Secretaria de Estado de Desenvolvimento Econômico (SDE), acerca do impacto econômico das madeireiras licenciadas que operam no Distrito Federal.",2023-06-13,1197,3,0,0,sim,sim,Apresentação,13799
REQ 629/2023,Deputado Fábio Felix,Requer informações à SEJUS e à CODHAB a respeito da Concessão de Direito Real de Uso (CDRU) de área em que se encontra instalada a Unidade de Internação do Recanto das Emas (UNIRE).,2023-06-13,1197,4,1,0,sim,sim,Apresentação,13466
REQ 632/2023,Deputado Max Maciel,"Requer o encaminhamento de solicitação de informação à Administração Regional do Gama sobre a reforma do Espaço Cultural Galpãozinho, localizado no Gama - RA II.",2023-06-13,1197,3,0,0,sim,sim,Apresentação,13534
REQ 634/2023,Deputada Paula Belmonte,"Requer informações à Secretária de Educação do Distrito Federal referente aos desafios das equipes gestores perante o ano letivo de 2023.
",2023-06-13,1197,4,1,0,sim,sim,Apresentação,13884
REQ 637/2023,Deputada Paula Belmonte,"Requer informações à Secretária de Estado de Educação do Distrito Federal na forma que especifica.
 ",2023-06-13,1197,3,0,0,sim,sim,Apresentação,13889
REQ 642/2023,Deputado Gabriel Magno,"Requer informações ao Poder Executivo, por intermédio da Secretaria de Estado de Saúde do Distrito Federal, acerca da eventual terceirização dos laboratórios e serviços de radiologia do Distrito Federal e o encaminhamento de cópia dos respectivos estudos e processos administrativos que fundamentaram ou recomendaram essa decisão.",2023-06-15,1195,3,0,0,sim,sim,Apresentação,14003
REQ 643/2023,Deputada Paula Belmonte,Requer informações à Secretária de Saúde do Distrito Federal acerca do Edital de licitação referente a construção de uma UBS na cidade de Arniqueira - RA XXXIII.,2023-06-15,1195,3,0,0,sim,sim,Apresentação,14006
REQ 647/2023,Deputada Dayse Amarilio,Requer informações à Secretaria de Estado de Desenvolvimento Social acerca do contrato entabulado com Organização da Sociedade Civil para realização de cadastros.,2023-06-20,1190,3,0,0,sim,sim,Apresentação,14077
REQ 649/2023,Deputado Max Maciel,Requer o encaminhamento de solicitação de informações à Secretaria de Estado de Educação sobre as Escolas de Gestão Compartilhada - EGCs.,2023-06-20,1190,3,0,0,sim,sim,Apresentação,14008
REQ 652/2023,Deputada Dayse Amarilio,Requer informações à Secretaria de Estado de Obras do Distrito Federal acerca da execução do Contrato nº 005/2023.,2023-06-20,1190,3,0,0,sim,sim,Apresentação,14095
REQ 654/2023,Deputado Roosevelt Vilela,Solicita informar a quantidade de servidores clientes do BRB endividados e com a renda comprometida.,2023-06-20,1190,3,0,0,sim,sim,Apresentação,14072
REQ 663/2023,Deputado Max Maciel,Requer o encaminhamento de solicitação de informação à Secretaria de Estado de Educação sobre acúmulo de objetos nas escolas da rede pública do Distrito Federal.,2023-06-22,1188,1,0,0,nao,nao,Apresentação,14094
REQ 665/2023,Deputado Gabriel Magno,Requer envio de informações sobre a publicação de Resolução da Diretoria Colegiada – RDC definitiva para dispor sobre entrega domiciliar de medicamentos de alto custo.,2023-06-27,1183,2,0,0,nao,sim,Apresentação,14161
REQ 666/2023,Deputado Gabriel Magno,"Requer envio de informações sobre o processo, do ponto de vista técnico e administrativo, bem como de indicativo de prazo para inclusão do fármaco abemaciclibe (verzenios) no Sistema de Gerenciamento da Tabela de Procedimentos, Medicamentos e OPM do SUS – SIGTAP.",2023-06-27,1183,2,0,0,nao,sim,Apresentação,14160
REQ 667/2023,"Deputada Dayse Amarilio, Deputada Dayse Amarilio","Requer informações à Secretaria de Estado de Projetos Especiais acerca do Procedimento de Manifestação de Interesse que envolve a concessão do Cave, no Guará (RA-X)",2023-06-27,1183,4,0,0,sim,sim,Apresentação,14168
REQ 668/2023,Deputada Dayse Amarilio,Requer informações à Secretaria de Estado de Saúde do Distrito Federal acerca do fluxograma de abastecimento das unidades básicas e hospitalares de saúde.,2023-06-27,1183,3,0,0,sim,sim,Apresentação,14190
REQ 669/2023,Deputada Dayse Amarilio,Requer informações à Secretaria de Estado de Saúde do Distrito Federal acerca do Processo de Manifestação de Interesse atinente à concessão da rede de apoio de diagnósticos.,2023-06-27,1183,5,0,0,sim,sim,Apresentação,14191
REQ 670/2023,Deputado Fábio Felix,"Solicita informações à Secretaria de Estado de Proteção da Ordem Urbanística do Distrito Federal – DF Legal, sobre as diretrizes, medidas e respectiva ações de fiscalização nos estabelecimentos comerciais quanto ao cumprimento e observância da Lei nº 2.615 de 26 de outubro de 2000, que determina sanções às práticas discriminatórias em razão da orientação sexual das pessoas no Distrito Federal.",2023-06-27,1183,3,0,0,sim,sim,Apresentação,14011
REQ 678/2023,Deputada Dayse Amarilio,"Requer informações à Secretaria de Estado de Saúde acerca do Ambulatório de Assistência Especializada às Pessoas Travestis e Transexuais do Distrito Federal – Ambulatório Trans, que funciona no Hospital Dia da EQS 508/509.",2023-06-27,1183,3,0,0,sim,sim,Apresentação,14217
REQ 685/2023,Deputado Gabriel Magno,"Requer informações ao Poder Executivo do Distrito Federal, por intermédio da Agência Reguladora de Águas, Energia e Saneamento Básico do Distrito Federal – ADASA, acerca das práticas para controle de qualidade das águas dos córregos Capão Preto e Ipê, na ARIE da Granja do Ipê.",2023-06-27,1183,3,0,0,sim,sim,Apresentação,14239
REQ 689/2023,Deputado Max Maciel,Requer o encaminhamento de solicitação de informação às Secretarias de Estado de Educação e de Segurança Pública sobre as Escolas de Gestão Compartilhada no Distrito Federal.,2023-08-01,1148,3,0,0,sim,sim,Apresentação,14186
REQ 690/2023,Deputado Max Maciel,Requer o encaminhamento de solicitação de informação à Secretaria de Estado de Segurança Pública sobre as Escolas de Gestão Compartilhada no Distrito Federal.,2023-08-01,1148,3,0,0,sim,sim,Apresentação,13967
REQ 695/2023,Deputado Pastor Daniel de Castro,Requer informações à Secretaria de Esporte e Lazer do Distrito Federal acerca dos contratos de gestão dos centros olímpicos. ,2023-08-01,1148,3,0,0,sim,sim,Apresentação,14306
REQ 696/2023,Deputado Max Maciel,Requer o encaminhamento de requerimento de informação à Secretaria de Estado de Esporte e Lazer do Distrito Federal - SEL sobre as piscinas do Centro Olímpico e Paralímpico - COP do Gama - RA II.,2023-08-01,1148,4,1,0,sim,sim,Apresentação,14280
REQ 697/2023,Comissão de Fiscalização Governança Transparência Controle,Requer à Secretaria de Estado de Desenvolvimento Econômico informações quanto ao projeto de regulamentação da ocupação do Parque das Garças. ,2023-08-01,1148,6,2,0,sim,sim,Apresentação,14105
REQ 698/2023,Comissão de Fiscalização Governança Transparência Controle,Requer à Secretaria de Estado de Educação informações quanto ao cumprimento da Lei 6.759/2020 a qual Institui a educação domiciliar no Distrito Federal e dá outras providências. ,2023-08-01,1148,4,0,0,sim,sim,Apresentação,14097
REQ 714/2023,Deputado Pastor Daniel de Castro,"Requer informações à Secretaria de Governo do Distrito Federal, acerca da 24° Parada do Orgulho LGBTQIA+.",2023-08-01,1148,3,0,0,sim,sim,Apresentação,14357
REQ 742/2023,Deputado Max Maciel,Requer o encaminhamento de requerimento de informação à Secretaria de Estado de Educação - SEE sobre transporte de estudantes da rede pública de ensino do Distrito Federal.,2023-08-08,1141,3,0,0,sim,sim,Apresentação,14293
REQ 743/2023,Deputado Max Maciel,Requer o encaminhamento de requerimento de informação à Secretaria de Estado de Educação sobre a gestão dos recursos do Cartão PDAF nas unidades escolares e nas regionais de ensino do Distrito Federal.,2023-08-08,1141,3,0,0,sim,sim,Apresentação,14121
REQ 744/2023,Deputada Dayse Amarilio,Requer informações à Secretaria de Estado de Saúde do Distrito Federal sobre a situação dos contratos temporários de padioleiros e fisioterapeutas.,2023-08-08,1141,3,0,0,sim,sim,Apresentação,14611
REQ 750/2023,Deputado Pastor Daniel de Castro,"Requer informações ao Poder Executivo, por intermédio da Secretaria de Estado de Saúde do Distrito Federal, acerca do número de pessoas atendidas por unidade em toda rede: UPAS , UBS e Hospitais Regionais. ",2023-08-08,1141,3,0,0,sim,sim,Apresentação,14660
REQ 751/2023,Deputada Dayse Amarilio,Requer informações ao Instituto de Assistência à Saúde dos Servidores do Distrito Federal acerca da inclusão no Plano GDF-Saúde dos aposentados e pensionistas das empresas estatais que foram desestatizadas.,2023-08-08,1141,3,0,0,sim,sim,Apresentação,14694
REQ 760/2023,Deputado Fábio Felix,Requer informações à Terracap sobre a situação fundiária das ocupações na Fazenda Sálvia,2023-08-09,1140,3,0,0,sim,sim,Apresentação,14208
REQ 762/2023,Deputado Fábio Felix,Requer informações a respeito do plano de saúde para empregados da Novacap,2023-08-09,1140,3,0,0,sim,sim,Apresentação,14209
REQ 763/2023,Deputado Fábio Felix,"Requer à CODHAB informações sobre o andamento das obras do empreendimento Itapoã Parque, do Programa Morar Bem.",2023-08-09,1140,3,0,0,sim,sim,Apresentação,14210
REQ 765/2023,Deputado Fábio Felix,"Requer informações à Secretaria de Saúde do Distrito Federal - SES, sobre os atendimentos, quantidade de servidores, quantidade de procedimentos, estrutura e tamanho da população coberta pela UBS 4 - Rota do Cavalo.
",2023-08-09,1140,3,0,0,sim,sim,Apresentação,14187
REQ 766/2023,Deputado Fábio Felix,Requer informações à Secretaria de Turismo do Distrito Federal a respeito do turismo LGBT no Distrito Federal.,2023-08-09,1140,3,0,0,sim,sim,Apresentação,14710
REQ 767/2023,Deputado Fábio Felix,Requer informações à Secretaria de Estado de Educação do Distrito Federal sobre o último concurso público de provas e títulos para a a carreira de magistério público e assistência à educação.,2023-08-09,1140,3,0,0,sim,sim,Apresentação,14737
REQ 770/2023,Deputado Rogério Morro da Cruz,"Requer o encaminhamento de solicitação de informações ao Ilustríssimo Senhor Diretor-Geral do Departamento de Trânsito do Distrito Federal, a respeito dos desdobramentos do Concurso Público para provimento de vagas e formação de cadastro reserva para os cargos de Analista em Atividades de Trânsito e Técnico em Atividades de Trânsito da Carreira Atividades de Trânsito do Departamento de Trânsito do Distrito Federal – DETRAN/DF, publicado por meio do Edital nº 01/2022 e suas retificações, publicado no DODF nº 170, de 09 de setembro de 2022. ",2023-08-10,1139,3,0,0,sim,sim,Apresentação,13957
REQ 779/2023,Deputada Paula Belmonte,"Requer informações à Secretaria de Desenvolvimento Urbano e Habitação do DF sobre quais áreas públicas encontram-se destinadas para equipamento público na Região Administrativa de Águas Claras.
 ",2023-08-15,1134,3,0,0,sim,sim,Apresentação,15058
REQ 781/2023,Deputado Max Maciel,Requer o encaminhamento de solicitação de informação à Secretaria de Estado do Meio Ambiente sobre doenças relacionadas à poluição do Rio Melchior.,2023-08-16,1133,3,0,0,sim,sim,Apresentação,14870
REQ 783/2023,Deputado Gabriel Magno,"Requer envio de informações detalhadas sobre a destinação dos recursos do Fundo Antidrogas do Distrito Federal – FUNPAD/DF, nos termos descritos neste documento.",2023-08-16,1133,3,0,0,sim,sim,Apresentação,14973
REQ 784/2023,Deputada Dayse Amarilio,Requer informações ao Instituto de Assistência à Saúde dos Servidores acerca do reajuste da contribuição mensal dos beneficiários do plano GDF-Saúde.,2023-08-16,1133,3,0,0,sim,sim,Apresentação,15232
REQ 785/2023,Deputado Fábio Felix,"Solicita informações ao Departamento de Trânsito do Distrito Federal – DETRAN-DF, a respeito das autuações e multas que estão sendo aplicadas aos motoristas por este departamento, especificamente infrações de trânsito em faixas ou vias exclusivas para transporte público coletivo.",2023-08-16,1133,3,0,0,sim,sim,Apresentação,14692
REQ 786/2023,Deputado Fábio Felix,"Solicita informações ao Poder Executivo, por meio da Secretaria de Saúde do Distrito Federal sobre a terceirização dos laboratórios de análises clínicas e radiologia.",2023-08-16,1133,3,0,0,sim,sim,Apresentação,14612
REQ 787/2023,Deputado Fábio Felix,Solicita informações ao Governo do Distrito Federal sobre os critérios de escolha das bancas para Concursos Públicos no Distrito Federal.,2023-08-16,1133,1,0,0,nao,nao,Apresentação,14297
REQ 788/2023,Deputado Fábio Felix,"Requer informações à Agência de Desenvolvimento do Distrito Federal-Terracap, sobre o contrato de concessão de uso celebrado com a  empresa Torre Digital Flor do Cerrado SPE LTDA. ",2023-08-16,1133,3,0,0,sim,sim,Apresentação,14279
REQ 789/2023,Deputado Fábio Felix,"Requer informações à Terracap e ao IBRAM sobre o empreendimento: Parcelamento de Solo Urbano - Parque das Garças URB-MDE-NGB 124/2018 - SHIN Tr. 16 - AE1, AE2, AE3,AE4, AE5. 

 ",2023-08-16,1133,3,0,0,sim,sim,Apresentação,13148
REQ 792/2023,Deputada Paula Belmonte,"Requer informações junto à Secretaria de Estado de Segurança Pública do Distrito Federal no que tange ao aumento da  criminalidade, nos últimos 5 (cinco) anos, na Região Administrativa de Águas Claras.  ",2023-08-22,1127,3,0,0,sim,sim,Apresentação,15254
REQ 80/2023,Deputado Fábio Felix,Solicita informações à Secretaria de Justiça do Distrito Federal sobre a convocação para o curso de formação (CFP) de candidatos dos concursos em andamento para agente e escrivão da Polícia Civil do Distrito Federal de 2019 e 2020. ,2023-02-01,1329,3,0,0,sim,sim,Apresentação,10291
REQ 803/2023,Deputado Chico Vigilante,Requer o encaminhamento de solicitação de Informações à Secretaria de Estado de Saúde do Distrito Federal.,2023-08-24,1125,3,0,0,sim,sim,Apresentação,15444
REQ 806/2023,Deputada Dayse Amarilio,Requer informações à Secretaria de Estado de Justiça e Cidadania - SEJUS acerca do cronograma de reformas das unidades do Pró-Vítima.,2023-08-29,1120,3,0,0,sim,sim,Apresentação,15497
REQ 807/2023,Deputada Dayse Amarilio,Requer informações à Secretaria de Estado da Mulher do Distrito Federal - SMDF acerca do cronograma de construção de novas unidades da Casa da Mulher Brasileira.,2023-08-29,1120,3,0,0,sim,sim,Apresentação,15490
REQ 808/2023,Deputada Dayse Amarilio,Requer informações à Secretaria de Estado da Mulher do Distrito Federal - SMDF acerca do quantitativo de mulheres que já participaram do projeto Empreende Mais Mulher.,2023-08-29,1120,3,0,0,sim,sim,Apresentação,15483
REQ 809/2023,Deputada Dayse Amarilio,Requer informações à Secretaria de Estado de Segurança Pública do Distrito Federal – SSP/DF acerca das ações em prol das vítimas de tentativa de feminicídio.,2023-08-29,1120,3,0,0,sim,sim,Apresentação,15513
REQ 812/2023,Deputada Paula Belmonte,"Requer informações à Administração do Jardim Botânico/DF - RA XXVII sobre os problemas de trânsito enfrentados pelos moradores que diariamente trafegam pela Avenida do Sol,  na forma que especifica. ",2023-08-29,1120,3,0,0,sim,sim,Apresentação,13950
REQ 813/2023,Deputada Paula Belmonte,"Requer informações, junto à Secretaria  de Estado de  Saúde do Distrito Federal, no que tange a terceirização dos laboratórios clínicos e de radiologia. ",2023-08-29,1120,3,0,0,sim,sim,Apresentação,15282
REQ 814/2023,Deputada Paula Belmonte,Requer informações à Secretária de Saúde do Distrito Federal acerca do Edital de licitação referente a construção de uma UBS na cidade de Arniqueira - RA XXXIII.,2023-08-29,1120,3,0,0,sim,sim,Apresentação,14178
REQ 82/2023,Deputado Fábio Felix,Solicita informações à Secretaria de Transporte e Mobilidade do Distrito Federal (SEMOB) sobre a execução de obras de acessibilidade em paradas de ônibus,2023-02-01,1329,3,0,0,sim,sim,Apresentação,10263
REQ 822/2023,Deputado Fábio Felix,"Requer informações à Secretaria de Estado de Segurança Pública sobre o direito de reunião e manifestação na Área de Segurança Especial - ASE, por ocasião da edição da Portaria nº 56, de 28 de março de 2023. ",2023-08-29,1120,3,0,0,sim,sim,Apresentação,12227
REQ 830/2023,Deputada Dayse Amarilio,Requer informações à Secretaria de Estado de Segurança Pública do Distrito Federal – SSP/DF acerca do efetivo de policiais militares que trabalham diretamente com vítimas de violência doméstica.,2023-08-31,1118,3,0,0,sim,sim,Apresentação,15615
REQ 831/2023,Deputada Dayse Amarilio,Requer informações à Secretaria de Estado de Justiça e Cidadania - SEJUS acerca do atendimento do Pró-Vítima no Distrito Federal.,2023-08-31,1118,3,0,0,sim,sim,Apresentação,15600
REQ 833/2023,Deputada Dayse Amarilio,Requer informações à Polícia Civil do Distrito Federal – PCDF acerca do Programa de Segurança Preventiva Viva Flor.,2023-09-05,1113,3,0,0,sim,sim,Apresentação,15625
REQ 834/2023,Deputado Joaquim Roriz Neto,"Requer informações à Secretária de Estado de Justiça e Cidadania a implementação da unidade de Serviço de Atendimento Imediato, Na Hora, na cidade de Samambaia.",2023-09-05,1113,3,0,0,sim,sim,Apresentação,15618
REQ 855/2023,Deputada Dayse Amarilio,Requer informações à Polícia Militar do Distrito Federal – PMDF acerca da manifestação de profissionais da Carreira de Assistência à Educação.,2023-09-14,1104,3,0,0,sim,sim,Apresentação,15990
REQ 856/2023,Deputada Dayse Amarilio,Requer informações à Secretaria de Estado de Saúde do Distrito Federal - SES acerca da implementação do piso nacional dos profissionais de enfermagem.,2023-09-14,1104,3,0,0,sim,sim,Apresentação,16001
REQ 858/2023,Deputado Fábio Felix,"Requer informações ao Corpo de Bombeiros Militar do Distrito Federal – CBMDF, informações e dados sobre as tentativas de autoextermínio na corporação nos anos de 2020 a 2020 e no ano de 2023, de janeiro a setembro.  ",2023-09-14,1104,3,0,0,sim,sim,Apresentação,15981
REQ 859/2023,Deputado Fábio Felix,Requer informações a respeito das convocações de aprovados para ingresso nos cargos de Magistério Superior do Distrito Federal da Universidade do Distrito Federal ,2023-09-14,1104,3,0,0,sim,sim,Apresentação,15986
REQ 860/2023,Comissão de Fiscalização Governança Transparência Controle,"Requer o convite à Diretora-Presidente do Instituto de Assistência à Saúde dos Servidores do Distrito Federal (INAS/DF), Senhora Ana Paula Cardoso da Silva, para prestar informações nesta Comissão, em audiência pública, sobre a gestão do INAS/DF.",2023-09-14,1104,3,0,0,nao,nao,Apresentação,15692
REQ 861/2023,Comissão de Fiscalização Governança Transparência Controle,"Requer o convite ao Secretário de Estado de Transporte e Mobilidade do Distrito Federal, Sr. Flávio Murilo Gonçalves Prates de Oliveira, para prestar informações, em audiência pública, sobre a Parceria Público-Privada da Rodoviária e da Galeria dos Estados.",2023-09-14,1104,3,0,0,nao,nao,Apresentação,15393
REQ 865/2023,Deputado Rogério Morro da Cruz,"Requer o encaminhamento de informações à Excelentíssima Senhora Secretária de Estado de Saúde do Distrito Federal, acerca da execução das emendas parlamentares que especifica, destinadas à suplementação do Programa de Descentralização Progressiva de Ações de Saúde (PDPAS).",2023-09-19,1099,3,0,0,sim,sim,Apresentação,16031
REQ 866/2023,Comissão de Transporte e Mobilidade Urbana,Requer à Secretaria de Estado de Transporte e Mobilidade do Distrito Federal informações acerca do alegado desvio de função de servidores da Carreira de Auditores Fiscais de Atividades Urbanas - Especialidade Transportes.,2023-09-19,1099,3,0,0,sim,sim,Apresentação,16076
REQ 87/2023,Deputada Dayse Amarilio,Requer informações à Secretaria de Estado da Mulher do Distrito Federal acerca do atendimento à mulher nos equipamentos públicos do Distrito Federal.,2023-02-02,1328,3,0,0,sim,sim,Apresentação,10388
REQ 872/2023,Deputado Fábio Felix,"Requer informações à Secretaria de Estado de Planejamento, Orçamento e Administração do Distrito Federal - SEPLAD acerca da nomeação dos aprovados no último concurso público de provimento de vagas e formação de cadastro reserva das carreiras da SEAGRI.",2023-09-19,1099,3,0,0,sim,sim,Apresentação,15934
REQ 877/2023,Deputada Dayse Amarilio,Requer informações ao Instituto de Gestão Estratégica de Saúde do Distrito Federal - IGESDF acerca da implementação do piso nacional dos profissionais de enfermagem.,2023-09-20,1098,3,0,0,sim,sim,Apresentação,16197
REQ 878/2023,Deputado Chico Vigilante,Requer o encaminhamento de solicitação de informações ao Departamento de Estradas de Rodagem do Distrito Federal - DER.,2023-09-20,1098,3,0,0,sim,sim,Apresentação,16205
REQ 882/2023,Deputada Dayse Amarilio,Requer informações à Secretaria de Estado de Desenvolvimento Social do Distrito Federal acerca das unidades dos CRAS e CREAS do Distrito Federal.,2023-09-26,1092,3,0,0,sim,sim,Apresentação,16264
REQ 888/2023,Deputada Dayse Amarilio,Requer informações ao Instituto de Assistência à Saúde dos Servidores do Distrito Federal acerca dos procedimentos de autorização para realização de cirurgias.,2023-09-26,1092,3,0,0,sim,sim,Apresentação,16279
REQ 896/2023,Deputado Max Maciel,Requer o encaminhamento de solicitação de informação à Secretaria de Estado de Educação sobre a Educação de Jovens e Adultos - EJA no Distrito Federal.,2023-09-27,1091,3,0,0,sim,sim,Apresentação,16348
REQ 908/2023,Deputada Dayse Amarilio,"Requer informações à Secretaria de Estado de Saúde do Distrito Federal - SES acerca da implementação do piso nacional dos profissionais de enfermagem, em razão da publicação da Portaria GM/MS nº 1.355, de 27 de setembro de 2023.",2023-10-03,1085,3,0,0,sim,sim,Apresentação,16457
REQ 909/2023,Deputado Max Maciel,Requer o encaminhamento de solicitação de informações à Secretaria de Estado de Segurança Pública sobre as Escolas de Gestão Compartilhada no Distrito Federal.,2023-10-03,1085,3,0,0,sim,sim,Apresentação,16378
REQ 91/2023,Deputado Pepa,"Requer o encaminhamento de pedido de informações à Secretária de Estado de Saúde do Distrito Federal, acerca da revisão de valores da Gratificação de GMOV, contidos na  Lei nº 318 de 23/09/1992, estabelecidos para RA de Arapoanga após a publicação da Lei nº 7.190, de 21 de dezembro de 2022, que cria a Região Administrativa de Arapoanga – RA XXXIV e dá outras providências.",2023-02-02,1328,6,0,0,sim,sim,Apresentação,10299
REQ 912/2023,Deputada Dayse Amarilio,Requer informações ao Instituto de Gestão Estratégica de Saúde (IGESDF) acerca da forma de cumprimento do piso nacional da Enfermagem.,2023-10-03,1085,3,0,0,sim,sim,Apresentação,16502
REQ 913/2023,Deputada Dayse Amarilio,Requer informações à Secretaria de Estado de Saúde do Distrito Federal acerca do tratamento de saúde da população Trans e Travesti.,2023-10-03,1085,3,0,0,sim,sim,Apresentação,16495
REQ 922/2023,Deputado Max Maciel,Requer o encaminhamento de solicitação de informação à SECRETARIA DE ESTADO DE ESTADO DE ESPORTE E LAZER (SELDF) sobre o investimento em esportes no Distrito Federal.,2023-10-04,1084,3,0,0,sim,sim,Apresentação,16388
REQ 923/2023,Deputado Max Maciel,"Requer o encaminhamento de solicitação de informação à Agência de Desenvolvimento do Distrito Federal (Terracap) sobre concessão pública com o Grupo BSB para a gestão, manutenção, modernização, operação e exploração da estrutura que compreende o Estádio Mané Garrincha, Ginásio Nilson Nelson, e Complexo Aquático Cláudio Coutinho no Distrito Federal.",2023-10-04,1084,3,0,0,sim,sim,Apresentação,16387
REQ 931/2023,Deputada Dayse Amarilio,"Requer informações à Secretaria de Estado de Saúde acerca da entrega de autoteste para parceiros, nos casos de profilaxia pré-exposição em razão de HIV.",2023-10-10,1078,3,0,0,sim,sim,Apresentação,16594
REQ 932/2023,Deputada Dayse Amarilio,Requer informações à Secretaria de Estado de Saúde do Distrito Federal acerca dos cargos da Secretaria de Estado de Saúde que especifica.,2023-10-10,1078,3,0,0,sim,sim,Apresentação,16623
REQ 933/2023,"Deputada Dayse Amarilio, Deputada Dayse Amarilio",Requer informações à Secretaria de Estado de Saúde do Distrito Federal - SES acerca do caso de ameaça ocorrido no Hospital Regional de Ceilândia - HRC no último dia 5 de outubro de 2023.,2023-10-10,1078,4,0,0,sim,sim,Apresentação,16630
REQ 935/2023,Comissão de Transporte e Mobilidade Urbana,Requer à Secretaria de Estado de Transporte e Mobilidade do Distrito Federal informações sobre a elevada variação no repasse financeiro para as empresas concessionárias do Sistema de Transporte Público e Coletivo do Distrito Federal.,2023-10-10,1078,3,0,0,sim,sim,Apresentação,16633
REQ 942/2023,Deputado Pastor Daniel de Castro,Requer informações ao Ministério da Saúde sobre a dança erótica que aconteceu durante o 1º Encontro de Mobilização da Promoção da Saúde no Brasil no dia 05 de outubro de 2023. ,2023-10-11,1077,2,0,0,nao,sim,Apresentação,16729
REQ 943/2023,Deputada Dayse Amarilio,Requer informações à Secretaria de Estado de Saúde do Distrito Federal acerca dos equipamentos dos hospitais de campanha.,2023-10-17,1071,3,0,0,sim,sim,Apresentação,16747
REQ 947/2023,Deputada Dayse Amarilio,Requer informações à Secretaria de Estado de Saúde do Distrito Federal - SES acerca dos equipamentos e serviços  de promoção da saúde das mulheres com deficiência.,2023-10-17,1071,3,0,0,sim,sim,Apresentação,16769
REQ 949/2023,Deputado Fábio Felix,Requer informações ao Instituto do Meio Ambiente e dos Recursos Hídricos do Distrito Federal - Brasília Ambiental (IBRAM) e ao Departamento de Estradas de Rodagem (DER) sobre a contaminação por mercúrio das áreas de preservação ambiental da Estação Ecológica Águas Emendadas e da Serrinha do Paranoá,2023-10-17,1071,3,0,0,sim,sim,Apresentação,16477
REQ 951/2023,Deputada Dayse Amarilio,Requer informações ao Conselho de Educação do Distrito Federal acerca da situação do processo de integração da Escola Superior de Ciências da Saúde (Escs) à UnDF e possíveis reflexos na situação dos graduandos nos cursos de enfermagem e medicina.,2023-10-17,1071,4,0,0,sim,sim,Apresentação,16814
REQ 952/2023,Deputada Dayse Amarilio,Requer informações à Secretaria de Estado de Saúde do Distrito Federal - SES acerca do quantitativo de viaturas do Serviço de Atendimento Móvel de Urgência (Samu) em funcionamento e eventuais problemas correlatos.,2023-10-17,1071,3,0,0,sim,sim,Apresentação,16817
REQ 953/2023,Deputada Dayse Amarilio,Requer informações à Universidade do Distrito Federal acerca da situação da emissão e registro dos diplomas pela UnDF dos concluintes das graduações em Enfermagem e Medicina em 2023 e da abertura do processo seletivo SISU/2024.,2023-10-17,1071,3,0,0,sim,sim,Apresentação,16815
REQ 958/2023,Deputado Fábio Felix,"Requer informações à Secretaria de Estado de Obras do Distrito Federal acerca da execução e conclusão do Contrato nº 0019/2021, que trata da duplicação da DF-140.",2023-10-18,1070,3,0,0,sim,sim,Apresentação,16315
REQ 959/2023,Deputado Fábio Felix,Requer informações à Secretaria de Segurança Pública a respeito do controle de munições e armamentos adquiridas para uso das forças de segurança,2023-10-18,1070,3,0,0,sim,sim,Apresentação,16832
REQ 960/2023,Deputado Fábio Felix,"Requer informações à Secretaria De Estado de Educação do Distrito Federal – SEE-DF, quanto a situação de  competente registro junto ao Ministério da Educação – MEC, e emissão de diploma de nível superior para os graduandos nos cursos de Enfermagem e Medicina no corrente ano, pela  Universidade do Distrito Federal – UnDF, que incorporou a Escola Superior de Ciência da Saúde – ESCS, de Brasília-DF. ",2023-10-18,1070,3,0,0,sim,sim,Apresentação,16834
REQ 961/2023,Deputado Fábio Felix,Requer à Secretaria de Estado de Desenvolvimento Urbano e Habitação informações sobre o projeto de reforma e modernização da Rodoviária de Brasília aprovado no Conselho de Planejamento Territorial e Urbano do Distrito Federal ,2023-10-18,1070,3,0,0,sim,sim,Apresentação,16844
REQ 962/2023,Deputado Fábio Felix,Requer informações ao Instituto do Meio Ambiente e dos Recursos Hídricos do Distrito Federal — Brasília Ambiental sobre os estudos de impacto ambiental do projeto de reforma e modernização da Rodoviária de Brasília ,2023-10-18,1070,3,0,0,sim,sim,Apresentação,16848
REQ 966/2023,Deputada Dayse Amarilio,Requer informações à Secretaria de Estado de Saúde do Distrito Federal - SES acerca dos vencimentos básicos de Agente Comunitário em Saúde - ACS e Agente de Vigilância Ambiental em Saúde - AVAS.,2023-10-24,1064,3,0,0,sim,sim,Apresentação,16912
REQ 972/2023,Deputado Pastor Daniel de Castro,"Requer informações à Secretaria de Educação sobre todas as medidas tomadas pela secretaria na apuração do caso de racismo e ameaça praticado no Centro de Ensino Médio 02 de Ceilândia, noticiado na mídia no dia 23/10/2023",2023-10-24,1064,3,0,0,sim,sim,Apresentação,17058
REQ 973/2023,Deputada Paula Belmonte,Requer informações do Instituto de Defesa do Consumidor do Distrito Federal - PROCON/DF.,2023-10-24,1064,3,0,0,sim,sim,Apresentação,16897
REQ 979/2023,Deputado Pastor Daniel de Castro,Requer informações à Secretaria de Estado de Saúde do Distrito Federal sobre a quantidade de dentistas na rede e número de atendimentos odontológicos em 2023. ,2023-10-26,1062,3,0,0,sim,sim,Apresentação,17194
REQ 980/2023,Deputado Pastor Daniel de Castro,Requer informações à Secretaria de Estado de Saúde do Distrito Federal sobre a quantidade de unidades móveis de odontologia e calendário de atendimento. ,2023-10-26,1062,3,0,0,sim,sim,Apresentação,17193
REQ 981/2023,Deputado Pastor Daniel de Castro,Requer informações à Secretaria de Estado de Transporte e Mobilidade do Distrito Federal sobre apreensão de veículos piratas. ,2023-10-26,1062,3,0,0,sim,sim,Apresentação,17191
REQ 982/2023,Deputado Pastor Daniel de Castro,Requer informações à Secretaria de Educação sobre o custo energético das escolas públicas no Distrito Federal.,2023-10-26,1062,3,0,0,sim,sim,Apresentação,17190
REQ 986/2023,Deputado Joaquim Roriz Neto,"Requer informações à Agência de Desenvolvimento do Distrito Federal - TERRACAP sobre o processo de locação da Unidade de Serviço de Atendimento Imediato - Na Hora, na Região Administrativa de Samambaia - RA XII.",2023-10-26,1062,3,0,0,sim,sim,Apresentação,17195
REQ 987/2023,Deputada Dayse Amarilio,Requer informações à Secretaria de Estado da Casa Civil do Distrito Federal - CACI acerca da regulamentação da Lei nº 6.779/21.,2023-10-31,1057,3,0,0,sim,sim,Apresentação,17218
REQ 988/2023,Deputado Pastor Daniel de Castro,Requer informações à Agência de Desenvolvimento do Distrito Federal (Terracap) sobre quanto foi gasto em obras de urbanização em 2023 em cada Região Administrativa do Distrito Federal com recurso da Terracap.,2023-10-31,1057,3,0,0,sim,sim,Apresentação,17208
REQ 989/2023,Deputado Pastor Daniel de Castro,Requer informações à Secretaria de Estado de Saúde do Distrito Federal sobre o valor pago à NEOENERGIA em cada unidade de saúde de janeiro a outubro de 2023. ,2023-10-31,1057,3,0,0,sim,sim,Apresentação,17207
REQ 990/2023,Deputado Pastor Daniel de Castro,Requer informações à Secretaria de Estado de Saúde do Distrito Federal sobre quais as unidades de saúde tanto da Secretaria de Saúde quanto do IGES são atendidos por sistema fotovoltaico. ,2023-10-31,1057,3,0,0,sim,sim,Apresentação,17206
REQ 991/2023,Deputado Pastor Daniel de Castro,"Requer informações à Secretaria de Estado de Saúde do Distrito Federal sobre quantas cirurgias foram realizadas de janeiro a setembro de 2023, separadas por especialidade.  ",2023-10-31,1057,3,0,0,sim,sim,Apresentação,17205
REQ 992/2023,Deputado Pastor Daniel de Castro,"Requer informações à Secretaria de Estado de Educação sobre quantos alunos estão matriculados no Distrito Federal, separados por escola e regional. ",2023-10-31,1057,3,0,0,sim,sim,Apresentação,17204
REQ 993/2023,Deputado Pastor Daniel de Castro,Requer informações à Secretaria de Estado de Educação sobre quais escolas do Distrito Federal possuem sistema de energia fotovoltaica. ,2023-10-31,1057,3,0,0,sim,sim,Apresentação,17203
REQ 994/2023,Deputado Pastor Daniel de Castro,Requer informações à Secretaria de Estado de Educação sobre quantas unidades educacionais tem em cada regional de ensino e quanto foi repassado de recurso desta Secretaria para cada uma delas. ,2023-10-31,1057,3,0,0,sim,sim,Apresentação,17202
REQ 996/2023,Comissão de Transporte e Mobilidade Urbana,"Requer à Secretaria de Estado de Governo do Distrito Federal o calendário de projetos, bem como informações sobre obras viárias que estão sendo executadas ou cuja execução será iniciada ainda este ano, e cuja concretização seja capaz de interferir na fluidez da mobilidade urbana, em qualquer modalidade, no território deste ente da Federação.",2023-10-31,1057,3,0,0,sim,sim,Apresentação,17032
